# https://github.com/mikedh/trimesh
mtllib material.mtl

o cottage
usemtl cottage
v 2.38215160 3.04381108 2.75306511
v 2.38215160 3.04381108 2.75306511
v 2.38215160 0.81865507 2.75306511
v 2.38215160 0.81865507 2.75306511
v 2.38215160 0.81865507 2.75306511
v 2.38215160 0.81865507 2.75306511
v 0.28531331 7.73113585 2.75306511
v 2.53298616 3.04381108 2.75306511
v 1.05320334 5.87540150 2.75306511
v 1.05320334 5.87540150 2.75306511
v -2.36185551 3.04381108 2.75306511
v -2.36185551 3.04381108 2.75306511
v -2.36185551 0.81865507 2.75306511
v -2.36185551 0.81865507 2.75306511
v -2.36185551 0.81865507 2.75306511
v -2.36185551 0.81865507 2.75306511
v 0.01014805 7.73113585 2.75306511
v 0.01014805 7.73113585 2.75306511
v -0.26501703 7.73113585 2.75306511
v -2.51268959 3.04381108 2.75306511
v 0.01014805 3.04381108 2.75306511
v -1.03290713 5.87540150 2.75306511
v 0.01014805 5.87540150 2.75306511
v 0.01014805 5.87540150 2.75306511
v 2.38215160 3.04381108 -2.70862460
v 2.38215160 3.04381108 -2.70862460
v 2.38215160 3.04381108 0.02222039
v 2.38215160 3.04381108 0.02222039
v 0.28531331 7.73113585 -2.70862460
v 2.53298616 3.04381108 -2.70862460
v 1.05320334 5.87540150 -2.70862460
v 1.05320334 5.87540150 -2.70862460
v -2.36185551 3.04381108 -2.70862460
v -2.36185551 3.04381108 -2.70862460
v -2.36185551 0.81865507 -2.70862460
v -2.36185551 0.81865507 -2.70862460
v -2.36185551 0.81865507 -2.70862460
v -2.36185551 0.81865507 -2.70862460
v 0.01014805 7.73113585 -2.70862460
v 0.01014805 7.73113585 -2.70862460
v -0.26501703 7.73113585 -2.70862460
v -2.51268959 3.04381108 -2.70862460
v 0.01014805 3.04381108 -2.70862460
v -1.03290713 5.87540150 -2.70862460
v 0.01014805 5.87540150 -2.70862460
v 0.01014805 5.87540150 -2.70862460
v 3.42050982 3.08558869 0.95639569
v 3.42050982 3.08558869 0.95639569
v 2.27483535 3.08558869 0.95639569
v 3.42050982 0.81865507 0.95639569
v 3.42050982 0.81865507 0.95639569
v 3.42050982 0.81865507 0.95639569
v 3.42050982 0.81865507 0.95639569
v 2.27483535 0.81865507 0.95639569
v 2.27483535 0.81865507 0.95639569
v 3.42050982 3.08558869 1.10190713
v 3.42050982 4.80141973 0.29884684
v 3.42050982 3.08558869 -0.91195494
v 3.42050982 3.08558869 -0.91195494
v 3.42050982 3.08558869 0.02222039
v 2.27483535 3.08558869 -0.91195494
v 3.42050982 0.81865507 -0.91195494
v 3.42050982 0.81865507 -0.91195494
v 3.42050982 0.81865507 -0.91195494
v 3.42050982 0.81865507 -0.91195494
v 3.42050982 3.08558869 -1.05746639
v 3.42050982 4.80141973 -0.25440603
v 3.42050982 4.80141973 0.02222039
v 3.50060320 0.75266469 0.40861672
v 3.50060320 0.75266469 0.40861672
v 3.50060320 0.75266469 0.40861672
v 3.54756212 0.97166789 0.40861672
v 3.54756212 0.97166789 0.40861672
v 3.54756212 0.97166789 0.40861672
v 3.54756212 0.97166789 0.40861672
v 3.50060320 0.75266469 0.34400755
v 3.50060320 0.75266469 0.34400755
v 3.50060320 0.75266469 0.34400755
v 3.39859867 1.03907728 0.40861672
v 3.39859867 1.03907728 0.40861672
v 3.55892086 0.73960733 0.40861672
v 3.55892086 0.73960733 0.40861672
v 3.55892086 0.73960733 0.40861672
v 3.55384159 1.01806700 0.40861672
v 3.55384159 1.01806700 0.40861672
v 3.55384159 1.01806700 0.40861672
v 3.55384159 1.01806700 0.40861672
v 3.55892086 0.73960733 0.34400755
v 3.55892086 0.73960733 0.34400755
v 3.55892086 0.73960733 0.34400755
v 3.55384159 1.01806700 0.34400755
v 3.55384159 1.01806700 0.34400755
v 3.55384159 1.01806700 0.34400755
v 3.55384159 1.01806700 0.34400755
v 3.56625462 0.85757172 0.40861672
v 3.56625462 0.85757172 0.40861672
v 3.56625462 0.85757172 0.40861672
v 3.56625462 0.85757172 0.34400755
v 3.56625462 0.85757172 0.34400755
v 3.56625462 0.85757172 0.34400755
v 3.62218666 0.84826428 0.34400755
v 3.62218666 0.84826428 0.34400755
v 3.62218666 0.84826428 0.34400755
v 3.62218666 0.84826428 0.40861672
v 3.62218666 0.84826428 0.40861672
v 3.62218666 0.84826428 0.40861672
v 3.57323599 0.91816926 0.40861672
v 3.57323599 0.91816926 0.40861672
v 3.57323599 0.91816926 0.40861672
v 3.39859867 1.03907728 0.34400755
v 3.39859867 1.03907728 0.34400755
v 3.54756212 0.97166789 0.34400755
v 3.54756212 0.97166789 0.34400755
v 3.54756212 0.97166789 0.34400755
v 3.54756212 0.97166789 0.34400755
v 3.57323599 0.91816902 0.34400755
v 3.57323599 0.91816902 0.34400755
v 3.57323599 0.91816902 0.34400755
v 3.60191679 0.98349953 0.34400755
v 3.60191679 0.98349953 0.34400755
v 3.60191679 0.98349953 0.34400755
v 3.63114071 0.91919428 0.34400755
v 3.63114071 0.91919428 0.34400755
v 3.63114071 0.91919428 0.34400755
v 3.60191679 0.98349953 0.40861672
v 3.60191679 0.98349953 0.40861672
v 3.60191679 0.98349953 0.40861672
v 3.63114071 0.91919428 0.40861672
v 3.63114071 0.91919428 0.40861672
v 3.63114071 0.91919428 0.40861672
v 3.39231920 0.99267852 0.40861672
v 3.39231920 0.99267852 0.40861672
v 3.39231920 0.99267852 0.34400755
v 3.39231920 0.99267852 0.34400755
v 3.51729250 0.68791378 0.40861672
v 3.51729250 0.68791378 0.40861672
v 3.51729250 0.68791378 0.40861672
v 3.51729250 0.68791378 0.34400755
v 3.51729250 0.68791378 0.34400755
v 3.51729250 0.68791378 0.34400755
v 3.56733847 0.70800191 0.40861672
v 3.56733847 0.70800191 0.40861672
v 3.56733847 0.70800191 0.40861672
v 3.56733847 0.70800191 0.34400755
v 3.56733847 0.70800191 0.34400755
v 3.56733847 0.70800191 0.34400755
v 3.57970572 0.64115793 0.40861672
v 3.57970572 0.64115793 0.40861672
v 3.57970572 0.64115793 0.40861672
v 3.57970572 0.64115793 0.34400755
v 3.57970572 0.64115793 0.34400755
v 3.57970572 0.64115793 0.34400755
v 3.60865402 0.68580174 0.40861672
v 3.60865402 0.68580174 0.40861672
v 3.60865402 0.68580174 0.40861672
v 3.60865402 0.68580174 0.34400755
v 3.60865402 0.68580174 0.34400755
v 3.60865402 0.68580174 0.34400755
v -2.43770885 0.57912898 -0.38022804
v -2.43770885 0.57912898 -0.38022804
v -2.43770885 0.57912898 -0.38022804
v -2.48466778 0.79813254 -0.38022804
v -2.48466778 0.79813254 -0.38022804
v -2.48466778 0.79813254 -0.38022804
v -2.43770885 0.57912898 -0.31561875
v -2.43770885 0.57912898 -0.31561875
v -2.43770885 0.57912898 -0.31561875
v -2.43770885 0.57912898 -0.31561875
v -2.33570433 0.86554217 -0.38022804
v -2.33570433 0.86554217 -0.38022804
v -2.49602652 0.56607199 -0.38022804
v -2.49602652 0.56607199 -0.38022804
v -2.49602652 0.56607199 -0.38022804
v -2.49094725 0.84453130 -0.38022804
v -2.49094725 0.84453130 -0.38022804
v -2.49094725 0.84453130 -0.38022804
v -2.49602652 0.56607199 -0.31561875
v -2.49602652 0.56607199 -0.31561875
v -2.49602652 0.56607199 -0.31561875
v -2.49602652 0.56607199 -0.31561875
v -2.49094725 0.84453130 -0.31561875
v -2.49094725 0.84453130 -0.31561875
v -2.49094725 0.84453130 -0.31561875
v -2.49094725 0.84453130 -0.31561875
v -2.50336027 0.68403661 -0.38022804
v -2.50336027 0.68403661 -0.38022804
v -2.50336027 0.68403661 -0.38022804
v -2.50336027 0.68403661 -0.31561875
v -2.50336027 0.68403661 -0.31561875
v -2.50336027 0.68403661 -0.31561875
v -2.50336027 0.68403661 -0.31561875
v -2.55929279 0.67472887 -0.31561875
v -2.55929279 0.67472887 -0.31561875
v -2.55929279 0.67472887 -0.31561875
v -2.55929279 0.67472887 -0.31561875
v -2.55929279 0.67472887 -0.38022804
v -2.55929279 0.67472887 -0.38022804
v -2.55929279 0.67472887 -0.38022804
v -2.51034117 0.74463421 -0.38022804
v -2.51034117 0.74463421 -0.38022804
v -2.51034117 0.74463421 -0.38022804
v -2.33570433 0.86554217 -0.31561875
v -2.33570433 0.86554217 -0.31561875
v -2.48466778 0.79813254 -0.31561881
v -2.48466778 0.79813254 -0.31561881
v -2.48466778 0.79813254 -0.31561881
v -2.48466778 0.79813254 -0.31561881
v -2.48466778 0.79813254 -0.31561881
v -2.51034117 0.74463391 -0.31561875
v -2.51034117 0.74463391 -0.31561875
v -2.51034117 0.74463391 -0.31561875
v -2.51034117 0.74463391 -0.31561875
v -2.53902292 0.80996382 -0.31561875
v -2.53902292 0.80996382 -0.31561875
v -2.53902292 0.80996382 -0.31561875
v -2.53902292 0.80996382 -0.31561875
v -2.56824636 0.74565864 -0.31561881
v -2.56824636 0.74565864 -0.31561881
v -2.56824636 0.74565864 -0.31561881
v -2.56824636 0.74565864 -0.31561881
v -2.53902292 0.80996382 -0.38022804
v -2.53902292 0.80996382 -0.38022804
v -2.53902292 0.80996382 -0.38022804
v -2.56824636 0.74565864 -0.38022804
v -2.56824636 0.74565864 -0.38022804
v -2.56824636 0.74565864 -0.38022804
v -2.32942486 0.81914282 -0.38022804
v -2.32942486 0.81914282 -0.38022804
v -2.32942486 0.81914282 -0.31561875
v -2.32942486 0.81914282 -0.31561875
v -2.45439768 0.51437867 -0.38022804
v -2.45439768 0.51437867 -0.38022804
v -2.45439768 0.51437867 -0.38022804
v -2.45439768 0.51437867 -0.31561881
v -2.45439768 0.51437867 -0.31561881
v -2.45439768 0.51437867 -0.31561881
v -2.45439768 0.51437867 -0.31561881
v -2.50444412 0.53446651 -0.38022804
v -2.50444412 0.53446651 -0.38022804
v -2.50444412 0.53446651 -0.38022804
v -2.50444412 0.53446651 -0.31561875
v -2.50444412 0.53446651 -0.31561875
v -2.50444412 0.53446651 -0.31561875
v -2.50444412 0.53446651 -0.31561875
v -2.51681137 0.46762282 -0.38022804
v -2.51681137 0.46762282 -0.38022804
v -2.51681137 0.46762282 -0.38022804
v -2.51681137 0.46762282 -0.31561875
v -2.51681137 0.46762282 -0.31561875
v -2.51681137 0.46762282 -0.31561875
v -2.54576015 0.51226634 -0.38022804
v -2.54576015 0.51226634 -0.38022804
v -2.54576015 0.51226634 -0.38022804
v -2.54576015 0.51226634 -0.31561875
v -2.54576015 0.51226634 -0.31561875
v -2.54576015 0.51226634 -0.31561875
v -2.69127846 0.92689472 1.17721021
v -2.69127846 0.92689472 1.17721021
v -2.69127846 0.92689472 2.02550316
v -2.69127846 0.92689472 2.02550316
v -2.49428225 0.92689472 1.17721021
v -2.49428225 0.92689472 1.17721021
v -2.49428272 0.92689472 2.02550316
v -2.49428272 0.92689472 2.02550316
v -2.49428225 1.04179490 1.17721021
v -2.49428225 1.04179490 1.17721021
v -2.49428225 1.04179490 1.17721021
v -2.49428272 1.04179490 2.02550316
v -2.49428272 1.04179490 2.02550316
v -2.49428272 1.04179490 2.02550316
v -2.69127846 1.04179490 2.02550316
v -2.69127846 1.04179490 2.02550316
v -2.69127846 1.04179490 2.02550316
v -2.69127846 1.04179490 1.17721021
v -2.69127846 1.04179490 1.17721021
v -2.69127846 1.04179490 1.17721021
v -2.69127846 0.92689472 -1.98031735
v -2.69127846 0.92689472 -1.98031735
v -2.69127846 0.92689472 -1.13202453
v -2.69127846 0.92689472 -1.13202453
v -2.49428225 0.92689472 -1.98031735
v -2.49428225 0.92689472 -1.98031735
v -2.49428225 0.92689472 -1.13202453
v -2.49428225 0.92689472 -1.13202453
v -2.49428225 1.04179490 -1.98031735
v -2.49428225 1.04179490 -1.98031735
v -2.49428225 1.04179490 -1.98031735
v -2.49428225 1.04179490 -1.13202453
v -2.49428225 1.04179490 -1.13202453
v -2.49428225 1.04179490 -1.13202453
v -2.69127846 1.04179490 -1.13202453
v -2.69127846 1.04179490 -1.13202453
v -2.69127846 1.04179490 -1.13202453
v -2.69127846 1.04179490 -1.98031735
v -2.69127846 1.04179490 -1.98031735
v -2.69127846 1.04179490 -1.98031735
v 2.70283794 0.92689472 2.25546527
v 2.70283794 0.92689472 2.25546527
v 2.70283794 0.92689472 1.40717220
v 2.70283794 0.92689472 1.40717220
v 2.50584221 0.92689472 2.25546527
v 2.50584221 0.92689472 2.25546527
v 2.50584221 0.92689472 1.40717220
v 2.50584221 0.92689472 1.40717220
v 2.50584221 1.04179490 2.25546527
v 2.50584221 1.04179490 2.25546527
v 2.50584221 1.04179490 2.25546527
v 2.50584221 1.04179490 1.40717220
v 2.50584221 1.04179490 1.40717220
v 2.50584221 1.04179490 1.40717220
v 2.70283794 1.04179490 1.40717220
v 2.70283794 1.04179490 1.40717220
v 2.70283794 1.04179490 1.40717220
v 2.70283794 1.04179490 2.25546527
v 2.70283794 1.04179490 2.25546527
v 2.70283794 1.04179490 2.25546527
v 2.70283794 0.92689472 -1.36176312
v 2.70283794 0.92689472 -1.36176312
v 2.70283794 0.92689472 -2.21005630
v 2.70283794 0.92689472 -2.21005630
v 2.50584221 0.92689472 -1.36176312
v 2.50584221 0.92689472 -1.36176312
v 2.50584221 0.92689472 -2.21005630
v 2.50584221 0.92689472 -2.21005630
v 2.50584221 1.04179490 -1.36176312
v 2.50584221 1.04179490 -1.36176312
v 2.50584221 1.04179490 -1.36176312
v 2.50584221 1.04179490 -2.21005630
v 2.50584221 1.04179490 -2.21005630
v 2.50584221 1.04179490 -2.21005630
v 2.70283794 1.04179490 -2.21005630
v 2.70283794 1.04179490 -2.21005630
v 2.70283794 1.04179490 -2.21005630
v 2.70283794 1.04179490 -1.36176312
v 2.70283794 1.04179490 -1.36176312
v 2.70283794 1.04179490 -1.36176312
v 2.92860579 3.05869937 3.03550243
v 2.92860579 3.05869937 3.03550243
v 2.92860579 3.05869937 3.03550243
v 0.38238949 7.87162781 3.03550315
v 0.38238949 7.87162781 3.03550315
v 0.38238949 7.87162781 3.03550315
v 0.89304370 6.85666704 3.03550315
v 0.89304370 6.85666704 3.03550315
v 0.89304370 6.85666704 3.03550315
v 1.36894464 5.79003763 3.03550243
v 1.36894464 5.79003763 3.03550243
v 1.36894464 5.79003763 3.03550243
v 1.36894464 5.79003763 3.03550243
v 1.90383053 4.71745539 3.03550243
v 1.90383053 4.71745539 3.03550243
v 1.90383053 4.71745539 3.03550243
v 2.59203482 3.59390068 3.03550243
v 2.59203482 3.59390068 3.03550243
v 2.59203482 3.59390068 3.03550243
v 2.26951885 4.13783646 3.03550243
v 2.26951885 4.13783646 3.03550243
v 2.26951885 4.13783646 3.03550243
v 2.26951885 4.13783646 3.03550243
v 1.63638759 5.25374651 3.03550243
v 1.63638759 5.25374651 3.03550243
v 1.63638759 5.25374651 3.03550243
v 1.63638759 5.25374651 3.03550243
v 1.14878869 6.29568434 3.03550315
v 1.14878869 6.29568434 3.03550315
v 1.14878869 6.29568434 3.03550315
v 1.14878869 6.29568434 3.03550315
v 0.72217023 7.35445690 3.03550315
v 0.72217023 7.35445690 3.03550315
v 0.72217023 7.35445690 3.03550315
v 0.72217023 7.35445690 3.03550315
v 2.52276254 3.42805123 3.03550243
v 2.52276254 3.42805123 3.03550243
v 2.52276254 3.42805123 3.03550243
v 2.19211602 3.97847819 3.03550243
v 2.19211602 3.97847819 3.03550243
v 2.19211602 3.97847819 3.03550243
v 1.83945346 4.53615236 3.03550243
v 1.83945346 4.53615236 3.03550243
v 1.83945346 4.53615236 3.03550243
v 1.83945346 4.53615236 3.03550243
v 1.56595409 5.07190514 3.03550243
v 1.56595409 5.07190514 3.03550243
v 1.56595409 5.07190514 3.03550243
v 1.56595409 5.07190514 3.03550243
v 1.29556680 5.61410046 3.03550243
v 1.29556680 5.61410046 3.03550243
v 1.29556680 5.61410046 3.03550243
v 1.06839621 6.12694693 3.03550315
v 1.06839621 6.12694693 3.03550315
v 1.06839621 6.12694693 3.03550315
v 1.06839621 6.12694693 3.03550315
v 0.81881750 6.67376614 3.03550315
v 0.81881750 6.67376614 3.03550315
v 0.81881750 6.67376614 3.03550315
v 0.81881750 6.67376614 3.03550315
v 0.64624918 7.16473341 3.03550315
v 0.64624918 7.16473341 3.03550315
v 0.64624918 7.16473341 3.03550315
v 0.64624918 7.16473341 3.03550315
v 2.63299441 2.63532305 3.03550243
v 2.63299441 2.63532305 3.03550243
v 2.63299441 2.63532305 3.03550243
v 0.87370938 5.47065449 3.03550243
v 0.87370938 5.47065449 3.03550243
v 0.87370938 5.47065449 3.03550243
v 0.87370938 5.47065449 3.03550243
v 0.87370938 5.47065449 3.03550243
v 0.00544488 7.28250217 3.03550315
v 0.00544488 7.28250217 3.03550315
v 0.00544488 7.28250217 3.03550315
v 2.04815960 3.39233136 3.03550243
v 2.04815960 3.39233136 3.03550243
v 2.04815960 3.39233136 3.03550243
v 1.48695576 4.30179214 3.03550243
v 1.48695576 4.30179214 3.03550243
v 1.48695576 4.30179214 3.03550243
v 1.48695576 4.30179214 3.03550243
v 0.45866513 6.38316441 3.03550315
v 0.45866513 6.38316441 3.03550315
v 0.45866513 6.38316441 3.03550315
v 0.45866513 6.38316441 3.03550315
v 0.45866513 6.38316441 3.03550315
v 0.10677940 7.25650644 3.03550315
v 0.10677940 7.25650644 3.03550315
v 0.10677940 7.25650644 3.03550315
v 0.10677940 7.25650644 3.03550315
v 2.92860579 3.05869937 -2.99106121
v 2.92860579 3.05869937 -2.99106121
v 2.92860579 3.05869937 -2.99106121
v 0.38238949 7.87162781 -2.99106193
v 0.38238949 7.87162781 -2.99106193
v 0.38238949 7.87162781 -2.99106193
v 0.92863292 6.80133200 -2.99106193
v 0.92863292 6.80133200 -2.99106193
v 0.92863292 6.80133200 -2.99106193
v 1.36894464 5.79003763 -2.99106193
v 1.36894464 5.79003763 -2.99106193
v 1.36894464 5.79003763 -2.99106193
v 1.90383053 4.71745539 -2.99106121
v 1.90383053 4.71745539 -2.99106121
v 1.90383053 4.71745539 -2.99106121
v 1.90383053 4.71745539 -2.99106121
v 2.55939102 3.62536454 -2.99106121
v 2.55939102 3.62536454 -2.99106121
v 2.55939102 3.62536454 -2.99106121
v 2.92860579 3.05869937 1.16182339
v 2.92860579 3.05869937 1.16182339
v 2.92860579 3.05869937 1.16182339
v 2.92860579 3.05869937 1.16182339
v 0.38238949 7.87162781 1.16182351
v 0.38238949 7.87162781 1.16182351
v 0.38238949 7.87162781 1.16182351
v 0.38238949 7.87162781 1.16182351
v 1.90383053 4.71745539 1.16182339
v 1.90383053 4.71745539 1.16182339
v 1.90383053 4.71745539 1.16182339
v 1.90383053 4.71745539 1.16182339
v 1.36894464 5.79003763 1.16182339
v 1.36894464 5.79003763 1.16182339
v 1.36894464 5.79003763 1.16182339
v 1.36894464 5.79003763 1.16182339
v 0.92863286 6.80133200 1.16182351
v 0.92863286 6.80133200 1.16182351
v 0.92863286 6.80133200 1.16182351
v 0.92863286 6.80133200 1.16182351
v 2.55939102 3.62536454 1.16182339
v 2.55939102 3.62536454 1.16182339
v 2.55939102 3.62536454 1.16182339
v 2.55939102 3.62536454 1.16182339
v 2.26203918 4.14606285 1.16182339
v 2.26203918 4.14606285 1.16182339
v 2.26203918 4.14606285 1.16182339
v 2.26203918 4.14606285 1.16182339
v 2.24948049 4.15921068 -2.99106121
v 2.24948049 4.15921068 -2.99106121
v 2.24948049 4.15921068 -2.99106121
v 2.24948049 4.15921068 -2.99106121
v 1.60149240 5.29567862 1.16182339
v 1.60149240 5.29567862 1.16182339
v 1.60149240 5.29567862 1.16182339
v 1.60149240 5.29567862 1.16182339
v 1.63638759 5.25374651 -2.99106121
v 1.63638759 5.25374651 -2.99106121
v 1.63638759 5.25374651 -2.99106121
v 1.63638759 5.25374651 -2.99106121
v 1.17079222 6.26604652 1.16182351
v 1.17079222 6.26604652 1.16182351
v 1.17079222 6.26604652 1.16182351
v 1.17079222 6.26604652 1.16182351
v 1.14878869 6.29568434 -2.99106193
v 1.14878869 6.29568434 -2.99106193
v 1.14878869 6.29568434 -2.99106193
v 1.14878869 6.29568434 -2.99106193
v 0.74093473 7.32221317 1.16182351
v 0.74093473 7.32221317 1.16182351
v 0.74093473 7.32221317 1.16182351
v 0.74093473 7.32221317 1.16182351
v 0.72217023 7.35445690 -2.99106193
v 0.72217023 7.35445690 -2.99106193
v 0.72217023 7.35445690 -2.99106193
v 2.49011874 3.45951557 1.16182339
v 2.49011874 3.45951557 1.16182339
v 2.49011874 3.45951557 1.16182339
v 2.49011874 3.45951557 1.16182339
v 2.49011874 3.45951509 -2.99106121
v 2.49011874 3.45951509 -2.99106121
v 2.49011874 3.45951509 -2.99106121
v 2.17207766 3.99985266 -2.99106121
v 2.17207766 3.99985266 -2.99106121
v 2.17207766 3.99985266 -2.99106121
v 2.18463659 3.98670506 1.16182339
v 2.18463659 3.98670506 1.16182339
v 2.18463659 3.98670506 1.16182339
v 2.18463659 3.98670506 1.16182339
v 1.83945346 4.53615284 1.16182339
v 1.83945346 4.53615284 1.16182339
v 1.83945346 4.53615284 1.16182339
v 1.83945346 4.53615284 1.16182339
v 1.83945346 4.53615236 -2.99106121
v 1.83945346 4.53615236 -2.99106121
v 1.83945346 4.53615236 -2.99106121
v 1.83945346 4.53615236 -2.99106121
v 1.56595409 5.07190514 -2.99106121
v 1.56595409 5.07190514 -2.99106121
v 1.56595409 5.07190514 -2.99106121
v 1.56595409 5.07190514 -2.99106121
v 1.53105891 5.11383724 1.16182339
v 1.53105891 5.11383724 1.16182339
v 1.53105891 5.11383724 1.16182339
v 1.53105891 5.11383724 1.16182339
v 1.29556680 5.61410046 1.16182339
v 1.29556680 5.61410046 1.16182339
v 1.29556680 5.61410046 1.16182339
v 1.29556680 5.61410046 1.16182339
v 1.29556680 5.61410046 -2.99106193
v 1.29556680 5.61410046 -2.99106193
v 1.29556680 5.61410046 -2.99106193
v 1.29556680 5.61410046 -2.99106193
v 1.06839621 6.12694693 -2.99106193
v 1.06839621 6.12694693 -2.99106193
v 1.06839621 6.12694693 -2.99106193
v 1.06839621 6.12694693 -2.99106193
v 1.09039962 6.09730864 1.16182351
v 1.09039962 6.09730864 1.16182351
v 1.09039962 6.09730864 1.16182351
v 1.09039962 6.09730864 1.16182351
v 0.85440660 6.61843157 1.16182351
v 0.85440660 6.61843157 1.16182351
v 0.85440660 6.61843157 1.16182351
v 0.85440660 6.61843157 1.16182351
v 0.85440671 6.61843157 -2.99106193
v 0.85440671 6.61843157 -2.99106193
v 0.85440671 6.61843157 -2.99106193
v 0.64624918 7.16473341 -2.99106193
v 0.64624918 7.16473341 -2.99106193
v 0.64624918 7.16473341 -2.99106193
v 0.66501355 7.13249016 1.16182351
v 0.66501355 7.13249016 1.16182351
v 0.66501355 7.13249016 1.16182351
v 0.66501355 7.13249016 1.16182351
v 2.71404910 2.65858865 -2.99106121
v 2.71404910 2.65858865 -2.99106121
v 2.71404910 2.65858865 -2.99106121
v 0.95476425 5.49392080 -2.99106193
v 0.95476425 5.49392080 -2.99106193
v 0.95476425 5.49392080 -2.99106193
v 0.95476425 5.49392080 -2.99106193
v 0.95476425 5.49392080 -2.99106193
v 0.95476425 5.49392080 -2.99106193
v 0.00544488 7.28250217 -2.99106193
v 0.00544488 7.28250217 -2.99106193
v 0.00544488 7.28250217 -2.99106193
v 2.63299441 2.63532305 1.16182339
v 2.63299441 2.63532305 1.16182339
v 2.63299441 2.63532305 1.16182339
v 2.63299441 2.63532305 1.16182339
v 0.10677940 7.25650644 1.16182351
v 0.10677940 7.25650644 1.16182351
v 0.10677940 7.25650644 1.16182351
v 0.10677940 7.25650644 1.16182351
v 0.87370938 5.47065449 1.16182339
v 0.87370938 5.47065449 1.16182339
v 0.87370938 5.47065449 1.16182339
v 0.87370938 5.47065449 1.16182339
v 0.45866507 6.38316441 1.16182351
v 0.45866507 6.38316441 1.16182351
v 0.45866507 6.38316441 1.16182351
v 0.45866507 6.38316441 1.16182351
v 0.00544488 7.28250217 1.16182351
v 0.00544488 7.28250217 1.16182351
v 0.00544488 7.28250217 1.16182351
v 0.00544488 7.28250217 1.16182351
v 2.12921429 3.41559720 -2.99106121
v 2.12921429 3.41559720 -2.99106121
v 2.12921429 3.41559720 -2.99106121
v 1.48695564 4.30179262 1.16182339
v 1.48695564 4.30179262 1.16182339
v 1.48695564 4.30179262 1.16182339
v 1.48695564 4.30179262 1.16182339
v 1.56801045 4.32505798 -2.99106121
v 1.56801045 4.32505798 -2.99106121
v 1.56801045 4.32505798 -2.99106121
v 1.56801045 4.32505798 -2.99106121
v 1.56801045 4.32505798 -2.99106121
v 0.53971994 6.40643024 -2.99106193
v 0.53971994 6.40643024 -2.99106193
v 0.53971994 6.40643024 -2.99106193
v 0.53971994 6.40643024 -2.99106193
v 2.04815960 3.39233160 1.16182339
v 2.04815960 3.39233160 1.16182339
v 2.04815960 3.39233160 1.16182339
v 2.04815960 3.39233160 1.16182339
v 0.18783426 7.27977228 -2.99106193
v 0.18783426 7.27977228 -2.99106193
v 0.18783426 7.27977228 -2.99106193
v 2.92860579 3.05869937 -0.55859524
v 2.92860579 3.05869937 -0.55859524
v 2.92860579 3.05869937 -0.55859524
v 2.92860579 3.05869937 -0.55859524
v 0.38238949 7.87162781 -0.55859530
v 0.38238949 7.87162781 -0.55859530
v 0.38238949 7.87162781 -0.55859530
v 0.38238949 7.87162781 -0.55859530
v 0.92863286 6.80133200 -0.55859530
v 0.92863286 6.80133200 -0.55859530
v 0.92863286 6.80133200 -0.55859530
v 0.92863286 6.80133200 -0.55859530
v 1.36894464 5.79003763 -0.55859536
v 1.36894464 5.79003763 -0.55859536
v 1.36894464 5.79003763 -0.55859536
v 1.36894464 5.79003763 -0.55859536
v 1.85563159 4.77799177 -0.55859524
v 1.85563159 4.77799177 -0.55859524
v 1.85563159 4.77799177 -0.55859524
v 1.85563159 4.77799177 -0.55859524
v 2.58407211 3.60098696 -0.55859524
v 2.58407211 3.60098696 -0.55859524
v 2.58407211 3.60098696 -0.55859524
v 2.58407211 3.60098696 -0.55859524
v 2.24948049 4.15921068 -0.55859524
v 2.24948049 4.15921068 -0.55859524
v 2.24948049 4.15921068 -0.55859524
v 2.24948049 4.15921068 -0.55859524
v 1.60149240 5.29567862 -0.55859524
v 1.60149240 5.29567862 -0.55859524
v 1.60149240 5.29567862 -0.55859524
v 1.60149240 5.29567862 -0.55859524
v 1.14878869 6.29568434 -0.55859530
v 1.14878869 6.29568434 -0.55859530
v 1.14878869 6.29568434 -0.55859530
v 1.14878869 6.29568434 -0.55859530
v 0.74093473 7.32221317 -0.55859530
v 0.74093473 7.32221317 -0.55859530
v 0.74093473 7.32221317 -0.55859530
v 0.74093473 7.32221317 -0.55859530
v 2.51479959 3.43513751 -0.55859524
v 2.51479959 3.43513751 -0.55859524
v 2.51479959 3.43513751 -0.55859524
v 2.51479959 3.43513751 -0.55859524
v 2.17207766 3.99985266 -0.55859524
v 2.17207766 3.99985266 -0.55859524
v 2.17207766 3.99985266 -0.55859524
v 2.17207766 3.99985266 -0.55859524
v 1.79125440 4.59668922 -0.55859524
v 1.79125440 4.59668922 -0.55859524
v 1.79125440 4.59668922 -0.55859524
v 1.79125440 4.59668922 -0.55859524
v 1.53105891 5.11383677 -0.55859524
v 1.53105891 5.11383677 -0.55859524
v 1.53105891 5.11383677 -0.55859524
v 1.53105891 5.11383677 -0.55859524
v 1.29556680 5.61410046 -0.55859536
v 1.29556680 5.61410046 -0.55859536
v 1.29556680 5.61410046 -0.55859536
v 1.29556680 5.61410046 -0.55859536
v 1.06839621 6.12694693 -0.55859530
v 1.06839621 6.12694693 -0.55859530
v 1.06839621 6.12694693 -0.55859530
v 1.06839621 6.12694693 -0.55859530
v 0.85440660 6.61843157 -0.55859530
v 0.85440660 6.61843157 -0.55859530
v 0.85440660 6.61843157 -0.55859530
v 0.85440660 6.61843157 -0.55859530
v 0.66501367 7.13249016 -0.55859530
v 0.66501367 7.13249016 -0.55859530
v 0.66501367 7.13249016 -0.55859530
v 0.66501367 7.13249016 -0.55859530
v 2.66657305 2.64496136 -0.55859518
v 2.66657305 2.64496136 -0.55859518
v 2.66657305 2.64496136 -0.55859518
v 2.66657305 2.64496136 -0.55859518
v 0.00544488 7.28250217 -0.55859530
v 0.00544488 7.28250217 -0.55859530
v 0.00544488 7.28250217 -0.55859530
v 0.00544488 7.28250217 -0.55859530
v 0.90728807 5.48029375 -0.55859536
v 0.90728807 5.48029375 -0.55859536
v 0.90728807 5.48029375 -0.55859536
v 0.90728807 5.48029375 -0.55859536
v 1.52053416 4.31143093 -0.55859524
v 1.52053416 4.31143093 -0.55859524
v 1.52053416 4.31143093 -0.55859524
v 1.52053416 4.31143093 -0.55859524
v 0.14035803 7.26614523 -0.55859530
v 0.14035803 7.26614523 -0.55859530
v 0.14035803 7.26614523 -0.55859530
v 0.14035803 7.26614523 -0.55859530
v 2.08173823 3.40196967 -0.55859524
v 2.08173823 3.40196967 -0.55859524
v 2.08173823 3.40196967 -0.55859524
v 2.08173823 3.40196967 -0.55859524
v 0.49224371 6.39280319 -0.55859530
v 0.49224371 6.39280319 -0.55859530
v 0.49224371 6.39280319 -0.55859530
v 0.49224371 6.39280319 -0.55859530
v 2.92860579 3.05869937 2.54548120
v 2.92860579 3.05869937 2.54548120
v 2.92860579 3.05869937 2.54548120
v 2.92860579 3.05869937 2.54548120
v 0.38238949 7.87162781 2.54548168
v 0.38238949 7.87162781 2.54548168
v 0.38238949 7.87162781 2.54548168
v 0.38238949 7.87162781 2.54548168
v 0.89304364 6.85666704 2.54548192
v 0.89304364 6.85666704 2.54548192
v 0.89304364 6.85666704 2.54548192
v 0.89304364 6.85666704 2.54548192
v 1.36894464 5.79003763 2.54548168
v 1.36894464 5.79003763 2.54548168
v 1.36894464 5.79003763 2.54548168
v 1.36894464 5.79003763 2.54548168
v 1.90383053 4.71745539 2.54548120
v 1.90383053 4.71745539 2.54548120
v 1.90383053 4.71745539 2.54548120
v 1.90383053 4.71745539 2.54548120
v 2.59214497 3.59431005 2.54548120
v 2.59214497 3.59431005 2.54548120
v 2.59214497 3.59431005 2.54548120
v 2.59214497 3.59431005 2.54548120
v 2.29132748 4.11470652 2.54548120
v 2.29132748 4.11470652 2.54548120
v 2.29132748 4.11470652 2.54548120
v 2.29132748 4.11470652 2.54548120
v 1.63638759 5.25374651 2.54548120
v 1.63638759 5.25374651 2.54548120
v 1.63638759 5.25374651 2.54548120
v 1.63638759 5.25374651 2.54548120
v 1.14656377 6.29728127 2.54548192
v 1.14656377 6.29728127 2.54548192
v 1.14656377 6.29728127 2.54548192
v 1.14656377 6.29728127 2.54548192
v 0.72217023 7.35445690 2.54548192
v 0.72217023 7.35445690 2.54548192
v 0.72217023 7.35445690 2.54548192
v 0.72217023 7.35445690 2.54548192
v 2.52287269 3.42846012 2.54548120
v 2.52287269 3.42846012 2.54548120
v 2.52287269 3.42846012 2.54548120
v 2.52287269 3.42846012 2.54548120
v 2.21392465 3.95534873 2.54548120
v 2.21392465 3.95534873 2.54548120
v 2.21392465 3.95534873 2.54548120
v 2.21392465 3.95534873 2.54548120
v 1.83945346 4.53615236 2.54548120
v 1.83945346 4.53615236 2.54548120
v 1.83945346 4.53615236 2.54548120
v 1.83945346 4.53615236 2.54548120
v 1.56595409 5.07190514 2.54548120
v 1.56595409 5.07190514 2.54548120
v 1.56595409 5.07190514 2.54548120
v 1.56595409 5.07190514 2.54548120
v 1.29556680 5.61410046 2.54548168
v 1.29556680 5.61410046 2.54548168
v 1.29556680 5.61410046 2.54548168
v 1.29556680 5.61410046 2.54548168
v 1.06617117 6.12854290 2.54548192
v 1.06617117 6.12854290 2.54548192
v 1.06617117 6.12854290 2.54548192
v 1.06617117 6.12854290 2.54548192
v 0.81881738 6.67376614 2.54548192
v 0.81881738 6.67376614 2.54548192
v 0.81881738 6.67376614 2.54548192
v 0.81881738 6.67376614 2.54548192
v 0.64624918 7.16473341 2.54548192
v 0.64624918 7.16473341 2.54548192
v 0.64624918 7.16473341 2.54548192
v 0.64624918 7.16473341 2.54548192
v 2.63299441 2.63532305 2.54548120
v 2.63299441 2.63532305 2.54548120
v 2.63299441 2.63532305 2.54548120
v 2.63299441 2.63532305 2.54548120
v 0.00544488 7.28250217 2.54548192
v 0.00544488 7.28250217 2.54548192
v 0.00544488 7.28250217 2.54548192
v 0.00544488 7.28250217 2.54548192
v 0.87370938 5.47065449 2.54548168
v 0.87370938 5.47065449 2.54548168
v 0.87370938 5.47065449 2.54548168
v 0.87370938 5.47065449 2.54548168
v 1.48695576 4.30179262 2.54548120
v 1.48695576 4.30179262 2.54548120
v 1.48695576 4.30179262 2.54548120
v 1.48695576 4.30179262 2.54548120
v 0.10677940 7.25650644 2.54548168
v 0.10677940 7.25650644 2.54548168
v 0.10677940 7.25650644 2.54548168
v 0.10677940 7.25650644 2.54548168
v 2.04815960 3.39233136 2.54548120
v 2.04815960 3.39233136 2.54548120
v 2.04815960 3.39233136 2.54548120
v 2.04815960 3.39233136 2.54548120
v 0.45866507 6.38316441 2.54548192
v 0.45866507 6.38316441 2.54548192
v 0.45866507 6.38316441 2.54548192
v 0.45866507 6.38316441 2.54548192
v 2.92860579 3.05869937 -2.40901375
v 2.92860579 3.05869937 -2.40901375
v 2.92860579 3.05869937 -2.40901375
v 2.92860579 3.05869937 -2.40901375
v 0.38238949 7.87162781 -2.40901423
v 0.38238949 7.87162781 -2.40901423
v 0.38238949 7.87162781 -2.40901423
v 2.70268869 2.65532780 -2.40901375
v 2.70268869 2.65532780 -2.40901375
v 2.70268869 2.65532780 -2.40901375
v 2.70268869 2.65532780 -2.40901375
v 0.17647398 7.27651167 -2.40901423
v 0.17647398 7.27651167 -2.40901423
v 0.17647398 7.27651167 -2.40901423
v 0.17647398 7.27651167 -2.40901423
v 0.92863286 6.80133200 -2.40901423
v 0.92863286 6.80133200 -2.40901423
v 0.92863286 6.80133200 -2.40901423
v 0.92863286 6.80133200 -2.40901423
v 1.36894464 5.79003763 -2.40901423
v 1.36894464 5.79003763 -2.40901423
v 1.36894464 5.79003763 -2.40901423
v 1.36894464 5.79003763 -2.40901423
v 1.91682792 4.70153189 -2.40901375
v 1.91682792 4.70153189 -2.40901375
v 1.91682792 4.70153189 -2.40901375
v 1.91682792 4.70153189 -2.40901375
v 2.58407211 3.60098696 -2.40901375
v 2.58407211 3.60098696 -2.40901375
v 2.58407211 3.60098696 -2.40901375
v 2.58407211 3.60098696 -2.40901375
v 2.26817870 4.13898849 -2.40901375
v 2.26817870 4.13898849 -2.40901375
v 2.26817870 4.13898849 -2.40901375
v 2.26817870 4.13898849 -2.40901375
v 1.63638759 5.25374651 -2.40901375
v 1.63638759 5.25374651 -2.40901375
v 1.63638759 5.25374651 -2.40901375
v 1.63638759 5.25374651 -2.40901375
v 1.11257541 6.34358644 -2.40901423
v 1.11257541 6.34358644 -2.40901423
v 1.11257541 6.34358644 -2.40901423
v 1.11257541 6.34358644 -2.40901423
v 0.72217023 7.35445690 -2.40901423
v 0.72217023 7.35445690 -2.40901423
v 0.72217023 7.35445690 -2.40901423
v 0.72217023 7.35445690 -2.40901423
v 2.51479959 3.43513751 -2.40901375
v 2.51479959 3.43513751 -2.40901375
v 2.51479959 3.43513751 -2.40901375
v 2.51479959 3.43513751 -2.40901375
v 2.19077587 3.97963047 -2.40901375
v 2.19077587 3.97963047 -2.40901375
v 2.19077587 3.97963047 -2.40901375
v 2.19077587 3.97963047 -2.40901375
v 1.85245073 4.52022886 -2.40901375
v 1.85245073 4.52022886 -2.40901375
v 1.85245073 4.52022886 -2.40901375
v 1.85245073 4.52022886 -2.40901375
v 1.56595409 5.07190514 -2.40901375
v 1.56595409 5.07190514 -2.40901375
v 1.56595409 5.07190514 -2.40901375
v 1.56595409 5.07190514 -2.40901375
v 1.29556680 5.61410046 -2.40901423
v 1.29556680 5.61410046 -2.40901423
v 1.29556680 5.61410046 -2.40901423
v 1.29556680 5.61410046 -2.40901423
v 1.03218293 6.17484856 -2.40901423
v 1.03218293 6.17484856 -2.40901423
v 1.03218293 6.17484856 -2.40901423
v 1.03218293 6.17484856 -2.40901423
v 0.85440660 6.61843157 -2.40901423
v 0.85440660 6.61843157 -2.40901423
v 0.85440660 6.61843157 -2.40901423
v 0.85440660 6.61843157 -2.40901423
v 0.64624918 7.16473341 -2.40901423
v 0.64624918 7.16473341 -2.40901423
v 0.64624918 7.16473341 -2.40901423
v 0.64624918 7.16473341 -2.40901423
v 0.00544488 7.28250217 -2.40901423
v 0.00544488 7.28250217 -2.40901423
v 0.00544488 7.28250217 -2.40901423
v 0.00544488 7.28250217 -2.40901423
v 0.94340396 5.49065971 -2.40901423
v 0.94340396 5.49065971 -2.40901423
v 0.94340396 5.49065971 -2.40901423
v 0.94340396 5.49065971 -2.40901423
v 1.55665016 4.32179737 -2.40901375
v 1.55665016 4.32179737 -2.40901375
v 1.55665016 4.32179737 -2.40901375
v 1.55665016 4.32179737 -2.40901375
v 2.11785412 3.41233635 -2.40901375
v 2.11785412 3.41233635 -2.40901375
v 2.11785412 3.41233635 -2.40901375
v 2.11785412 3.41233635 -2.40901375
v 0.52835965 6.40317011 -2.40901423
v 0.52835965 6.40317011 -2.40901423
v 0.52835965 6.40317011 -2.40901423
v 0.52835965 6.40317011 -2.40901423
v -2.92176580 3.05024672 3.03550243
v -2.92176580 3.05024672 3.03550243
v -2.92176580 3.05024672 3.03550243
v -0.36209321 7.87162781 3.03550315
v -0.36209321 7.87162781 3.03550315
v -0.36209321 7.87162781 3.03550315
v -0.88620424 6.84821415 3.03550315
v -0.88620424 6.84821415 3.03550315
v -0.88620424 6.84821415 3.03550315
v -1.36210501 5.78158474 3.03550243
v -1.36210501 5.78158474 3.03550243
v -1.36210501 5.78158474 3.03550243
v -1.36210501 5.78158474 3.03550243
v -1.89699090 4.70900297 3.03550243
v -1.89699090 4.70900297 3.03550243
v -1.89699090 4.70900297 3.03550243
v -1.89699090 4.70900297 3.03550243
v -2.58519506 3.58544827 3.03550243
v -2.58519506 3.58544827 3.03550243
v -2.58519506 3.58544827 3.03550243
v 0.01014805 7.87720156 3.03550315
v 0.01014805 7.87720156 3.03550315
v 0.01014805 7.87720156 3.03550315
v 0.01014805 7.87720156 3.03550315
v 0.01014805 7.87720156 3.03550315
v -2.26267910 4.12938404 3.03550243
v -2.26267910 4.12938404 3.03550243
v -2.26267910 4.12938404 3.03550243
v -1.62954795 5.24529362 3.03550243
v -1.62954795 5.24529362 3.03550243
v -1.62954795 5.24529362 3.03550243
v -1.14194930 6.28723240 3.03550315
v -1.14194930 6.28723240 3.03550315
v -1.14194930 6.28723240 3.03550315
v -1.14194930 6.28723240 3.03550315
v -0.71533072 7.34600449 3.03550315
v -0.71533072 7.34600449 3.03550315
v -0.71533072 7.34600449 3.03550315
v -2.50246668 3.42805123 3.03550243
v -2.50246668 3.42805123 3.03550243
v -2.50246668 3.42805123 3.03550243
v -2.17181969 3.97847819 3.03550243
v -2.17181969 3.97847819 3.03550243
v -2.17181969 3.97847819 3.03550243
v -1.81915724 4.53615236 3.03550243
v -1.81915724 4.53615236 3.03550243
v -1.81915724 4.53615236 3.03550243
v -1.54565775 5.07190514 3.03550243
v -1.54565775 5.07190514 3.03550243
v -1.54565775 5.07190514 3.03550243
v -1.54565775 5.07190514 3.03550243
v -1.27527058 5.61410046 3.03550243
v -1.27527058 5.61410046 3.03550243
v -1.27527058 5.61410046 3.03550243
v -1.04809988 6.12694693 3.03550315
v -1.04809988 6.12694693 3.03550315
v -1.04809988 6.12694693 3.03550315
v -1.04809988 6.12694693 3.03550315
v -0.79852116 6.67376614 3.03550315
v -0.79852116 6.67376614 3.03550315
v -0.79852116 6.67376614 3.03550315
v -0.62595296 7.16473341 3.03550315
v -0.62595296 7.16473341 3.03550315
v -0.62595296 7.16473341 3.03550315
v -2.61269808 2.63532305 3.03550243
v -2.61269808 2.63532305 3.03550243
v -2.61269808 2.63532305 3.03550243
v -0.85341322 5.47065449 3.03550243
v -0.85341322 5.47065449 3.03550243
v -0.85341322 5.47065449 3.03550243
v -0.85341322 5.47065449 3.03550243
v -0.85341322 5.47065449 3.03550243
v 0.01485133 7.28250217 3.03550315
v 0.01485133 7.28250217 3.03550315
v 0.01485133 7.28250217 3.03550315
v -2.02786350 3.39233136 3.03550243
v -2.02786350 3.39233136 3.03550243
v -2.02786350 3.39233136 3.03550243
v -1.46665967 4.30179214 3.03550243
v -1.46665967 4.30179214 3.03550243
v -1.46665967 4.30179214 3.03550243
v -1.46665967 4.30179214 3.03550243
v -0.43836892 6.38316441 3.03550315
v -0.43836892 6.38316441 3.03550315
v -0.43836892 6.38316441 3.03550315
v -0.43836892 6.38316441 3.03550315
v -0.43836892 6.38316441 3.03550315
v -0.08648324 7.25650644 3.03550315
v -0.08648324 7.25650644 3.03550315
v -0.08648324 7.25650644 3.03550315
v -2.92176580 3.05024672 -2.99106121
v -2.92176580 3.05024672 -2.99106121
v -2.92176580 3.05024672 -2.99106121
v -0.36209321 7.87162781 -2.99106193
v -0.36209321 7.87162781 -2.99106193
v -0.36209321 7.87162781 -2.99106193
v -0.92179334 6.79288006 -2.99106193
v -0.92179334 6.79288006 -2.99106193
v -0.92179334 6.79288006 -2.99106193
v -1.36210501 5.78158474 -2.99106193
v -1.36210501 5.78158474 -2.99106193
v -1.36210501 5.78158474 -2.99106193
v -1.89699090 4.70900297 -2.99106121
v -1.89699090 4.70900297 -2.99106121
v -1.89699090 4.70900297 -2.99106121
v -1.89699090 4.70900297 -2.99106121
v -2.55255127 3.61691236 -2.99106121
v -2.55255127 3.61691236 -2.99106121
v -2.55255127 3.61691236 -2.99106121
v 0.01014805 7.87720156 -2.99106193
v 0.01014805 7.87720156 -2.99106193
v 0.01014805 7.87720156 -2.99106193
v 0.01014805 7.87720156 -2.99106193
v 0.01014805 7.87720156 -2.99106193
v -2.92176580 3.05024672 1.16182339
v -2.92176580 3.05024672 1.16182339
v -2.92176580 3.05024672 1.16182339
v -2.92176580 3.05024672 1.16182339
v -0.36209321 7.87162781 1.16182351
v -0.36209321 7.87162781 1.16182351
v -0.36209321 7.87162781 1.16182351
v -0.36209321 7.87162781 1.16182351
v -1.89699090 4.70900297 1.16182339
v -1.89699090 4.70900297 1.16182339
v -1.89699090 4.70900297 1.16182339
v -1.89699090 4.70900297 1.16182339
v -1.36210501 5.78158474 1.16182339
v -1.36210501 5.78158474 1.16182339
v -1.36210501 5.78158474 1.16182339
v -1.36210501 5.78158474 1.16182339
v -0.92179334 6.79288006 1.16182351
v -0.92179334 6.79288006 1.16182351
v -0.92179334 6.79288006 1.16182351
v -0.92179334 6.79288006 1.16182351
v -2.55255127 3.61691236 1.16182339
v -2.55255127 3.61691236 1.16182339
v -2.55255127 3.61691236 1.16182339
v -2.55255127 3.61691236 1.16182339
v 0.01014805 7.87720156 1.16182351
v 0.01014805 7.87720156 1.16182351
v 0.01014805 7.87720156 1.16182351
v 0.01014805 7.87720156 1.16182351
v 0.01014805 7.87720156 1.16182351
v 0.01014805 7.87720156 1.16182351
v 0.01014805 7.87720156 1.16182351
v 0.01014805 7.87720156 1.16182351
v -2.25519943 4.13761044 1.16182339
v -2.25519943 4.13761044 1.16182339
v -2.25519943 4.13761044 1.16182339
v -2.25519943 4.13761044 1.16182339
v -2.24264097 4.15075779 -2.99106121
v -2.24264097 4.15075779 -2.99106121
v -2.24264097 4.15075779 -2.99106121
v -1.59465301 5.28722572 1.16182339
v -1.59465301 5.28722572 1.16182339
v -1.59465301 5.28722572 1.16182339
v -1.59465301 5.28722572 1.16182339
v -1.62954795 5.24529362 -2.99106121
v -1.62954795 5.24529362 -2.99106121
v -1.62954795 5.24529362 -2.99106121
v -1.62954795 5.24529362 -2.99106121
v -1.16395271 6.25759459 1.16182351
v -1.16395271 6.25759459 1.16182351
v -1.16395271 6.25759459 1.16182351
v -1.16395271 6.25759459 1.16182351
v -1.14194930 6.28723240 -2.99106193
v -1.14194930 6.28723240 -2.99106193
v -1.14194930 6.28723240 -2.99106193
v -0.73409522 7.31376076 1.16182351
v -0.73409522 7.31376076 1.16182351
v -0.73409522 7.31376076 1.16182351
v -0.73409522 7.31376076 1.16182351
v -0.71533072 7.34600449 -2.99106193
v -0.71533072 7.34600449 -2.99106193
v -0.71533072 7.34600449 -2.99106193
v -2.46982241 3.45951557 1.16182339
v -2.46982241 3.45951557 1.16182339
v -2.46982241 3.45951557 1.16182339
v -2.46982241 3.45951557 1.16182339
v -2.46982241 3.45951509 -2.99106121
v -2.46982241 3.45951509 -2.99106121
v -2.46982241 3.45951509 -2.99106121
v -2.15178156 3.99985266 -2.99106121
v -2.15178156 3.99985266 -2.99106121
v -2.15178156 3.99985266 -2.99106121
v -2.16434002 3.98670506 1.16182339
v -2.16434002 3.98670506 1.16182339
v -2.16434002 3.98670506 1.16182339
v -2.16434002 3.98670506 1.16182339
v -1.81915724 4.53615284 1.16182339
v -1.81915724 4.53615284 1.16182339
v -1.81915724 4.53615284 1.16182339
v -1.81915724 4.53615284 1.16182339
v -1.81915724 4.53615236 -2.99106121
v -1.81915724 4.53615236 -2.99106121
v -1.81915724 4.53615236 -2.99106121
v -1.54565775 5.07190514 -2.99106121
v -1.54565775 5.07190514 -2.99106121
v -1.54565775 5.07190514 -2.99106121
v -1.54565775 5.07190514 -2.99106121
v -1.51076281 5.11383724 1.16182339
v -1.51076281 5.11383724 1.16182339
v -1.51076281 5.11383724 1.16182339
v -1.51076281 5.11383724 1.16182339
v -1.27527058 5.61410046 1.16182339
v -1.27527058 5.61410046 1.16182339
v -1.27527058 5.61410046 1.16182339
v -1.27527058 5.61410046 1.16182339
v -1.27527058 5.61410046 -2.99106193
v -1.27527058 5.61410046 -2.99106193
v -1.27527058 5.61410046 -2.99106193
v -1.27527058 5.61410046 -2.99106193
v -1.04809988 6.12694693 -2.99106193
v -1.04809988 6.12694693 -2.99106193
v -1.04809988 6.12694693 -2.99106193
v -1.07010353 6.09730864 1.16182351
v -1.07010353 6.09730864 1.16182351
v -1.07010353 6.09730864 1.16182351
v -1.07010353 6.09730864 1.16182351
v -0.83411038 6.61843157 1.16182351
v -0.83411038 6.61843157 1.16182351
v -0.83411038 6.61843157 1.16182351
v -0.83411038 6.61843157 1.16182351
v -0.83411038 6.61843157 -2.99106193
v -0.83411038 6.61843157 -2.99106193
v -0.83411038 6.61843157 -2.99106193
v -0.62595296 7.16473341 -2.99106193
v -0.62595296 7.16473341 -2.99106193
v -0.62595296 7.16473341 -2.99106193
v -0.64471734 7.13249016 1.16182351
v -0.64471734 7.13249016 1.16182351
v -0.64471734 7.13249016 1.16182351
v -0.64471734 7.13249016 1.16182351
v -2.69375324 2.65858865 -2.99106121
v -2.69375324 2.65858865 -2.99106121
v -2.69375324 2.65858865 -2.99106121
v -0.93446791 5.49392080 -2.99106193
v -0.93446791 5.49392080 -2.99106193
v -0.93446791 5.49392080 -2.99106193
v -0.93446791 5.49392080 -2.99106193
v -0.93446791 5.49392080 -2.99106193
v -0.93446791 5.49392080 -2.99106193
v 0.01485133 7.28250217 -2.99106193
v 0.01485133 7.28250217 -2.99106193
v 0.01485133 7.28250217 -2.99106193
v -2.61269808 2.63532305 1.16182339
v -2.61269808 2.63532305 1.16182339
v -2.61269808 2.63532305 1.16182339
v -2.61269808 2.63532305 1.16182339
v -0.08648324 7.25650644 1.16182351
v -0.08648324 7.25650644 1.16182351
v -0.08648324 7.25650644 1.16182351
v -0.08648324 7.25650644 1.16182351
v -0.85341322 5.47065449 1.16182339
v -0.85341322 5.47065449 1.16182339
v -0.85341322 5.47065449 1.16182339
v -0.85341322 5.47065449 1.16182339
v -0.43836892 6.38316441 1.16182351
v -0.43836892 6.38316441 1.16182351
v -0.43836892 6.38316441 1.16182351
v -0.43836892 6.38316441 1.16182351
v 0.01485133 7.28250217 1.16182351
v 0.01485133 7.28250217 1.16182351
v 0.01485133 7.28250217 1.16182351
v 0.01485133 7.28250217 1.16182351
v -2.10891819 3.41559720 -2.99106121
v -2.10891819 3.41559720 -2.99106121
v -2.10891819 3.41559720 -2.99106121
v -1.46665943 4.30179262 1.16182339
v -1.46665943 4.30179262 1.16182339
v -1.46665943 4.30179262 1.16182339
v -1.46665943 4.30179262 1.16182339
v -1.54771411 4.32505798 -2.99106121
v -1.54771411 4.32505798 -2.99106121
v -1.54771411 4.32505798 -2.99106121
v -1.54771411 4.32505798 -2.99106121
v -0.51942372 6.40643024 -2.99106193
v -0.51942372 6.40643024 -2.99106193
v -0.51942372 6.40643024 -2.99106193
v -2.02786350 3.39233160 1.16182339
v -2.02786350 3.39233160 1.16182339
v -2.02786350 3.39233160 1.16182339
v -2.02786350 3.39233160 1.16182339
v -0.16753805 7.27977228 -2.99106193
v -0.16753805 7.27977228 -2.99106193
v -0.16753805 7.27977228 -2.99106193
v -2.92176580 3.05024672 -0.55859524
v -2.92176580 3.05024672 -0.55859524
v -2.92176580 3.05024672 -0.55859524
v -2.92176580 3.05024672 -0.55859524
v 0.01014805 7.87720156 -0.55859530
v 0.01014805 7.87720156 -0.55859530
v 0.01014805 7.87720156 -0.55859530
v 0.01014805 7.87720156 -0.55859530
v 0.01014805 7.87720156 -0.55859530
v 0.01014805 7.87720156 -0.55859530
v 0.01014805 7.87720156 -0.55859530
v 0.01014805 7.87720156 -0.55859530
v -0.36209321 7.87162781 -0.55859530
v -0.36209321 7.87162781 -0.55859530
v -0.36209321 7.87162781 -0.55859530
v -0.36209321 7.87162781 -0.55859530
v -0.92179334 6.79288006 -0.55859530
v -0.92179334 6.79288006 -0.55859530
v -0.92179334 6.79288006 -0.55859530
v -0.92179334 6.79288006 -0.55859530
v -1.36210501 5.78158474 -0.55859536
v -1.36210501 5.78158474 -0.55859536
v -1.36210501 5.78158474 -0.55859536
v -1.36210501 5.78158474 -0.55859536
v -1.84879196 4.76953936 -0.55859524
v -1.84879196 4.76953936 -0.55859524
v -1.84879196 4.76953936 -0.55859524
v -1.84879196 4.76953936 -0.55859524
v -2.57723236 3.59253430 -0.55859524
v -2.57723236 3.59253430 -0.55859524
v -2.57723236 3.59253430 -0.55859524
v -2.57723236 3.59253430 -0.55859524
v -2.24264097 4.15075779 -0.55859524
v -2.24264097 4.15075779 -0.55859524
v -2.24264097 4.15075779 -0.55859524
v -2.24264097 4.15075779 -0.55859524
v -1.59465301 5.28722572 -0.55859524
v -1.59465301 5.28722572 -0.55859524
v -1.59465301 5.28722572 -0.55859524
v -1.59465301 5.28722572 -0.55859524
v -1.14194930 6.28723240 -0.55859530
v -1.14194930 6.28723240 -0.55859530
v -1.14194930 6.28723240 -0.55859530
v -1.14194930 6.28723240 -0.55859530
v -0.73409522 7.31376076 -0.55859530
v -0.73409522 7.31376076 -0.55859530
v -0.73409522 7.31376076 -0.55859530
v -0.73409522 7.31376076 -0.55859530
v -2.49450350 3.43513751 -0.55859524
v -2.49450350 3.43513751 -0.55859524
v -2.49450350 3.43513751 -0.55859524
v -2.49450350 3.43513751 -0.55859524
v -2.15178156 3.99985266 -0.55859524
v -2.15178156 3.99985266 -0.55859524
v -2.15178156 3.99985266 -0.55859524
v -2.15178156 3.99985266 -0.55859524
v -1.77095830 4.59668922 -0.55859524
v -1.77095830 4.59668922 -0.55859524
v -1.77095830 4.59668922 -0.55859524
v -1.77095830 4.59668922 -0.55859524
v -1.51076281 5.11383677 -0.55859524
v -1.51076281 5.11383677 -0.55859524
v -1.51076281 5.11383677 -0.55859524
v -1.51076281 5.11383677 -0.55859524
v -1.27527058 5.61410046 -0.55859536
v -1.27527058 5.61410046 -0.55859536
v -1.27527058 5.61410046 -0.55859536
v -1.27527058 5.61410046 -0.55859536
v -1.04809988 6.12694693 -0.55859530
v -1.04809988 6.12694693 -0.55859530
v -1.04809988 6.12694693 -0.55859530
v -1.04809988 6.12694693 -0.55859530
v -0.83411038 6.61843157 -0.55859530
v -0.83411038 6.61843157 -0.55859530
v -0.83411038 6.61843157 -0.55859530
v -0.83411038 6.61843157 -0.55859530
v -0.64471734 7.13249016 -0.55859530
v -0.64471734 7.13249016 -0.55859530
v -0.64471734 7.13249016 -0.55859530
v -0.64471734 7.13249016 -0.55859530
v -2.64627695 2.64496136 -0.55859518
v -2.64627695 2.64496136 -0.55859518
v -2.64627695 2.64496136 -0.55859518
v -2.64627695 2.64496136 -0.55859518
v 0.01485133 7.28250217 -0.55859530
v 0.01485133 7.28250217 -0.55859530
v 0.01485133 7.28250217 -0.55859530
v 0.01485133 7.28250217 -0.55859530
v -0.88699186 5.48029375 -0.55859536
v -0.88699186 5.48029375 -0.55859536
v -0.88699186 5.48029375 -0.55859536
v -0.88699186 5.48029375 -0.55859536
v -1.50023782 4.31143093 -0.55859524
v -1.50023782 4.31143093 -0.55859524
v -1.50023782 4.31143093 -0.55859524
v -1.50023782 4.31143093 -0.55859524
v -0.12006187 7.26614523 -0.55859530
v -0.12006187 7.26614523 -0.55859530
v -0.12006187 7.26614523 -0.55859530
v -0.12006187 7.26614523 -0.55859530
v -2.06144190 3.40196967 -0.55859524
v -2.06144190 3.40196967 -0.55859524
v -2.06144190 3.40196967 -0.55859524
v -2.06144190 3.40196967 -0.55859524
v -0.47194743 6.39280319 -0.55859530
v -0.47194743 6.39280319 -0.55859530
v -0.47194743 6.39280319 -0.55859530
v -0.47194743 6.39280319 -0.55859530
v -2.92176580 3.05024672 2.54548120
v -2.92176580 3.05024672 2.54548120
v -2.92176580 3.05024672 2.54548120
v -2.92176580 3.05024672 2.54548120
v 0.01014805 7.87720156 2.54548192
v 0.01014805 7.87720156 2.54548192
v 0.01014805 7.87720156 2.54548192
v 0.01014805 7.87720156 2.54548192
v 0.01014805 7.87720156 2.54548192
v 0.01014805 7.87720156 2.54548192
v 0.01014805 7.87720156 2.54548192
v 0.01014805 7.87720156 2.54548192
v -0.36209321 7.87162781 2.54548168
v -0.36209321 7.87162781 2.54548168
v -0.36209321 7.87162781 2.54548168
v -0.36209321 7.87162781 2.54548168
v -0.88620424 6.84821415 2.54548192
v -0.88620424 6.84821415 2.54548192
v -0.88620424 6.84821415 2.54548192
v -0.88620424 6.84821415 2.54548192
v -1.36210501 5.78158474 2.54548168
v -1.36210501 5.78158474 2.54548168
v -1.36210501 5.78158474 2.54548168
v -1.36210501 5.78158474 2.54548168
v -1.89699090 4.70900297 2.54548120
v -1.89699090 4.70900297 2.54548120
v -1.89699090 4.70900297 2.54548120
v -1.89699090 4.70900297 2.54548120
v -2.58530521 3.58585739 2.54548120
v -2.58530521 3.58585739 2.54548120
v -2.58530521 3.58585739 2.54548120
v -2.58530521 3.58585739 2.54548120
v -2.28448772 4.10625410 2.54548120
v -2.28448772 4.10625410 2.54548120
v -2.28448772 4.10625410 2.54548120
v -2.28448772 4.10625410 2.54548120
v -1.62954795 5.24529362 2.54548120
v -1.62954795 5.24529362 2.54548120
v -1.62954795 5.24529362 2.54548120
v -1.62954795 5.24529362 2.54548120
v -1.13972414 6.28882837 2.54548192
v -1.13972414 6.28882837 2.54548192
v -1.13972414 6.28882837 2.54548192
v -1.13972414 6.28882837 2.54548192
v -0.71533072 7.34600449 2.54548192
v -0.71533072 7.34600449 2.54548192
v -0.71533072 7.34600449 2.54548192
v -0.71533072 7.34600449 2.54548192
v -2.50257635 3.42846012 2.54548120
v -2.50257635 3.42846012 2.54548120
v -2.50257635 3.42846012 2.54548120
v -2.50257635 3.42846012 2.54548120
v -2.19362879 3.95534873 2.54548120
v -2.19362879 3.95534873 2.54548120
v -2.19362879 3.95534873 2.54548120
v -2.19362879 3.95534873 2.54548120
v -1.81915724 4.53615236 2.54548120
v -1.81915724 4.53615236 2.54548120
v -1.81915724 4.53615236 2.54548120
v -1.81915724 4.53615236 2.54548120
v -1.54565775 5.07190514 2.54548120
v -1.54565775 5.07190514 2.54548120
v -1.54565775 5.07190514 2.54548120
v -1.54565775 5.07190514 2.54548120
v -1.27527058 5.61410046 2.54548168
v -1.27527058 5.61410046 2.54548168
v -1.27527058 5.61410046 2.54548168
v -1.27527058 5.61410046 2.54548168
v -1.04587495 6.12854290 2.54548192
v -1.04587495 6.12854290 2.54548192
v -1.04587495 6.12854290 2.54548192
v -1.04587495 6.12854290 2.54548192
v -0.79852116 6.67376614 2.54548192
v -0.79852116 6.67376614 2.54548192
v -0.79852116 6.67376614 2.54548192
v -0.79852116 6.67376614 2.54548192
v -0.62595296 7.16473341 2.54548192
v -0.62595296 7.16473341 2.54548192
v -0.62595296 7.16473341 2.54548192
v -0.62595296 7.16473341 2.54548192
v -2.61269808 2.63532305 2.54548120
v -2.61269808 2.63532305 2.54548120
v -2.61269808 2.63532305 2.54548120
v -2.61269808 2.63532305 2.54548120
v 0.01485133 7.28250217 2.54548192
v 0.01485133 7.28250217 2.54548192
v 0.01485133 7.28250217 2.54548192
v 0.01485133 7.28250217 2.54548192
v -0.85341322 5.47065449 2.54548168
v -0.85341322 5.47065449 2.54548168
v -0.85341322 5.47065449 2.54548168
v -0.85341322 5.47065449 2.54548168
v -1.46665967 4.30179262 2.54548120
v -1.46665967 4.30179262 2.54548120
v -1.46665967 4.30179262 2.54548120
v -1.46665967 4.30179262 2.54548120
v -0.08648324 7.25650644 2.54548168
v -0.08648324 7.25650644 2.54548168
v -0.08648324 7.25650644 2.54548168
v -0.08648324 7.25650644 2.54548168
v -2.02786350 3.39233136 2.54548120
v -2.02786350 3.39233136 2.54548120
v -2.02786350 3.39233136 2.54548120
v -2.02786350 3.39233136 2.54548120
v -0.43836892 6.38316441 2.54548192
v -0.43836892 6.38316441 2.54548192
v -0.43836892 6.38316441 2.54548192
v -0.43836892 6.38316441 2.54548192
v -2.92176580 3.05024672 -2.40901375
v -2.92176580 3.05024672 -2.40901375
v -2.92176580 3.05024672 -2.40901375
v -2.92176580 3.05024672 -2.40901375
v -0.36209321 7.87162781 -2.40901423
v -0.36209321 7.87162781 -2.40901423
v -0.36209321 7.87162781 -2.40901423
v -0.36209321 7.87162781 -2.40901423
v -2.68239260 2.65532780 -2.40901375
v -2.68239260 2.65532780 -2.40901375
v -2.68239260 2.65532780 -2.40901375
v -2.68239260 2.65532780 -2.40901375
v -0.15617776 7.27651167 -2.40901423
v -0.15617776 7.27651167 -2.40901423
v -0.15617776 7.27651167 -2.40901423
v -0.15617776 7.27651167 -2.40901423
v 0.01014805 7.87720156 -2.40901423
v 0.01014805 7.87720156 -2.40901423
v 0.01014805 7.87720156 -2.40901423
v 0.01014805 7.87720156 -2.40901423
v 0.01014805 7.87720156 -2.40901423
v 0.01014805 7.87720156 -2.40901423
v 0.01014805 7.87720156 -2.40901423
v -0.92179334 6.79288006 -2.40901423
v -0.92179334 6.79288006 -2.40901423
v -0.92179334 6.79288006 -2.40901423
v -1.36210501 5.78158474 -2.40901423
v -1.36210501 5.78158474 -2.40901423
v -1.36210501 5.78158474 -2.40901423
v -1.36210501 5.78158474 -2.40901423
v -1.90998828 4.69307947 -2.40901375
v -1.90998828 4.69307947 -2.40901375
v -1.90998828 4.69307947 -2.40901375
v -1.90998828 4.69307947 -2.40901375
v -2.57723236 3.59253430 -2.40901375
v -2.57723236 3.59253430 -2.40901375
v -2.57723236 3.59253430 -2.40901375
v -2.57723236 3.59253430 -2.40901375
v -2.26133919 4.13053656 -2.40901375
v -2.26133919 4.13053656 -2.40901375
v -2.26133919 4.13053656 -2.40901375
v -2.26133919 4.13053656 -2.40901375
v -1.62954795 5.24529362 -2.40901375
v -1.62954795 5.24529362 -2.40901375
v -1.62954795 5.24529362 -2.40901375
v -1.62954795 5.24529362 -2.40901375
v -1.10573590 6.33513451 -2.40901423
v -1.10573590 6.33513451 -2.40901423
v -1.10573590 6.33513451 -2.40901423
v -1.10573590 6.33513451 -2.40901423
v -0.71533072 7.34600449 -2.40901423
v -0.71533072 7.34600449 -2.40901423
v -0.71533072 7.34600449 -2.40901423
v -0.71533072 7.34600449 -2.40901423
v -2.49450350 3.43513751 -2.40901375
v -2.49450350 3.43513751 -2.40901375
v -2.49450350 3.43513751 -2.40901375
v -2.49450350 3.43513751 -2.40901375
v -2.17047977 3.97963047 -2.40901375
v -2.17047977 3.97963047 -2.40901375
v -2.17047977 3.97963047 -2.40901375
v -2.17047977 3.97963047 -2.40901375
v -1.83215439 4.52022886 -2.40901375
v -1.83215439 4.52022886 -2.40901375
v -1.83215439 4.52022886 -2.40901375
v -1.83215439 4.52022886 -2.40901375
v -1.54565775 5.07190514 -2.40901375
v -1.54565775 5.07190514 -2.40901375
v -1.54565775 5.07190514 -2.40901375
v -1.54565775 5.07190514 -2.40901375
v -1.27527058 5.61410046 -2.40901423
v -1.27527058 5.61410046 -2.40901423
v -1.27527058 5.61410046 -2.40901423
v -1.27527058 5.61410046 -2.40901423
v -1.01188672 6.17484856 -2.40901423
v -1.01188672 6.17484856 -2.40901423
v -1.01188672 6.17484856 -2.40901423
v -1.01188672 6.17484856 -2.40901423
v -0.83411038 6.61843157 -2.40901423
v -0.83411038 6.61843157 -2.40901423
v -0.83411038 6.61843157 -2.40901423
v -0.62595296 7.16473341 -2.40901423
v -0.62595296 7.16473341 -2.40901423
v -0.62595296 7.16473341 -2.40901423
v -0.62595296 7.16473341 -2.40901423
v 0.01485133 7.28250217 -2.40901423
v 0.01485133 7.28250217 -2.40901423
v 0.01485133 7.28250217 -2.40901423
v 0.01485133 7.28250217 -2.40901423
v -0.92310774 5.49065971 -2.40901423
v -0.92310774 5.49065971 -2.40901423
v -0.92310774 5.49065971 -2.40901423
v -0.92310774 5.49065971 -2.40901423
v -1.53635371 4.32179737 -2.40901375
v -1.53635371 4.32179737 -2.40901375
v -1.53635371 4.32179737 -2.40901375
v -1.53635371 4.32179737 -2.40901375
v -2.09755802 3.41233635 -2.40901375
v -2.09755802 3.41233635 -2.40901375
v -2.09755802 3.41233635 -2.40901375
v -2.09755802 3.41233635 -2.40901375
v -0.50806344 6.40317011 -2.40901423
v -0.50806344 6.40317011 -2.40901423
v -0.50806344 6.40317011 -2.40901423
v -0.50806344 6.40317011 -2.40901423
v 3.63438606 4.96077347 0.31776485
v 3.63438606 4.96077347 0.31776485
v 3.63438606 4.96077347 0.31776485
v 1.31336057 4.96077347 0.31776485
v 1.31336057 4.96077347 0.31776485
v 1.31336057 4.96077347 0.31776485
v 3.63438606 3.04871988 1.34678817
v 3.63438606 3.04871988 1.34678817
v 3.63438606 3.04871988 1.34678817
v 1.31336057 3.02005482 1.37350214
v 1.31336057 3.02005482 1.37350214
v 1.31336057 3.02005482 1.37350214
v 3.63438606 3.76671433 0.82420403
v 3.63438606 3.76671433 0.82420403
v 3.63438606 3.76671433 0.82420403
v 3.63438606 4.38339090 0.66740423
v 3.63438606 4.38339090 0.66740423
v 3.63438606 4.38339090 0.66740423
v 1.31336057 4.41703081 0.64402300
v 1.31336057 4.41703081 0.64402300
v 1.31336057 4.41703081 0.64402300
v 1.31336057 4.41703081 0.64402300
v 1.31336057 3.76671433 0.82420403
v 1.31336057 3.76671433 0.82420403
v 1.31336057 3.76671433 0.82420403
v 1.31336057 3.47472334 1.11026275
v 1.31336057 3.47472334 1.11026275
v 1.31336057 3.47472334 1.11026275
v 3.63438606 3.49620128 1.09060264
v 3.63438606 3.49620128 1.09060264
v 3.63438606 3.49620128 1.09060264
v 3.63438606 3.90287709 0.88349289
v 3.63438606 3.90287709 0.88349289
v 3.63438606 3.90287709 0.88349289
v 1.31336057 3.90287709 0.88349289
v 1.31336057 3.90287709 0.88349289
v 1.31336057 3.90287709 0.88349289
v 1.31336057 3.90287709 0.88349289
v 3.63438606 4.23931599 0.61205631
v 3.63438606 4.23931599 0.61205631
v 3.63438606 4.23931599 0.61205631
v 1.31336057 4.27295589 0.58867514
v 1.31336057 4.27295589 0.58867514
v 1.31336057 4.27295589 0.58867514
v 1.31336057 3.34297323 1.05337334
v 1.31336057 3.34297323 1.05337334
v 1.31336057 3.34297323 1.05337334
v 1.31336057 3.34297323 1.05337334
v 3.63438606 3.36445117 1.03371322
v 3.63438606 3.36445117 1.03371322
v 3.63438606 3.36445117 1.03371322
v 3.63438606 4.55651379 0.12528615
v 3.63438606 4.55651379 0.12528615
v 3.63438606 4.55651379 0.12528615
v 1.31336057 4.55651379 0.12528615
v 1.31336057 4.55651379 0.12528615
v 1.31336057 4.55651379 0.12528615
v 3.63438606 2.71345115 1.10903907
v 3.63438606 2.71345115 1.10903907
v 3.63438606 2.71345115 1.10903907
v 1.31336057 2.68478632 1.13575315
v 1.31336057 2.68478632 1.13575315
v 1.31336057 2.68478632 1.13575315
v 3.63438606 4.40850592 0.16226617
v 3.63438606 4.40850592 0.16226617
v 3.63438606 4.40850592 0.16226617
v 1.31336057 4.40850592 0.16226624
v 1.31336057 4.40850592 0.16226624
v 1.31336057 4.40850592 0.16226624
v 1.31336057 4.40850592 0.16226624
v 3.63438606 3.78404236 0.44146651
v 3.63438606 3.78404236 0.44146651
v 3.63438606 3.78404236 0.44146651
v 1.31336057 3.78404236 0.44146651
v 1.31336057 3.78404236 0.44146651
v 1.31336057 3.78404236 0.44146651
v 1.31336057 3.78404236 0.44146651
v 1.31336057 3.30522752 0.69468737
v 1.31336057 3.30522752 0.69468737
v 1.31336057 3.30522752 0.69468737
v 1.31336057 3.30522752 0.69468737
v 3.63438606 3.30522752 0.69468737
v 3.63438606 3.30522752 0.69468737
v 3.63438606 3.30522752 0.69468737
v 2.76624918 4.96077347 0.31776485
v 2.76624918 4.96077347 0.31776485
v 2.76624918 4.96077347 0.31776485
v 2.76624918 3.02005482 1.37350214
v 2.76624918 3.02005482 1.37350214
v 2.76624918 3.02005482 1.37350214
v 2.76624918 3.02005482 1.37350214
v 2.76624918 3.79902506 0.79886949
v 2.76624918 3.79902506 0.79886949
v 2.76624918 3.79902506 0.79886949
v 2.76624918 3.79902506 0.79886949
v 2.76624918 4.38339090 0.66740429
v 2.76624918 4.38339090 0.66740429
v 2.76624918 4.38339090 0.66740429
v 2.76624918 4.38339090 0.66740429
v 2.76624918 3.47472334 1.11026275
v 2.76624918 3.47472334 1.11026275
v 2.76624918 3.47472334 1.11026275
v 2.76624918 3.47472334 1.11026275
v 2.76624918 3.93518758 0.85815835
v 2.76624918 3.93518758 0.85815835
v 2.76624918 3.93518758 0.85815835
v 2.76624918 3.93518758 0.85815835
v 2.76624918 4.23931599 0.61205637
v 2.76624918 4.23931599 0.61205637
v 2.76624918 4.23931599 0.61205637
v 2.76624918 4.23931599 0.61205637
v 2.76624918 3.34297347 1.05337334
v 2.76624918 3.34297347 1.05337334
v 2.76624918 3.34297347 1.05337334
v 2.76624918 3.34297347 1.05337334
v 2.76624918 4.55651379 0.12528615
v 2.76624918 4.55651379 0.12528615
v 2.76624918 4.55651379 0.12528615
v 2.76624918 4.55651379 0.12528615
v 2.76624918 2.68478632 1.13575315
v 2.76624918 2.68478632 1.13575315
v 2.76624918 2.68478632 1.13575315
v 2.76624918 2.68478632 1.13575315
v 2.76624918 4.40850592 0.16226619
v 2.76624918 4.40850592 0.16226619
v 2.76624918 4.40850592 0.16226619
v 2.76624918 4.40850592 0.16226619
v 2.76624918 3.78404236 0.44146651
v 2.76624918 3.78404236 0.44146651
v 2.76624918 3.78404236 0.44146651
v 2.76624918 3.78404236 0.44146651
v 2.76624918 3.30522752 0.69468737
v 2.76624918 3.30522752 0.69468737
v 2.76624918 3.30522752 0.69468737
v 2.76624918 3.30522752 0.69468737
v 3.63438606 4.96077347 -0.27332407
v 3.63438606 4.96077347 -0.27332407
v 3.63438606 4.96077347 -0.27332407
v 1.31336057 4.96077347 -0.27332407
v 1.31336057 4.96077347 -0.27332407
v 1.31336057 4.96077347 -0.27332407
v 3.63438606 3.05899477 -1.32251608
v 3.63438606 3.05899477 -1.32251608
v 3.63438606 3.05899477 -1.32251608
v 1.31336057 3.03032970 -1.34923017
v 1.31336057 3.03032970 -1.34923017
v 1.31336057 3.03032970 -1.34923017
v 3.63438606 3.76671433 -0.77976322
v 3.63438606 3.76671433 -0.77976322
v 3.63438606 3.76671433 -0.77976322
v 3.63438606 4.39366579 -0.64313227
v 3.63438606 4.39366579 -0.64313227
v 3.63438606 4.39366579 -0.64313227
v 1.31336057 4.42730570 -0.61975104
v 1.31336057 4.42730570 -0.61975104
v 1.31336057 4.42730570 -0.61975104
v 1.31336057 3.76671433 -0.77976322
v 1.31336057 3.76671433 -0.77976322
v 1.31336057 3.76671433 -0.77976322
v 1.31336057 3.76671433 -0.77976322
v 3.63438606 4.96077347 0.02222039
v 3.63438606 4.96077347 0.02222039
v 3.63438606 4.96077347 0.02222039
v 1.31336057 4.96077347 0.02222039
v 1.31336057 4.96077347 0.02222039
v 1.31336057 4.96077347 0.02222039
v 1.31336057 3.48499799 -1.08599067
v 1.31336057 3.48499799 -1.08599067
v 1.31336057 3.48499799 -1.08599067
v 3.63438606 3.50647616 -1.06633055
v 3.63438606 3.50647616 -1.06633055
v 3.63438606 3.50647616 -1.06633055
v 3.63438606 3.91315174 -0.85922092
v 3.63438606 3.91315174 -0.85922092
v 3.63438606 3.91315174 -0.85922092
v 1.31336057 3.91315150 -0.85922092
v 1.31336057 3.91315150 -0.85922092
v 1.31336057 3.91315150 -0.85922092
v 1.31336057 3.91315150 -0.85922092
v 3.63438606 4.23931599 -0.56761557
v 3.63438606 4.23931599 -0.56761557
v 3.63438606 4.23931599 -0.56761557
v 1.31336057 4.27295589 -0.54423434
v 1.31336057 4.27295589 -0.54423434
v 1.31336057 4.27295589 -0.54423434
v 1.31336057 3.34297323 -1.00893247
v 1.31336057 3.34297323 -1.00893247
v 1.31336057 3.34297323 -1.00893247
v 1.31336057 3.34297323 -1.00893247
v 3.63438606 3.36445117 -0.98927242
v 3.63438606 3.36445117 -0.98927242
v 3.63438606 3.36445117 -0.98927242
v 3.63438606 4.55651379 -0.08084537
v 3.63438606 4.55651379 -0.08084537
v 3.63438606 4.55651379 -0.08084537
v 1.31336057 4.55651379 -0.08084537
v 1.31336057 4.55651379 -0.08084537
v 1.31336057 4.55651379 -0.08084537
v 3.63438606 2.71345115 -1.06459820
v 3.63438606 2.71345115 -1.06459820
v 3.63438606 2.71345115 -1.06459820
v 1.31336057 2.68478632 -1.09131229
v 1.31336057 2.68478632 -1.09131229
v 1.31336057 2.68478632 -1.09131229
v 3.63438606 4.40850592 -0.11782537
v 3.63438606 4.40850592 -0.11782537
v 3.63438606 4.40850592 -0.11782537
v 1.31336057 4.40850592 -0.11782546
v 1.31336057 4.40850592 -0.11782546
v 1.31336057 4.40850592 -0.11782546
v 3.63438606 4.55651712 0.02222039
v 3.63438606 4.55651712 0.02222039
v 3.63438606 4.55651712 0.02222039
v 3.63438606 4.55651712 0.02222039
v 1.31336057 4.55651712 0.02222039
v 1.31336057 4.55651712 0.02222039
v 1.31336057 4.55651712 0.02222039
v 1.31336057 4.55651712 0.02222039
v 3.63438606 3.78404236 -0.39702570
v 3.63438606 3.78404236 -0.39702570
v 3.63438606 3.78404236 -0.39702570
v 1.31336057 3.78404236 -0.39702570
v 1.31336057 3.78404236 -0.39702570
v 1.31336057 3.78404236 -0.39702570
v 1.31336057 3.78404236 -0.39702570
v 1.31336057 3.30522752 -0.65024662
v 1.31336057 3.30522752 -0.65024662
v 1.31336057 3.30522752 -0.65024662
v 1.31336057 3.30522752 -0.65024662
v 3.63438606 3.30522752 -0.65024662
v 3.63438606 3.30522752 -0.65024662
v 3.63438606 3.30522752 -0.65024662
v 2.76624918 4.96077347 -0.27332407
v 2.76624918 4.96077347 -0.27332407
v 2.76624918 4.96077347 -0.27332407
v 2.76624918 3.03032970 -1.34923017
v 2.76624918 3.03032970 -1.34923017
v 2.76624918 3.03032970 -1.34923017
v 2.76624918 3.03032970 -1.34923017
v 2.76624918 4.96077347 0.02222039
v 2.76624918 4.96077347 0.02222039
v 2.76624918 3.79902506 -0.75442874
v 2.76624918 3.79902506 -0.75442874
v 2.76624918 3.79902506 -0.75442874
v 2.76624918 3.79902506 -0.75442874
v 2.76624918 4.39366579 -0.64313233
v 2.76624918 4.39366579 -0.64313233
v 2.76624918 4.39366579 -0.64313233
v 2.76624918 4.39366579 -0.64313233
v 2.76624918 3.48499799 -1.08599067
v 2.76624918 3.48499799 -1.08599067
v 2.76624918 3.48499799 -1.08599067
v 2.76624918 3.48499799 -1.08599067
v 2.76624918 3.94546247 -0.83388644
v 2.76624918 3.94546247 -0.83388644
v 2.76624918 3.94546247 -0.83388644
v 2.76624918 3.94546247 -0.83388644
v 2.76624918 4.23931599 -0.56761563
v 2.76624918 4.23931599 -0.56761563
v 2.76624918 4.23931599 -0.56761563
v 2.76624918 4.23931599 -0.56761563
v 2.76624918 3.34297347 -1.00893247
v 2.76624918 3.34297347 -1.00893247
v 2.76624918 3.34297347 -1.00893247
v 2.76624918 3.34297347 -1.00893247
v 2.76624918 4.55651379 -0.08084537
v 2.76624918 4.55651379 -0.08084537
v 2.76624918 4.55651379 -0.08084537
v 2.76624918 4.55651379 -0.08084537
v 2.76624918 2.68478632 -1.09131229
v 2.76624918 2.68478632 -1.09131229
v 2.76624918 2.68478632 -1.09131229
v 2.76624918 2.68478632 -1.09131229
v 2.76624918 4.55651712 0.02222039
v 2.76624918 4.55651712 0.02222039
v 2.76624918 4.55651712 0.02222039
v 2.76624918 4.55651712 0.02222039
v 2.76624918 4.55651712 0.02222039
v 2.76624918 4.40850592 -0.11782543
v 2.76624918 4.40850592 -0.11782543
v 2.76624918 4.40850592 -0.11782543
v 2.76624918 4.40850592 -0.11782543
v 2.76624918 3.78404236 -0.39702570
v 2.76624918 3.78404236 -0.39702570
v 2.76624918 3.78404236 -0.39702570
v 2.76624918 3.78404236 -0.39702570
v 2.76624918 3.30522752 -0.65024662
v 2.76624918 3.30522752 -0.65024662
v 2.76624918 3.30522752 -0.65024662
v 2.76624918 3.30522752 -0.65024662
v -1.95773995 6.64900303 -0.38475472
v -1.95773995 6.64900303 -0.38475472
v -1.95773995 6.64900303 -0.38475472
v -1.80149448 8.46918678 -0.50423175
v -1.80149448 8.46918678 -0.50423175
v -1.80149448 8.46918678 -0.50423175
v -1.95773995 6.64900303 -1.28675437
v -1.95773995 6.64900303 -1.28675437
v -1.95773995 6.64900303 -1.28675437
v -1.80149448 8.46918678 -1.16727734
v -1.80149448 8.46918678 -1.16727734
v -1.80149448 8.46918678 -1.16727734
v -1.29169405 6.64900303 -0.38475472
v -1.29169405 6.64900303 -0.38475472
v -1.29169405 6.64900303 -0.38475472
v -1.44793975 8.46918678 -0.50423175
v -1.44793975 8.46918678 -0.50423175
v -1.44793975 8.46918678 -0.50423175
v -1.29169405 6.64900303 -1.28675437
v -1.29169405 6.64900303 -1.28675437
v -1.29169405 6.64900303 -1.28675437
v -1.44793975 8.46918678 -1.16727734
v -1.44793975 8.46918678 -1.16727734
v -1.44793975 8.46918678 -1.16727734
v -1.95773995 4.25274944 -0.05060516
v -1.95773995 4.25274944 -0.05060516
v -1.95773995 4.25274944 -1.62090385
v -1.95773995 4.25274944 -1.62090385
v -1.29169405 4.25274944 -0.05060516
v -1.29169405 4.25274944 -0.05060516
v -1.29169405 4.25274944 -1.62090385
v -1.29169405 4.25274944 -1.62090385
v -1.29169405 6.15467072 -1.62090385
v -1.29169405 6.15467072 -1.62090385
v -1.29169405 6.15467072 -1.62090385
v -1.29169405 6.15467072 -0.05060516
v -1.29169405 6.15467072 -0.05060516
v -1.29169405 6.15467072 -0.05060516
v -1.95773995 6.15467072 -1.62090385
v -1.95773995 6.15467072 -1.62090385
v -1.95773995 6.15467072 -1.62090385
v -1.95773995 6.15467072 -0.05060516
v -1.95773995 6.15467072 -0.05060516
v -1.95773995 6.15467072 -0.05060516
v -1.95773995 8.08817387 -0.38475472
v -1.95773995 8.08817387 -0.38475472
v -1.95773995 8.08817387 -1.28675437
v -1.95773995 8.08817387 -1.28675437
v -1.29169405 8.08817387 -1.28675437
v -1.29169405 8.08817387 -1.28675437
v -1.29169405 8.08817387 -0.38475472
v -1.29169405 8.08817387 -0.38475472
v -1.80149448 6.18739796 -0.50423175
v -1.80149448 6.18739796 -0.50423175
v -1.80149448 6.18739796 -0.50423175
v -1.80149448 6.18739796 -1.16727734
v -1.80149448 6.18739796 -1.16727734
v -1.80149448 6.18739796 -1.16727734
v -1.44793975 6.18739796 -1.16727734
v -1.44793975 6.18739796 -1.16727734
v -1.44793975 6.18739796 -1.16727734
v -1.44793975 6.18739796 -0.50423175
v -1.44793975 6.18739796 -0.50423175
v -1.44793975 6.18739796 -0.50423175
v -2.03573942 8.08817387 -0.27912360
v -2.03573942 8.08817387 -0.27912360
v -2.03573942 8.46918678 -0.27912360
v -2.03573942 8.46918678 -0.27912360
v -2.03573942 8.46918678 -0.27912360
v -2.03573942 8.46918678 -1.39238548
v -2.03573942 8.46918678 -1.39238548
v -2.03573942 8.46918678 -1.39238548
v -1.21369469 8.46918678 -1.39238548
v -1.21369469 8.46918678 -1.39238548
v -1.21369469 8.46918678 -1.39238548
v -1.21369469 8.46918678 -0.27912360
v -1.21369469 8.46918678 -0.27912360
v -1.21369469 8.46918678 -0.27912360
v -2.03573942 8.08817387 -1.39238548
v -2.03573942 8.08817387 -1.39238548
v -1.21369469 8.08817387 -1.39238548
v -1.21369469 8.08817387 -1.39238548
v -1.21369469 8.08817387 -0.27912360
v -1.21369469 8.08817387 -0.27912360
v -2.05102062 7.20011663 -0.28296328
v -2.05102062 7.20011663 -0.28296328
v -2.05102062 7.20011663 -0.80022359
v -2.05102062 7.20011663 -0.80022359
v -2.05102062 7.53705978 -0.80022359
v -2.05102062 7.53705978 -0.80022359
v -2.05102062 7.53705978 -0.80022359
v -1.64979589 7.20011663 -0.28296328
v -1.64979589 7.20011663 -0.28296328
v -1.64979589 7.53705978 -0.28296328
v -1.64979589 7.53705978 -0.28296328
v -1.64979589 7.53705978 -0.28296328
v -1.64979589 7.20011663 -0.80022359
v -1.64979589 7.20011663 -0.80022359
v -1.64979589 7.53705978 -0.80022359
v -1.64979589 7.53705978 -0.80022359
v -1.64979589 7.53705978 -0.80022359
v -2.05102062 5.69141912 -1.11275542
v -2.05102062 5.69141912 -1.11275542
v -2.05102062 6.07935381 -1.11275542
v -2.05102062 6.07935381 -1.11275542
v -2.05102062 6.07935381 -1.11275542
v -2.05102062 5.69141912 -1.71728063
v -2.05102062 5.69141912 -1.71728063
v -1.60084450 5.69141912 -1.11275542
v -1.60084450 5.69141912 -1.11275542
v -1.60084450 6.07935381 -1.11275542
v -1.60084450 6.07935381 -1.11275542
v -1.60084450 6.07935381 -1.11275542
v -1.60084450 5.69141912 -1.71728063
v -1.60084450 5.69141912 -1.71728063
v -1.60084450 6.07935381 -1.71728063
v -1.60084450 6.07935381 -1.71728063
v -1.60084450 6.07935381 -1.71728063
v -1.92418158 7.54064417 -0.27996182
v -1.92418158 7.54064417 -0.27996182
v -1.92418158 7.54064417 -0.27996182
v -2.05323648 7.54064417 -0.45473576
v -2.05323648 7.54064417 -0.45473576
v -2.05323648 7.54064417 -0.45473576
v -2.05323648 7.33193827 -0.27996182
v -2.05323648 7.33193827 -0.27996182
v -2.05323648 7.33193827 -0.27996182
v -1.91130149 6.08293772 -1.72028220
v -1.91130149 6.08293772 -1.72028220
v -1.91130149 6.08293772 -1.72028220
v -2.05323648 5.85340214 -1.72028220
v -2.05323648 5.85340214 -1.72028220
v -2.05323648 5.85340214 -1.72028220
v -2.05323648 6.08293772 -1.52806449
v -2.05323648 6.08293772 -1.52806449
v -2.05323648 6.08293772 -1.52806449
v 1.56231713 1.02548528 2.82087851
v 1.56231713 1.02548528 2.82087851
v 1.56231713 1.02548528 2.82087851
v 1.04365814 1.85876393 2.82087851
v 1.04365814 1.85876393 2.82087851
v 1.04365814 1.85876393 2.82087851
v 1.48819029 1.93289065 2.82087851
v 1.48819029 1.93289065 2.82087851
v 1.48819029 1.93289065 2.82087851
v 1.56231701 1.85876393 2.82087851
v 1.56231701 1.85876393 2.82087851
v 1.56231701 1.85876393 2.82087851
v 0.19662970 1.93289065 2.82087851
v 0.19662970 1.93289065 2.82087851
v 0.19662970 1.93289065 2.82087851
v 1.04365814 1.02548528 -2.77643847
v 1.04365814 1.02548528 -2.77643847
v 1.04365814 1.02548528 -2.77643847
v 1.56231713 1.02548528 -2.77643847
v 1.56231713 1.02548528 -2.77643847
v 1.56231713 1.02548528 -2.77643847
v 1.04365814 1.85876393 -2.77643847
v 1.04365814 1.85876393 -2.77643847
v 1.04365814 1.85876393 -2.77643847
v 1.11778486 1.93289065 -2.77643847
v 1.11778486 1.93289065 -2.77643847
v 1.11778486 1.93289065 -2.77643847
v 1.48819029 1.93289065 -2.77643847
v 1.48819029 1.93289065 -2.77643847
v 1.48819029 1.93289065 -2.77643847
v 1.56231701 1.85876393 -2.77643847
v 1.56231701 1.85876393 -2.77643847
v 1.56231701 1.85876393 -2.77643847
v -1.54202139 1.02548528 -2.77643847
v -1.54202139 1.02548528 -2.77643847
v -1.54202139 1.02548528 -2.77643847
v -0.25046051 1.85876393 -2.77643847
v -0.25046051 1.85876393 -2.77643847
v -0.25046051 1.85876393 -2.77643847
v 3.43240976 0.19932932 0.30719998
v 3.43240976 0.19932932 0.30719998
v 3.43240976 0.19932932 0.30719998
v 3.43240976 0.50784683 0.30719995
v 3.43240976 0.50784683 0.30719995
v 3.43240976 0.50784683 0.30719995
v 3.43240976 1.75943208 0.21191883
v 3.43240976 1.75943208 0.21191883
v 3.43240976 1.75943208 0.21191883
v 2.43335032 1.02548516 2.08930016
v 2.43335032 1.02548516 2.08930016
v 2.43335032 1.02548516 2.08930016
v 2.43335032 1.02548516 1.57064140
v 2.43335032 1.02548516 1.57064140
v 2.43335032 1.02548516 1.57064140
v 2.43335032 1.93289065 2.01517344
v 2.43335032 1.93289065 2.01517344
v 2.43335032 1.93289065 2.01517344
v 2.43335032 1.85876393 1.57064140
v 2.43335032 1.85876393 1.57064140
v 2.43335032 1.85876393 1.57064140
v 3.43240976 0.19932932 -0.26276010
v 3.43240976 0.19932932 -0.26276010
v 3.43240976 0.19932932 -0.26276010
v 2.43335032 1.02548516 -2.04486012
v 2.43335032 1.02548516 -2.04486012
v 2.43335032 1.02548516 -2.04486012
v 2.43335032 1.02548516 -1.52620137
v 2.43335032 1.02548516 -1.52620137
v 2.43335032 1.02548516 -1.52620137
v 2.43335032 1.85876393 -2.04486012
v 2.43335032 1.85876393 -2.04486012
v 2.43335032 1.85876393 -2.04486012
v 2.43335032 1.93289065 -1.60032821
v 2.43335032 1.93289065 -1.60032821
v 2.43335032 1.93289065 -1.60032821
v 3.42363214 3.36376119 0.22157679
v 3.42363214 3.36376119 0.22157679
v 3.42363214 3.36376119 0.22157679
v 3.42363214 3.56311822 0.30415317
v 3.42363214 3.56311822 0.30415317
v 3.42363214 3.56311822 0.30415317
v -2.41363049 1.02548516 1.34202707
v -2.41363049 1.02548516 1.34202707
v -2.41363049 1.02548516 1.34202707
v -2.41363049 1.02548516 1.86068559
v -2.41363049 1.02548516 1.86068559
v -2.41363049 1.02548516 1.86068559
v -2.41363049 1.85876358 1.34202707
v -2.41363049 1.85876358 1.34202707
v -2.41363049 1.85876358 1.34202707
v -2.41363049 1.93289065 1.41615355
v -2.41363049 1.93289065 1.41615355
v -2.41363049 1.93289065 1.41615355
v -2.41363049 1.93289065 1.78655910
v -2.41363049 1.93289065 1.78655910
v -2.41363049 1.93289065 1.78655910
v -2.41363049 1.85876358 1.86068535
v -2.41363049 1.85876358 1.86068535
v -2.41363049 1.85876358 1.86068535
v -2.41363049 1.02548516 -1.81550038
v -2.41363049 1.02548516 -1.81550038
v -2.41363049 1.02548516 -1.81550038
v -2.41363049 1.02548516 -1.29684150
v -2.41363049 1.02548516 -1.29684150
v -2.41363049 1.02548516 -1.29684150
v -2.41363049 1.85876358 -1.81550038
v -2.41363049 1.85876358 -1.81550038
v -2.41363049 1.85876358 -1.81550038
v -2.37051344 0.19932932 -0.26275998
v -2.37051344 0.19932932 -0.26275998
v -2.37051344 0.19932932 -0.26275998
v -2.37051344 0.50784683 -0.26275998
v -2.37051344 0.50784683 -0.26275998
v -2.37051344 0.50784683 -0.26275998
v -2.37051344 0.78472918 -0.26275998
v -2.37051344 0.78472918 -0.26275998
v -2.37051344 0.78472918 -0.26275998
v -2.37051344 1.38497508 -0.26275998
v -2.37051344 1.38497508 -0.26275998
v -2.37051344 1.38497508 -0.26275998
v -2.37051344 0.19932932 0.30719990
v -2.37051344 0.19932932 0.30719990
v -2.37051344 0.19932932 0.30719990
v -2.37051344 0.50784683 0.30719990
v -2.37051344 0.50784683 0.30719990
v -2.37051344 0.50784683 0.30719990
v -2.37051344 0.78472918 0.30719990
v -2.37051344 0.78472918 0.30719990
v -2.37051344 0.78472918 0.30719990
v -2.37051344 1.38497508 0.30719990
v -2.37051344 1.38497508 0.30719990
v -2.37051344 1.38497508 0.30719990
v -2.37051344 1.48025632 0.21191882
v -2.37051344 1.48025632 0.21191882
v -2.37051344 1.48025632 0.21191882
v 0.94533813 0.92689461 2.90153074
v 0.94533813 0.92689461 2.90153074
v 0.94533813 0.92689461 2.69226146
v 1.66063750 0.92689461 2.90153074
v 1.66063750 0.92689461 2.90153074
v 1.66063750 0.92689461 2.69226146
v 1.11778510 1.93289065 2.90153074
v 1.11778510 1.93289065 2.90153074
v 1.11778510 1.93289065 2.90153074
v 1.04365826 1.85876393 2.90153074
v 1.04365826 1.85876393 2.90153074
v 1.04365826 1.85876393 2.90153074
v 0.94533813 1.89948952 2.69226146
v 0.94533813 1.89948952 2.69226146
v 1.07705951 2.03121090 2.69226146
v 1.07705951 2.03121090 2.69226146
v 1.56231713 1.85876393 2.90153074
v 1.56231713 1.85876393 2.90153074
v 1.56231713 1.85876393 2.90153074
v 1.56231713 1.85876393 2.90153074
v 1.48819041 1.93289065 2.90153074
v 1.48819041 1.93289065 2.90153074
v 1.48819041 1.93289065 2.90153074
v 1.48819041 1.93289065 2.90153074
v 1.52891600 2.03121090 2.69226146
v 1.52891600 2.03121090 2.69226146
v 1.66063750 1.89948952 2.69226146
v 1.66063750 1.89948952 2.69226146
v 0.94533813 1.89948952 2.90153074
v 0.94533813 1.89948952 2.90153074
v 0.94533813 1.89948952 2.90153074
v 1.04365826 1.02548528 2.90153074
v 1.04365826 1.02548528 2.90153074
v 1.04365826 1.02548528 2.90153074
v 1.56231737 1.02548528 2.90153074
v 1.56231737 1.02548528 2.90153074
v 1.56231737 1.02548528 2.90153074
v 1.07705951 2.03121090 2.90153074
v 1.07705951 2.03121090 2.90153074
v 1.07705951 2.03121090 2.90153074
v 1.52891600 2.03121090 2.90153074
v 1.52891600 2.03121090 2.90153074
v 1.52891600 2.03121090 2.90153074
v 1.52891600 2.03121090 2.90153074
v 1.66063750 1.89948952 2.90153074
v 1.66063750 1.89948952 2.90153074
v 1.66063750 1.89948952 2.90153074
v 1.66063750 1.89948952 2.90153074
v 1.04365826 1.02548528 2.82087898
v 1.04365826 1.02548528 2.82087898
v 1.04365826 1.02548528 2.82087898
v 1.11778510 1.93289065 2.82087898
v 1.11778510 1.93289065 2.82087898
v 1.11778510 1.93289065 2.82087898
v 1.25837052 1.02548516 2.89099121
v 1.25837052 1.02548516 2.89099121
v 1.34760523 1.02548516 2.89099121
v 1.34760523 1.02548516 2.89099121
v 1.34760523 1.93289065 2.76658630
v 1.25837052 1.93289065 2.76658630
v 1.25837052 1.93289065 2.89099121
v 1.25837052 1.93289065 2.89099121
v 1.34760523 1.93289065 2.89099121
v 1.34760523 1.93289065 2.89099121
v 1.34760523 1.02548516 2.76658630
v 1.25837052 1.02548516 2.76658630
v 1.04365826 1.53949785 2.90153074
v 1.04365826 1.53949785 2.90153074
v 1.04365826 1.45026326 2.90153074
v 1.56231713 1.53949785 2.76658630
v 1.56231713 1.53949773 2.90153074
v 1.56231713 1.53949773 2.90153074
v 1.56231713 1.45026302 2.90153074
v 1.04365826 1.53949797 2.76658630
v 0.36907685 0.92689461 2.90153074
v 0.36907685 0.92689461 2.90153074
v 0.36907685 0.92689461 2.69226146
v 0.27075660 1.85876393 2.90153074
v 0.27075660 1.85876393 2.90153074
v 0.27075660 1.85876393 2.90153074
v 0.19662982 1.93289065 2.90153074
v 0.19662982 1.93289065 2.90153074
v 0.19662982 1.93289065 2.90153074
v 0.23735541 2.03121090 2.69226146
v 0.23735541 2.03121090 2.69226146
v 0.36907685 1.89948952 2.69226146
v 0.36907685 1.89948952 2.69226146
v 0.27075672 1.02548528 2.90153074
v 0.27075672 1.02548528 2.90153074
v 0.27075672 1.02548528 2.90153074
v 0.23735541 2.03121090 2.90153074
v 0.23735541 2.03121090 2.90153074
v 0.23735541 2.03121090 2.90153074
v 0.36907685 1.89948952 2.90153074
v 0.36907685 1.89948952 2.90153074
v 0.36907685 1.89948952 2.90153074
v 0.27075672 1.02548528 2.82087898
v 0.27075672 1.02548528 2.82087898
v 0.27075672 1.02548528 2.82087898
v 0.27075660 1.85876393 2.82087898
v 0.27075660 1.85876393 2.82087898
v 0.27075660 1.85876393 2.82087898
v 0.05604458 1.02548516 2.89099121
v 0.05604458 1.02548516 2.89099121
v 0.05604458 1.93289065 2.76658630
v 0.05604458 1.93289065 2.89099121
v 0.05604458 1.93289065 2.89099121
v 0.05604458 1.02548516 2.76658630
v 0.27075660 1.53949785 2.76658630
v 0.27075660 1.53949773 2.90153074
v 0.27075660 1.53949773 2.90153074
v 0.27075660 1.45026302 2.90153074
v -0.92504179 0.92689461 2.90153074
v -0.92504179 0.92689461 2.90153074
v -0.92504179 0.92689461 2.69226146
v -1.64034116 0.92689461 2.90153074
v -1.64034116 0.92689461 2.90153074
v -1.64034116 0.92689461 2.69226146
v -1.09748900 1.93289065 2.90153074
v -1.09748900 1.93289065 2.90153074
v -1.09748900 1.93289065 2.90153074
v -1.09748900 1.93289065 2.90153074
v -1.02336204 1.85876393 2.90153074
v -1.02336204 1.85876393 2.90153074
v -1.02336204 1.85876393 2.90153074
v -0.92504179 1.89948952 2.69226146
v -0.92504179 1.89948952 2.69226146
v -1.05676329 2.03121090 2.69226146
v -1.05676329 2.03121090 2.69226146
v -1.54202092 1.85876393 2.90153074
v -1.54202092 1.85876393 2.90153074
v -1.54202092 1.85876393 2.90153074
v -1.46789420 1.93289065 2.90153074
v -1.46789420 1.93289065 2.90153074
v -1.46789420 1.93289065 2.90153074
v -1.46789420 1.93289065 2.90153074
v -1.50861967 2.03121090 2.69226146
v -1.50861967 2.03121090 2.69226146
v -1.64034116 1.89948952 2.69226146
v -1.64034116 1.89948952 2.69226146
v -0.92504179 1.89948952 2.90153074
v -0.92504179 1.89948952 2.90153074
v -0.92504179 1.89948952 2.90153074
v -1.02336204 1.02548528 2.90153074
v -1.02336204 1.02548528 2.90153074
v -1.02336204 1.02548528 2.90153074
v -1.54202116 1.02548528 2.90153074
v -1.54202116 1.02548528 2.90153074
v -1.54202116 1.02548528 2.90153074
v -1.05676329 2.03121090 2.90153074
v -1.05676329 2.03121090 2.90153074
v -1.05676329 2.03121090 2.90153074
v -1.05676329 2.03121090 2.90153074
v -1.50861967 2.03121090 2.90153074
v -1.50861967 2.03121090 2.90153074
v -1.50861967 2.03121090 2.90153074
v -1.50861967 2.03121090 2.90153074
v -1.64034116 1.89948952 2.90153074
v -1.64034116 1.89948952 2.90153074
v -1.64034116 1.89948952 2.90153074
v -1.02336204 1.02548528 2.82087898
v -1.02336204 1.02548528 2.82087898
v -1.02336204 1.02548528 2.82087898
v -1.54202116 1.02548528 2.82087898
v -1.54202116 1.02548528 2.82087898
v -1.54202116 1.02548528 2.82087898
v -1.02336204 1.85876393 2.82087898
v -1.02336204 1.85876393 2.82087898
v -1.02336204 1.85876393 2.82087898
v -1.09748900 1.93289065 2.82087898
v -1.09748900 1.93289065 2.82087898
v -1.09748900 1.93289065 2.82087898
v -1.46789420 1.93289065 2.82087898
v -1.46789420 1.93289065 2.82087898
v -1.46789420 1.93289065 2.82087898
v -1.54202092 1.85876393 2.82087898
v -1.54202092 1.85876393 2.82087898
v -1.54202092 1.85876393 2.82087898
v -1.23807442 1.02548516 2.89099121
v -1.23807442 1.02548516 2.89099121
v -1.32730901 1.02548516 2.89099121
v -1.32730901 1.02548516 2.89099121
v -1.32730901 1.93289065 2.76658630
v -1.23807442 1.93289065 2.76658630
v -1.23807442 1.93289065 2.89099121
v -1.23807442 1.93289065 2.89099121
v -1.32730901 1.93289065 2.89099121
v -1.32730901 1.93289065 2.89099121
v -1.32730901 1.02548516 2.76658630
v -1.23807442 1.02548516 2.76658630
v -1.02336204 1.53949785 2.90153074
v -1.02336204 1.53949785 2.90153074
v -1.02336204 1.45026326 2.90153074
v -1.54202092 1.53949785 2.76658630
v -1.54202092 1.53949773 2.90153074
v -1.54202092 1.53949773 2.90153074
v -1.54202092 1.45026302 2.90153074
v -1.02336204 1.53949797 2.76658630
v -0.34878063 0.92689461 2.90153074
v -0.34878063 0.92689461 2.90153074
v -0.34878063 0.92689461 2.69226146
v -0.25046039 1.85876393 2.90153074
v -0.25046039 1.85876393 2.90153074
v -0.25046039 1.85876393 2.90153074
v -0.17633367 1.93289065 2.90153074
v -0.17633367 1.93289065 2.90153074
v -0.17633367 1.93289065 2.90153074
v -0.21705925 2.03121090 2.69226146
v -0.21705925 2.03121090 2.69226146
v -0.34878063 1.89948952 2.69226146
v -0.34878063 1.89948952 2.69226146
v -0.25046051 1.02548528 2.90153074
v -0.25046051 1.02548528 2.90153074
v -0.25046051 1.02548528 2.90153074
v -0.21705925 2.03121090 2.90153074
v -0.21705925 2.03121090 2.90153074
v -0.21705925 2.03121090 2.90153074
v -0.34878063 1.89948952 2.90153074
v -0.34878063 1.89948952 2.90153074
v -0.34878063 1.89948952 2.90153074
v -0.25046051 1.02548528 2.82087898
v -0.25046051 1.02548528 2.82087898
v -0.25046051 1.02548528 2.82087898
v -0.17633367 1.93289065 2.82087898
v -0.17633367 1.93289065 2.82087898
v -0.17633367 1.93289065 2.82087898
v -0.25046039 1.85876393 2.82087898
v -0.25046039 1.85876393 2.82087898
v -0.25046039 1.85876393 2.82087898
v -0.03574836 1.02548516 2.89099121
v -0.03574836 1.02548516 2.89099121
v -0.03574836 1.93289065 2.76658630
v -0.03574836 1.93289065 2.89099121
v -0.03574836 1.93289065 2.89099121
v -0.03574836 1.02548516 2.76658630
v -0.25046039 1.53949785 2.76658630
v -0.25046039 1.53949773 2.90153074
v -0.25046039 1.53949773 2.90153074
v -0.25046039 1.45026302 2.90153074
v 0.94533813 0.92689461 -2.85708952
v 0.94533813 0.92689461 -2.85708952
v 0.94533813 0.92689461 -2.64782023
v 1.66063750 0.92689461 -2.85708952
v 1.66063750 0.92689461 -2.85708952
v 1.66063750 0.92689461 -2.64782023
v 1.11778510 1.93289065 -2.85708952
v 1.11778510 1.93289065 -2.85708952
v 1.11778510 1.93289065 -2.85708952
v 1.04365826 1.85876393 -2.85708952
v 1.04365826 1.85876393 -2.85708952
v 1.04365826 1.85876393 -2.85708952
v 0.94533813 1.89948952 -2.64782023
v 0.94533813 1.89948952 -2.64782023
v 1.07705951 2.03121090 -2.64782023
v 1.07705951 2.03121090 -2.64782023
v 1.56231713 1.85876393 -2.85708952
v 1.56231713 1.85876393 -2.85708952
v 1.56231713 1.85876393 -2.85708952
v 1.56231713 1.85876393 -2.85708952
v 1.48819041 1.93289065 -2.85708952
v 1.48819041 1.93289065 -2.85708952
v 1.48819041 1.93289065 -2.85708952
v 1.48819041 1.93289065 -2.85708952
v 1.52891600 2.03121090 -2.64782023
v 1.52891600 2.03121090 -2.64782023
v 1.66063750 1.89948952 -2.64782023
v 1.66063750 1.89948952 -2.64782023
v 0.94533813 1.89948952 -2.85708952
v 0.94533813 1.89948952 -2.85708952
v 0.94533813 1.89948952 -2.85708952
v 1.04365826 1.02548528 -2.85708952
v 1.04365826 1.02548528 -2.85708952
v 1.04365826 1.02548528 -2.85708952
v 1.56231737 1.02548528 -2.85708952
v 1.56231737 1.02548528 -2.85708952
v 1.56231737 1.02548528 -2.85708952
v 1.07705951 2.03121090 -2.85708952
v 1.07705951 2.03121090 -2.85708952
v 1.07705951 2.03121090 -2.85708952
v 1.52891600 2.03121090 -2.85708952
v 1.52891600 2.03121090 -2.85708952
v 1.52891600 2.03121090 -2.85708952
v 1.52891600 2.03121090 -2.85708952
v 1.66063750 1.89948952 -2.85708952
v 1.66063750 1.89948952 -2.85708952
v 1.66063750 1.89948952 -2.85708952
v 1.66063750 1.89948952 -2.85708952
v 1.25837052 1.02548516 -2.84654999
v 1.25837052 1.02548516 -2.84654999
v 1.34760523 1.02548516 -2.84654999
v 1.34760523 1.02548516 -2.84654999
v 1.34760523 1.93289065 -2.72214508
v 1.25837052 1.93289065 -2.72214508
v 1.25837052 1.93289065 -2.84654999
v 1.25837052 1.93289065 -2.84654999
v 1.34760523 1.93289065 -2.84654999
v 1.34760523 1.93289065 -2.84654999
v 1.34760523 1.02548516 -2.72214508
v 1.25837052 1.02548516 -2.72214508
v 1.04365826 1.53949785 -2.85708952
v 1.04365826 1.53949785 -2.85708952
v 1.04365826 1.45026326 -2.85708952
v 1.56231713 1.53949785 -2.72214508
v 1.56231713 1.53949773 -2.85708952
v 1.56231713 1.53949773 -2.85708952
v 1.56231713 1.45026302 -2.85708952
v 1.04365826 1.53949797 -2.72214508
v 0.36907685 0.92689461 -2.85708952
v 0.36907685 0.92689461 -2.85708952
v 0.36907685 0.92689461 -2.64782023
v 0.27075660 1.85876393 -2.85708952
v 0.27075660 1.85876393 -2.85708952
v 0.27075660 1.85876393 -2.85708952
v 0.19662982 1.93289065 -2.85708952
v 0.19662982 1.93289065 -2.85708952
v 0.19662982 1.93289065 -2.85708952
v 0.23735541 2.03121090 -2.64782023
v 0.23735541 2.03121090 -2.64782023
v 0.36907685 1.89948952 -2.64782023
v 0.36907685 1.89948952 -2.64782023
v 0.27075672 1.02548528 -2.85708952
v 0.27075672 1.02548528 -2.85708952
v 0.27075672 1.02548528 -2.85708952
v 0.23735541 2.03121090 -2.85708952
v 0.23735541 2.03121090 -2.85708952
v 0.23735541 2.03121090 -2.85708952
v 0.36907685 1.89948952 -2.85708952
v 0.36907685 1.89948952 -2.85708952
v 0.36907685 1.89948952 -2.85708952
v 0.27075672 1.02548528 -2.77643824
v 0.27075672 1.02548528 -2.77643824
v 0.27075672 1.02548528 -2.77643824
v 0.19662982 1.93289065 -2.77643824
v 0.19662982 1.93289065 -2.77643824
v 0.19662982 1.93289065 -2.77643824
v 0.27075660 1.85876393 -2.77643824
v 0.27075660 1.85876393 -2.77643824
v 0.27075660 1.85876393 -2.77643824
v 0.05604458 1.02548516 -2.84654999
v 0.05604458 1.02548516 -2.84654999
v 0.05604458 1.93289065 -2.72214508
v 0.05604458 1.93289065 -2.84654999
v 0.05604458 1.93289065 -2.84654999
v 0.05604458 1.02548516 -2.72214508
v 0.27075660 1.53949785 -2.72214508
v 0.27075660 1.53949773 -2.85708952
v 0.27075660 1.53949773 -2.85708952
v 0.27075660 1.45026302 -2.85708952
v -0.92504179 0.92689461 -2.85708952
v -0.92504179 0.92689461 -2.85708952
v -0.92504179 0.92689461 -2.64782023
v -1.64034116 0.92689461 -2.85708952
v -1.64034116 0.92689461 -2.85708952
v -1.64034116 0.92689461 -2.64782023
v -1.09748900 1.93289065 -2.85708952
v -1.09748900 1.93289065 -2.85708952
v -1.09748900 1.93289065 -2.85708952
v -1.09748900 1.93289065 -2.85708952
v -1.02336204 1.85876393 -2.85708952
v -1.02336204 1.85876393 -2.85708952
v -1.02336204 1.85876393 -2.85708952
v -0.92504179 1.89948952 -2.64782023
v -0.92504179 1.89948952 -2.64782023
v -1.05676329 2.03121090 -2.64782023
v -1.05676329 2.03121090 -2.64782023
v -1.54202092 1.85876393 -2.85708952
v -1.54202092 1.85876393 -2.85708952
v -1.54202092 1.85876393 -2.85708952
v -1.46789420 1.93289065 -2.85708952
v -1.46789420 1.93289065 -2.85708952
v -1.46789420 1.93289065 -2.85708952
v -1.46789420 1.93289065 -2.85708952
v -1.50861967 2.03121090 -2.64782023
v -1.50861967 2.03121090 -2.64782023
v -1.64034116 1.89948952 -2.64782023
v -1.64034116 1.89948952 -2.64782023
v -0.92504179 1.89948952 -2.85708952
v -0.92504179 1.89948952 -2.85708952
v -0.92504179 1.89948952 -2.85708952
v -1.02336204 1.02548528 -2.85708952
v -1.02336204 1.02548528 -2.85708952
v -1.02336204 1.02548528 -2.85708952
v -1.54202116 1.02548528 -2.85708952
v -1.54202116 1.02548528 -2.85708952
v -1.54202116 1.02548528 -2.85708952
v -1.05676329 2.03121090 -2.85708952
v -1.05676329 2.03121090 -2.85708952
v -1.05676329 2.03121090 -2.85708952
v -1.05676329 2.03121090 -2.85708952
v -1.50861967 2.03121090 -2.85708952
v -1.50861967 2.03121090 -2.85708952
v -1.50861967 2.03121090 -2.85708952
v -1.50861967 2.03121090 -2.85708952
v -1.64034116 1.89948952 -2.85708952
v -1.64034116 1.89948952 -2.85708952
v -1.64034116 1.89948952 -2.85708952
v -1.02336204 1.02548528 -2.77643824
v -1.02336204 1.02548528 -2.77643824
v -1.02336204 1.02548528 -2.77643824
v -1.02336204 1.85876393 -2.77643824
v -1.02336204 1.85876393 -2.77643824
v -1.02336204 1.85876393 -2.77643824
v -1.09748900 1.93289065 -2.77643824
v -1.09748900 1.93289065 -2.77643824
v -1.09748900 1.93289065 -2.77643824
v -1.46789420 1.93289065 -2.77643824
v -1.46789420 1.93289065 -2.77643824
v -1.46789420 1.93289065 -2.77643824
v -1.54202092 1.85876393 -2.77643824
v -1.54202092 1.85876393 -2.77643824
v -1.54202092 1.85876393 -2.77643824
v -1.23807442 1.02548516 -2.84654999
v -1.23807442 1.02548516 -2.84654999
v -1.32730901 1.02548516 -2.84654999
v -1.32730901 1.02548516 -2.84654999
v -1.32730901 1.93289065 -2.72214508
v -1.23807442 1.93289065 -2.72214508
v -1.23807442 1.93289065 -2.84654999
v -1.23807442 1.93289065 -2.84654999
v -1.32730901 1.93289065 -2.84654999
v -1.32730901 1.93289065 -2.84654999
v -1.32730901 1.02548516 -2.72214508
v -1.23807442 1.02548516 -2.72214508
v -1.02336204 1.53949785 -2.85708952
v -1.02336204 1.53949785 -2.85708952
v -1.02336204 1.45026326 -2.85708952
v -1.54202092 1.53949785 -2.72214508
v -1.54202092 1.53949773 -2.85708952
v -1.54202092 1.53949773 -2.85708952
v -1.54202092 1.45026302 -2.85708952
v -1.02336204 1.53949797 -2.72214508
v -0.34878063 0.92689461 -2.85708952
v -0.34878063 0.92689461 -2.85708952
v -0.34878063 0.92689461 -2.64782023
v -0.25046039 1.85876393 -2.85708952
v -0.25046039 1.85876393 -2.85708952
v -0.25046039 1.85876393 -2.85708952
v -0.17633367 1.93289065 -2.85708952
v -0.17633367 1.93289065 -2.85708952
v -0.17633367 1.93289065 -2.85708952
v -0.21705925 2.03121090 -2.64782023
v -0.21705925 2.03121090 -2.64782023
v -0.34878063 1.89948952 -2.64782023
v -0.34878063 1.89948952 -2.64782023
v -0.25046051 1.02548528 -2.85708952
v -0.25046051 1.02548528 -2.85708952
v -0.25046051 1.02548528 -2.85708952
v -0.21705925 2.03121090 -2.85708952
v -0.21705925 2.03121090 -2.85708952
v -0.21705925 2.03121090 -2.85708952
v -0.34878063 1.89948952 -2.85708952
v -0.34878063 1.89948952 -2.85708952
v -0.34878063 1.89948952 -2.85708952
v -0.25046051 1.02548528 -2.77643824
v -0.25046051 1.02548528 -2.77643824
v -0.25046051 1.02548528 -2.77643824
v -0.17633367 1.93289065 -2.77643824
v -0.17633367 1.93289065 -2.77643824
v -0.17633367 1.93289065 -2.77643824
v -0.03574836 1.02548516 -2.84654999
v -0.03574836 1.02548516 -2.84654999
v -0.03574836 1.93289065 -2.72214508
v -0.03574836 1.93289065 -2.84654999
v -0.03574836 1.93289065 -2.84654999
v -0.03574836 1.02548516 -2.72214508
v -0.25046039 1.53949785 -2.72214508
v -0.25046039 1.53949773 -2.85708952
v -0.25046039 1.53949773 -2.85708952
v -0.25046039 1.45026302 -2.85708952
v 2.51400256 0.92689461 2.18762088
v 2.51400256 0.92689461 2.18762088
v 2.51400256 0.92689461 2.18762088
v 2.30473304 0.92689461 2.18762088
v 2.51400185 0.92689461 1.47232175
v 2.51400185 0.92689461 1.47232175
v 2.51400185 0.92689461 1.47232175
v 2.30473280 0.92689461 1.47232175
v 2.51400256 1.93289065 2.01517391
v 2.51400256 1.93289065 2.01517391
v 2.51400256 1.93289065 2.01517391
v 2.51400256 1.93289065 2.01517391
v 2.51400256 1.85876393 2.08930063
v 2.51400256 1.85876393 2.08930063
v 2.51400256 1.85876393 2.08930063
v 2.30473304 1.89948940 2.18762088
v 2.30473304 1.89948940 2.18762088
v 2.30473304 2.03121090 2.05589938
v 2.30473304 2.03121090 2.05589938
v 2.51400185 1.85876393 1.57064188
v 2.51400185 1.85876393 1.57064188
v 2.51400185 1.85876393 1.57064188
v 2.51400185 1.93289065 1.64476860
v 2.51400185 1.93289065 1.64476860
v 2.51400185 1.93289065 1.64476860
v 2.51400185 1.93289065 1.64476860
v 2.30473280 2.03121090 1.60404301
v 2.30473280 2.03121090 1.60404301
v 2.30473280 1.89948940 1.47232175
v 2.30473280 1.89948940 1.47232175
v 2.51400256 1.89948940 2.18762088
v 2.51400256 1.89948940 2.18762088
v 2.51400256 1.89948940 2.18762088
v 2.51400256 1.02548516 2.08930063
v 2.51400256 1.02548516 2.08930063
v 2.51400256 1.02548516 2.08930063
v 2.51400256 1.02548516 2.08930063
v 2.51400185 1.02548516 1.57064188
v 2.51400185 1.02548516 1.57064188
v 2.51400185 1.02548516 1.57064188
v 2.51400185 1.02548516 1.57064188
v 2.51400256 2.03121090 2.05589938
v 2.51400256 2.03121090 2.05589938
v 2.51400256 2.03121090 2.05589938
v 2.51400256 2.03121090 2.05589938
v 2.51400185 2.03121090 1.60404301
v 2.51400185 2.03121090 1.60404301
v 2.51400185 2.03121090 1.60404301
v 2.51400185 2.03121090 1.60404301
v 2.51400185 1.89948940 1.47232175
v 2.51400185 1.89948940 1.47232175
v 2.51400185 1.89948940 1.47232175
v 2.43335056 1.85876393 2.08930063
v 2.43335056 1.85876393 2.08930063
v 2.43335056 1.85876393 2.08930063
v 2.43335056 1.93289065 1.64476860
v 2.43335056 1.93289065 1.64476860
v 2.43335056 1.93289065 1.64476860
v 2.50346231 1.02548516 1.87458849
v 2.50346231 1.02548516 1.87458849
v 2.50346231 1.02548516 1.78535390
v 2.50346231 1.02548516 1.78535390
v 2.37905741 1.93289053 1.78535390
v 2.37905741 1.93289053 1.87458849
v 2.50346231 1.93289053 1.87458849
v 2.50346231 1.93289053 1.87458849
v 2.50346231 1.93289053 1.78535390
v 2.50346231 1.93289053 1.78535390
v 2.37905741 1.02548516 1.78535390
v 2.37905741 1.02548516 1.87458849
v 2.51400256 1.53949773 2.08930063
v 2.51400256 1.53949773 2.08930063
v 2.51400256 1.45026302 2.08930063
v 2.37905741 1.53949773 1.57064188
v 2.51400185 1.53949773 1.57064188
v 2.51400185 1.53949773 1.57064188
v 2.51400185 1.45026302 1.57064188
v 2.37905788 1.53949785 2.08930063
v 2.51400256 0.92689461 -2.14317989
v 2.51400256 0.92689461 -2.14317989
v 2.51400256 0.92689461 -2.14317989
v 2.30473304 0.92689461 -2.14317989
v 2.51400185 0.92689461 -1.42788088
v 2.51400185 0.92689461 -1.42788088
v 2.51400185 0.92689461 -1.42788088
v 2.30473280 0.92689461 -1.42788088
v 2.51400256 1.93289065 -1.97073293
v 2.51400256 1.93289065 -1.97073293
v 2.51400256 1.93289065 -1.97073293
v 2.51400256 1.93289065 -1.97073293
v 2.51400256 1.85876393 -2.04485989
v 2.51400256 1.85876393 -2.04485989
v 2.51400256 1.85876393 -2.04485989
v 2.51400256 1.85876393 -2.04485989
v 2.30473304 1.89948940 -2.14317989
v 2.30473304 1.89948940 -2.14317989
v 2.30473304 2.03121090 -2.01145864
v 2.30473304 2.03121090 -2.01145864
v 2.51400185 1.85876393 -1.52620101
v 2.51400185 1.85876393 -1.52620101
v 2.51400185 1.85876393 -1.52620101
v 2.51400185 1.93289065 -1.60032773
v 2.51400185 1.93289065 -1.60032773
v 2.51400185 1.93289065 -1.60032773
v 2.51400185 1.93289065 -1.60032773
v 2.30473280 2.03121090 -1.55960214
v 2.30473280 2.03121090 -1.55960214
v 2.30473280 1.89948940 -1.42788088
v 2.30473280 1.89948940 -1.42788088
v 2.51400256 1.89948940 -2.14317989
v 2.51400256 1.89948940 -2.14317989
v 2.51400256 1.89948940 -2.14317989
v 2.51400256 1.89948940 -2.14317989
v 2.51400256 1.02548516 -2.04485989
v 2.51400256 1.02548516 -2.04485989
v 2.51400256 1.02548516 -2.04485989
v 2.51400256 1.02548516 -2.04485989
v 2.51400185 1.02548516 -1.52620101
v 2.51400185 1.02548516 -1.52620101
v 2.51400185 1.02548516 -1.52620101
v 2.51400185 1.02548516 -1.52620101
v 2.51400256 2.03121090 -2.01145864
v 2.51400256 2.03121090 -2.01145864
v 2.51400256 2.03121090 -2.01145864
v 2.51400256 2.03121090 -2.01145864
v 2.51400185 2.03121090 -1.55960214
v 2.51400185 2.03121090 -1.55960214
v 2.51400185 2.03121090 -1.55960214
v 2.51400185 2.03121090 -1.55960214
v 2.51400185 1.89948940 -1.42788088
v 2.51400185 1.89948940 -1.42788088
v 2.51400185 1.89948940 -1.42788088
v 2.43335056 1.93289065 -1.97073293
v 2.43335056 1.93289065 -1.97073293
v 2.43335056 1.93289065 -1.97073293
v 2.43335056 1.85876393 -1.52620101
v 2.43335056 1.85876393 -1.52620101
v 2.43335056 1.85876393 -1.52620101
v 2.50346231 1.02548516 -1.83014762
v 2.50346231 1.02548516 -1.83014762
v 2.50346231 1.02548516 -1.74091303
v 2.50346231 1.02548516 -1.74091303
v 2.37905741 1.93289053 -1.74091303
v 2.37905741 1.93289053 -1.83014762
v 2.50346231 1.93289053 -1.83014762
v 2.50346231 1.93289053 -1.83014762
v 2.50346231 1.93289053 -1.74091303
v 2.50346231 1.93289053 -1.74091303
v 2.37905741 1.02548516 -1.74091303
v 2.37905741 1.02548516 -1.83014762
v 2.51400256 1.53949773 -2.04485989
v 2.51400256 1.53949773 -2.04485989
v 2.51400256 1.45026302 -2.04485989
v 2.37905741 1.53949773 -1.52620101
v 2.51400185 1.53949773 -1.52620101
v 2.51400185 1.53949773 -1.52620101
v 2.51400185 1.45026302 -1.52620101
v 2.37905788 1.53949785 -2.04485989
v 3.32816076 3.56311822 -0.38111663
v 3.32816076 3.56311822 -0.38111663
v 3.49711227 3.56311822 -0.25971287
v 3.49711227 3.56311822 -0.25971287
v 3.49711227 3.56311822 -0.25971287
v 3.32816076 3.27791572 -0.26298201
v 3.32816076 3.27791572 -0.26298201
v 3.49711227 3.36376119 -0.17713653
v 3.49711227 3.36376119 -0.17713653
v 3.49711227 3.36376119 -0.17713653
v 3.32816076 3.15978098 0.02222039
v 3.32816076 3.15978098 0.02222039
v 3.49711227 3.28118491 0.02222039
v 3.49711227 3.28118491 0.02222039
v 3.49711227 3.28118491 0.02222039
v 3.32816076 3.27791572 0.30742267
v 3.32816076 3.27791572 0.30742267
v 3.49711227 3.36376119 0.22157723
v 3.49711227 3.36376119 0.22157723
v 3.49711227 3.36376119 0.22157723
v 3.32816076 3.56311822 0.42555732
v 3.32816076 3.56311822 0.42555732
v 3.49711227 3.56311822 0.30415362
v 3.49711227 3.56311822 0.30415362
v 3.49711227 3.56311822 0.30415362
v 3.49711227 3.56311822 0.30415362
v 3.32816076 3.84832048 0.30742267
v 3.32816076 3.84832048 0.30742267
v 3.49711227 3.76247525 0.22157723
v 3.49711227 3.76247525 0.22157723
v 3.49711227 3.76247525 0.22157723
v 3.49711227 3.76247525 0.22157723
v 3.32816076 3.96645498 0.02222039
v 3.32816076 3.96645498 0.02222039
v 3.49711227 3.84505129 0.02222039
v 3.49711227 3.84505129 0.02222039
v 3.49711227 3.84505129 0.02222039
v 3.32816076 3.84832048 -0.26298201
v 3.32816076 3.84832048 -0.26298201
v 3.49711227 3.76247525 -0.17713653
v 3.49711227 3.76247525 -0.17713653
v 3.49711227 3.76247525 -0.17713653
v 3.49711227 3.27791572 -0.26298201
v 3.49711227 3.27791572 -0.26298201
v 3.49711227 3.27791572 -0.26298201
v 3.49711227 3.56311822 -0.38111663
v 3.49711227 3.56311822 -0.38111663
v 3.49711227 3.56311822 -0.38111663
v 3.49711227 3.15978098 0.02222039
v 3.49711227 3.15978098 0.02222039
v 3.49711227 3.15978098 0.02222039
v 3.49711227 3.27791572 0.30742267
v 3.49711227 3.27791572 0.30742267
v 3.49711227 3.27791572 0.30742267
v 3.49711227 3.56311822 0.42555732
v 3.49711227 3.56311822 0.42555732
v 3.49711227 3.56311822 0.42555732
v 3.49711227 3.56311822 0.42555732
v 3.49711227 3.84832048 0.30742267
v 3.49711227 3.84832048 0.30742267
v 3.49711227 3.84832048 0.30742267
v 3.49711227 3.84832048 0.30742267
v 3.49711227 3.96645498 0.02222039
v 3.49711227 3.96645498 0.02222039
v 3.49711227 3.96645498 0.02222039
v 3.49711227 3.84832048 -0.26298201
v 3.49711227 3.84832048 -0.26298201
v 3.49711227 3.84832048 -0.26298201
v 3.42363214 3.36376119 -0.17713653
v 3.42363214 3.36376119 -0.17713653
v 3.42363214 3.36376119 -0.17713653
v 3.42363214 3.56311822 -0.25971287
v 3.42363214 3.56311822 -0.25971287
v 3.42363214 3.56311822 -0.25971287
v 3.42363214 3.28118491 0.02222039
v 3.42363214 3.28118491 0.02222039
v 3.42363214 3.28118491 0.02222039
v 3.42363214 3.76247525 0.22157723
v 3.42363214 3.76247525 0.22157723
v 3.42363214 3.76247525 0.22157723
v 3.42363214 3.84505129 0.02222039
v 3.42363214 3.84505129 0.02222039
v 3.42363214 3.84505129 0.02222039
v 3.42363214 3.76247525 -0.17713653
v 3.42363214 3.76247525 -0.17713653
v 3.42363214 3.76247525 -0.17713653
v 3.40211964 3.21452498 0.07497495
v 3.40211964 3.91171241 0.07497495
v 3.40211964 3.21452498 -0.03053416
v 3.40211964 3.91171241 -0.03053416
v 3.48555040 3.21452498 0.07497495
v 3.48555040 3.21452498 0.07497495
v 3.48555040 3.91171241 0.07497495
v 3.48555040 3.91171241 0.07497495
v 3.48555040 3.21452498 -0.03053416
v 3.48555040 3.21452498 -0.03053416
v 3.48555040 3.91171241 -0.03053416
v 3.48555040 3.91171241 -0.03053416
v 3.40211964 3.61587381 0.37081492
v 3.40211964 3.61587381 -0.32637256
v 3.49473286 3.61587381 0.37081492
v 3.49473286 3.61587381 0.37081492
v 3.49473286 3.61587381 -0.32637256
v 3.49473286 3.61587381 -0.32637256
v 3.49473286 3.51036453 0.37081492
v 3.49473286 3.51036453 -0.32637262
v -2.49428225 0.92689472 1.24370682
v -2.49428225 0.92689472 1.24370682
v -2.49428225 0.92689472 1.24370682
v -2.28501320 0.92689472 1.24370682
v -2.49428272 0.92689472 1.95900643
v -2.49428272 0.92689472 1.95900643
v -2.49428272 0.92689472 1.95900643
v -2.28501320 0.92689472 1.95900643
v -2.49428225 1.93289065 1.41615403
v -2.49428225 1.93289065 1.41615403
v -2.49428225 1.93289065 1.41615403
v -2.49428225 1.93289065 1.41615403
v -2.49428225 1.85876358 1.34202754
v -2.49428225 1.85876358 1.34202754
v -2.49428225 1.85876358 1.34202754
v -2.28501320 1.89948976 1.24370682
v -2.28501320 1.89948976 1.24370682
v -2.28501320 2.03121114 1.37542868
v -2.28501320 2.03121114 1.37542868
v -2.49428272 1.85876358 1.86068583
v -2.49428272 1.85876358 1.86068583
v -2.49428272 1.85876358 1.86068583
v -2.49428272 1.85876358 1.86068583
v -2.49428272 1.93289065 1.78655958
v -2.49428272 1.93289065 1.78655958
v -2.49428272 1.93289065 1.78655958
v -2.49428272 1.93289065 1.78655958
v -2.28501320 2.03121114 1.82728457
v -2.28501320 2.03121114 1.82728457
v -2.28501320 1.89948976 1.95900643
v -2.28501320 1.89948976 1.95900643
v -2.49428225 1.89948976 1.24370682
v -2.49428225 1.89948976 1.24370682
v -2.49428225 1.89948976 1.24370682
v -2.49428225 1.02548516 1.34202754
v -2.49428225 1.02548516 1.34202754
v -2.49428225 1.02548516 1.34202754
v -2.49428225 1.02548516 1.34202754
v -2.49428272 1.02548516 1.86068606
v -2.49428272 1.02548516 1.86068606
v -2.49428272 1.02548516 1.86068606
v -2.49428272 1.02548516 1.86068606
v -2.49428225 2.03121114 1.37542868
v -2.49428225 2.03121114 1.37542868
v -2.49428225 2.03121114 1.37542868
v -2.49428225 2.03121114 1.37542868
v -2.49428272 2.03121114 1.82728457
v -2.49428272 2.03121114 1.82728457
v -2.49428272 2.03121114 1.82728457
v -2.49428272 2.03121114 1.82728457
v -2.49428272 1.89948976 1.95900643
v -2.49428272 1.89948976 1.95900643
v -2.49428272 1.89948976 1.95900643
v -2.49428272 1.89948976 1.95900643
v -2.48374271 1.02548516 1.55673957
v -2.48374271 1.02548516 1.55673957
v -2.48374271 1.02548516 1.64597416
v -2.48374271 1.02548516 1.64597416
v -2.35933781 1.93289065 1.64597416
v -2.35933781 1.93289065 1.55673957
v -2.48374271 1.93289065 1.55673957
v -2.48374271 1.93289065 1.55673957
v -2.48374271 1.93289065 1.64597416
v -2.48374271 1.93289065 1.64597416
v -2.35933781 1.02548516 1.64597416
v -2.35933781 1.02548516 1.55673957
v -2.49428225 1.53949773 1.34202754
v -2.49428225 1.53949773 1.34202754
v -2.49428225 1.45026302 1.34202754
v -2.35933781 1.53949773 1.86068583
v -2.49428272 1.53949773 1.86068583
v -2.49428272 1.53949773 1.86068583
v -2.49428272 1.45026302 1.86068583
v -2.35933781 1.53949797 1.34202754
v -2.49428225 0.92689472 -1.91382074
v -2.49428225 0.92689472 -1.91382074
v -2.49428225 0.92689472 -1.91382074
v -2.28501320 0.92689472 -1.91382074
v -2.49428225 0.92689472 -1.19852102
v -2.49428225 0.92689472 -1.19852102
v -2.28501320 0.92689472 -1.19852102
v -2.49428225 1.93289065 -1.74137318
v -2.49428225 1.93289065 -1.74137318
v -2.49428225 1.93289065 -1.74137318
v -2.49428225 1.85876358 -1.81549990
v -2.49428225 1.85876358 -1.81549990
v -2.49428225 1.85876358 -1.81549990
v -2.49428225 1.85876358 -1.81549990
v -2.28501320 1.89948976 -1.91382074
v -2.28501320 1.89948976 -1.91382074
v -2.28501320 2.03121114 -1.78209889
v -2.28501320 2.03121114 -1.78209889
v -2.49428225 1.85876358 -1.29684150
v -2.49428225 1.85876358 -1.29684150
v -2.49428225 1.85876358 -1.29684150
v -2.49428225 1.85876358 -1.29684150
v -2.49428225 1.93289065 -1.37096786
v -2.49428225 1.93289065 -1.37096786
v -2.49428225 1.93289065 -1.37096786
v -2.49428225 1.93289065 -1.37096786
v -2.28501320 2.03121114 -1.33024275
v -2.28501320 2.03121114 -1.33024275
v -2.28501320 1.89948976 -1.19852102
v -2.28501320 1.89948976 -1.19852102
v -2.49428225 1.89948976 -1.91382074
v -2.49428225 1.89948976 -1.91382074
v -2.49428225 1.89948976 -1.91382074
v -2.49428225 1.89948976 -1.91382074
v -2.49428225 1.02548516 -1.81549990
v -2.49428225 1.02548516 -1.81549990
v -2.49428225 1.02548516 -1.81549990
v -2.49428225 1.02548516 -1.81549990
v -2.49428225 1.02548516 -1.29684114
v -2.49428225 1.02548516 -1.29684114
v -2.49428225 1.02548516 -1.29684114
v -2.49428225 2.03121114 -1.78209889
v -2.49428225 2.03121114 -1.78209889
v -2.49428225 2.03121114 -1.78209889
v -2.49428225 2.03121114 -1.33024275
v -2.49428225 2.03121114 -1.33024275
v -2.49428225 2.03121114 -1.33024275
v -2.49428225 2.03121114 -1.33024275
v -2.49428225 1.89948976 -1.19852102
v -2.49428225 1.89948976 -1.19852102
v -2.49428225 1.89948976 -1.19852102
v -2.49428225 1.89948976 -1.19852102
v -2.41363049 1.93289065 -1.74137318
v -2.41363049 1.93289065 -1.74137318
v -2.41363049 1.93289065 -1.74137318
v -2.41363049 1.93289065 -1.37096786
v -2.41363049 1.93289065 -1.37096786
v -2.41363049 1.93289065 -1.37096786
v -2.41363049 1.85876358 -1.29684150
v -2.41363049 1.85876358 -1.29684150
v -2.41363049 1.85876358 -1.29684150
v -2.48374271 1.02548516 -1.60078776
v -2.48374271 1.02548516 -1.60078776
v -2.48374271 1.02548516 -1.51155317
v -2.48374271 1.02548516 -1.51155317
v -2.35933781 1.93289065 -1.51155317
v -2.35933781 1.93289065 -1.60078776
v -2.48374271 1.93289065 -1.60078776
v -2.48374271 1.93289065 -1.60078776
v -2.48374271 1.93289065 -1.51155317
v -2.48374271 1.93289065 -1.51155317
v -2.35933781 1.02548516 -1.51155317
v -2.35933781 1.02548516 -1.60078776
v -2.49428225 1.53949773 -1.81549990
v -2.49428225 1.53949773 -1.81549990
v -2.49428225 1.45026302 -1.81549990
v -2.35933781 1.53949773 -1.29684150
v -2.49428225 1.53949773 -1.29684150
v -2.49428225 1.53949773 -1.29684150
v -2.49428225 1.45026302 -1.29684150
v -2.35933781 1.53949797 -1.81549990
v 3.58218193 -0.00000015 0.59305644
v 3.58218193 -0.00000015 0.59305644
v 3.37291241 -0.00000015 0.59305644
v 3.58218193 1.85207999 0.47904509
v 3.58218193 1.85207999 0.47904509
v 3.58218193 1.85207999 0.47904509
v 3.58218193 1.85207999 0.47904509
v 3.37291241 1.91648293 0.59305638
v 3.37291241 1.91648293 0.59305638
v 3.58218193 1.91648293 0.59305638
v 3.58218193 1.91648293 0.59305638
v 3.58218193 1.91648293 0.59305638
v 3.58218193 1.91648293 0.59305638
v 3.58218193 -0.00000015 0.47904515
v 3.58218193 -0.00000015 0.47904515
v 3.50152969 0.81693029 0.49473625
v 3.58218098 2.08648849 0.34714079
v 3.58218098 2.08648849 0.34714079
v 3.58218098 2.08648849 0.34714079
v 3.58218098 2.08648849 0.34714079
v 3.37291193 2.08648849 0.34714079
v 3.37291193 2.08648849 0.34714079
v 3.50152969 1.97645092 0.29170433
v 3.50152969 1.97645092 0.29170433
v 3.50152969 1.97645092 0.29170433
v 3.50152969 -0.00000015 0.47904515
v 3.50152969 -0.00000015 0.47904515
v 3.50152969 -0.00000015 0.47904515
v 3.50152969 0.50784683 0.30720037
v 3.50152969 0.50784683 0.30720037
v 3.50152969 0.50784683 0.30720037
v 3.50152969 0.19932932 0.30720043
v 3.50152969 0.19932932 0.30720043
v 3.50152969 0.19932932 0.30720043
v 3.50152969 0.19932932 0.30720043
v 3.50152969 1.05286777 0.30720040
v 3.50152969 1.05286777 0.30720040
v 3.50152969 1.05286777 0.30720040
v 3.43241024 1.05286777 0.30720040
v 3.43241024 1.05286777 0.30720040
v 3.43241024 1.05286777 0.30720040
v 3.50152969 1.66415095 0.30720040
v 3.50152969 1.66415095 0.30720040
v 3.50152969 1.66415095 0.30720040
v 3.43241024 1.66415095 0.30720040
v 3.43241024 1.66415095 0.30720040
v 3.43241024 1.66415095 0.30720040
v 3.50152969 1.75943208 0.21191928
v 3.50152969 1.75943208 0.21191928
v 3.50152969 1.75943208 0.21191928
v 3.50152969 1.75943208 0.21191928
v 3.37291193 2.34077907 0.17950535
v 3.37291193 2.34077907 0.17950535
v 3.58218098 1.97645092 0.29170433
v 3.58218098 1.97645092 0.29170433
v 3.58218098 1.97645092 0.29170433
v 3.58218098 1.97645092 0.29170433
v 3.58218098 1.97645092 0.29170433
v 3.58218098 2.34077907 0.17950535
v 3.58218098 2.34077907 0.17950535
v 3.58218098 2.34077907 0.17950535
v 3.58218098 2.11625767 0.17630428
v 3.58218098 2.11625767 0.17630428
v 3.58218098 2.11625767 0.17630428
v 3.58218098 2.11625767 0.17630428
v 3.58218098 2.11625767 0.17630428
v 3.58218098 2.21488667 0.23481905
v 3.58218098 2.21488667 0.23481905
v 3.58218098 2.21488667 0.23481905
v 3.37291193 2.21488667 0.23481905
v 3.37291193 2.21488667 0.23481905
v 3.50152969 1.85207999 0.47904509
v 3.50152969 1.85207999 0.47904509
v 3.50152969 1.85207999 0.47904509
v 3.50152969 1.85207999 0.47904509
v 3.37291193 2.11625767 0.17630428
v 3.37291193 2.11625767 0.17630428
v 3.37291193 2.11625767 0.17630428
v 3.58218193 -0.00000015 -0.54861569
v 3.58218193 -0.00000015 -0.54861569
v 3.37291241 -0.00000015 -0.54861569
v 3.58218193 1.85207999 -0.43460435
v 3.58218193 1.85207999 -0.43460435
v 3.58218193 1.85207999 -0.43460435
v 3.58218193 1.85207999 -0.43460435
v 3.37291241 1.91648293 -0.54861557
v 3.37291241 1.91648293 -0.54861557
v 3.58218193 1.91648293 -0.54861557
v 3.58218193 1.91648293 -0.54861557
v 3.58218193 1.91648293 -0.54861557
v 3.58218193 1.91648293 -0.54861557
v 3.58218193 -0.00000015 -0.43460441
v 3.58218193 -0.00000015 -0.43460441
v 3.58218098 2.14310789 0.02222039
v 3.58218098 2.14310789 0.02222039
v 3.58218098 2.14310789 0.02222039
v 3.58218098 2.14310789 0.02222039
v 3.37291193 2.14310789 0.02222039
v 3.37291193 2.14310789 0.02222039
v 3.58218098 2.01792169 0.02222039
v 3.58218098 2.01792169 0.02222039
v 3.58218098 2.01792169 0.02222039
v 3.50152969 0.81693029 -0.45029551
v 3.50152969 0.81693029 -0.45029551
v 3.58218098 2.08648849 -0.30270004
v 3.58218098 2.08648849 -0.30270004
v 3.58218098 2.08648849 -0.30270004
v 3.58218098 2.08648849 -0.30270004
v 3.37291193 2.08648849 -0.30270004
v 3.37291193 2.08648849 -0.30270004
v 3.50152969 2.01792169 0.02222039
v 3.50152969 2.01792169 0.02222039
v 3.50152969 2.01792169 0.02222039
v 3.50152969 1.97645092 -0.24726357
v 3.50152969 1.97645092 -0.24726357
v 3.50152969 1.97645092 -0.24726357
v 3.50152969 -0.00000015 -0.43460441
v 3.50152969 -0.00000015 -0.43460441
v 3.50152969 -0.00000015 -0.43460441
v 3.50152969 0.50784683 -0.26275963
v 3.50152969 0.50784683 -0.26275963
v 3.50152969 0.50784683 -0.26275963
v 3.50152969 0.19932932 -0.26275963
v 3.50152969 0.19932932 -0.26275963
v 3.50152969 0.19932932 -0.26275963
v 3.50152969 0.19932932 -0.26275963
v 3.50152969 1.05286777 -0.26275963
v 3.50152969 1.05286777 -0.26275963
v 3.50152969 1.05286777 -0.26275963
v 3.50152969 1.05286777 -0.26275963
v 3.43241024 0.50784683 -0.26275963
v 3.43241024 0.50784683 -0.26275963
v 3.43241024 0.50784683 -0.26275963
v 3.43241024 1.05286777 -0.26275963
v 3.43241024 1.05286777 -0.26275963
v 3.43241024 1.05286777 -0.26275963
v 3.50152969 1.66415095 -0.26275963
v 3.50152969 1.66415095 -0.26275963
v 3.50152969 1.66415095 -0.26275963
v 3.50152969 1.66415095 -0.26275963
v 3.43241024 1.66415095 -0.26275963
v 3.43241024 1.66415095 -0.26275963
v 3.43241024 1.66415095 -0.26275963
v 3.43241024 1.75943208 -0.16747846
v 3.43241024 1.75943208 -0.16747846
v 3.43241024 1.75943208 -0.16747846
v 3.58218098 2.35899019 0.02222039
v 3.58218098 2.35899019 0.02222039
v 3.58218098 2.35899019 0.02222039
v 3.50152969 1.75943208 -0.16747846
v 3.50152969 1.75943208 -0.16747846
v 3.50152969 1.75943208 -0.16747846
v 3.50152969 1.75943208 -0.16747846
v 3.37291193 2.35899019 0.02222039
v 3.37291193 2.35899019 0.02222039
v 3.37291193 2.34077907 -0.13506456
v 3.37291193 2.34077907 -0.13506456
v 3.58218098 1.97645092 -0.24726357
v 3.58218098 1.97645092 -0.24726357
v 3.58218098 1.97645092 -0.24726357
v 3.58218098 1.97645092 -0.24726357
v 3.58218098 1.97645092 -0.24726357
v 3.58218098 2.34077907 -0.13506456
v 3.58218098 2.34077907 -0.13506456
v 3.58218098 2.34077907 -0.13506456
v 3.58218098 2.11625767 -0.13186349
v 3.58218098 2.11625767 -0.13186349
v 3.58218098 2.11625767 -0.13186349
v 3.58218098 2.11625767 -0.13186349
v 3.58218098 2.11625767 -0.13186349
v 3.58218098 2.21488667 -0.19037826
v 3.58218098 2.21488667 -0.19037826
v 3.58218098 2.21488667 -0.19037826
v 3.37291193 2.21488667 -0.19037826
v 3.37291193 2.21488667 -0.19037826
v 3.50152969 1.85207999 -0.43460435
v 3.50152969 1.85207999 -0.43460435
v 3.50152969 1.85207999 -0.43460435
v 3.50152969 1.85207999 -0.43460435
v 3.37291193 2.11625767 -0.13186349
v 3.37291193 2.11625767 -0.13186349
v 3.37291193 2.11625767 -0.13186349
v -2.52028561 0.00000000 -0.54861557
v -2.52028561 0.00000000 -0.54861557
v -2.31101608 0.00000000 -0.54861563
v -2.52028561 1.57290447 -0.43460429
v -2.52028561 1.57290447 -0.43460429
v -2.52028561 1.57290447 -0.43460429
v -2.31101608 1.63730729 -0.54861557
v -2.31101608 1.63730729 -0.54861557
v -2.52028561 1.63730729 -0.54861546
v -2.52028561 1.63730729 -0.54861546
v -2.52028561 1.63730729 -0.54861546
v -2.52028561 0.00000000 -0.43460435
v -2.52028561 0.00000000 -0.43460435
v -2.43963385 0.69162577 -0.45029545
v -2.43963385 0.69162577 -0.45029545
v -2.43963385 0.69162577 -0.45029545
v -2.43963385 0.69162577 -0.45029545
v -2.52028561 1.80731297 -0.30269992
v -2.52028561 1.80731297 -0.30269992
v -2.52028561 1.80731297 -0.30269992
v -2.52028561 1.80731297 -0.30269992
v -2.31101561 1.80731297 -0.30270004
v -2.31101561 1.80731297 -0.30270004
v -2.43963289 1.69727540 -0.24726351
v -2.43963289 1.69727540 -0.24726351
v -2.43963289 1.69727540 -0.24726351
v -2.43963385 0.00000000 -0.43460435
v -2.43963385 0.00000000 -0.43460435
v -2.43963385 0.00000000 -0.43460435
v -2.43963289 0.50784683 -0.26275957
v -2.43963289 0.50784683 -0.26275957
v -2.43963289 0.50784683 -0.26275957
v -2.43963289 0.50784683 -0.26275957
v -2.43963289 0.19932932 -0.26275957
v -2.43963289 0.19932932 -0.26275957
v -2.43963289 0.19932932 -0.26275957
v -2.43963289 0.19932932 -0.26275957
v -2.43963289 0.78472918 -0.26275957
v -2.43963289 0.78472918 -0.26275957
v -2.43963289 0.78472918 -0.26275957
v -2.43963289 0.78472918 -0.26275957
v -2.43963289 1.38497508 -0.26275957
v -2.43963289 1.38497508 -0.26275957
v -2.43963289 1.38497508 -0.26275957
v -2.43963289 1.38497508 -0.26275957
v -2.37051344 1.48025632 -0.16747840
v -2.37051344 1.48025632 -0.16747840
v -2.37051344 1.48025632 -0.16747840
v -2.43963289 1.48025632 -0.16747840
v -2.43963289 1.48025632 -0.16747840
v -2.43963289 1.48025632 -0.16747840
v -2.43963289 1.48025632 -0.16747840
v -2.52028561 1.69727540 -0.24726345
v -2.52028561 1.69727540 -0.24726345
v -2.52028561 1.69727540 -0.24726345
v -2.52028561 1.69727540 -0.24726345
v -2.52028513 0.00000000 0.59305650
v -2.52028513 0.00000000 0.59305650
v -2.31101561 0.00000000 0.59305632
v -2.52028513 1.57290447 0.47904515
v -2.52028513 1.57290447 0.47904515
v -2.52028513 1.57290447 0.47904515
v -2.31101561 1.63730729 0.59305620
v -2.31101561 1.63730729 0.59305620
v -2.52028513 1.63730729 0.59305632
v -2.52028513 1.63730729 0.59305632
v -2.52028513 1.63730729 0.59305632
v -2.52028513 0.00000000 0.47904515
v -2.52028513 0.00000000 0.47904515
v -2.52028513 1.86393201 0.02222046
v -2.52028513 1.86393201 0.02222046
v -2.52028513 1.86393201 0.02222046
v -2.52028513 1.86393201 0.02222046
v -2.31101561 1.86393201 0.02222039
v -2.31101561 1.86393201 0.02222039
v -2.52028513 1.73874605 0.02222046
v -2.52028513 1.73874605 0.02222046
v -2.52028513 1.73874605 0.02222046
v -2.52028513 1.73874605 0.02222046
v -2.43963289 0.69162577 0.49473637
v -2.43963289 0.69162577 0.49473637
v -2.43963289 0.69162577 0.49473637
v -2.52028513 1.80731297 0.34714079
v -2.52028513 1.80731297 0.34714079
v -2.52028513 1.80731297 0.34714079
v -2.31101561 1.80731297 0.34714079
v -2.31101561 1.80731297 0.34714079
v -2.43963289 1.73874605 0.02222039
v -2.43963289 1.73874605 0.02222039
v -2.43963289 1.73874605 0.02222039
v -2.43963289 1.73874605 0.02222039
v -2.43963289 1.69727540 0.29170427
v -2.43963289 1.69727540 0.29170427
v -2.43963289 1.69727540 0.29170427
v -2.43963289 0.00000000 0.47904515
v -2.43963289 0.00000000 0.47904515
v -2.43963289 0.00000000 0.47904515
v -2.43963289 0.50784683 0.30720037
v -2.43963289 0.50784683 0.30720037
v -2.43963289 0.50784683 0.30720037
v -2.43963289 0.50784683 0.30720037
v -2.43963289 0.19932932 0.30720049
v -2.43963289 0.19932932 0.30720049
v -2.43963289 0.19932932 0.30720049
v -2.43963289 0.19932932 0.30720049
v -2.43963385 1.57290447 -0.43460429
v -2.43963385 1.57290447 -0.43460429
v -2.43963385 1.57290447 -0.43460429
v -2.43963385 1.57290447 -0.43460429
v -2.43963385 1.57290447 -0.43460429
v -2.43963385 1.57290447 -0.43460429
v -2.43963385 1.57290447 -0.43460429
v -2.43963289 0.78472918 0.30720037
v -2.43963289 0.78472918 0.30720037
v -2.43963289 0.78472918 0.30720037
v -2.43963289 0.78472918 0.30720037
v -2.43963289 1.38497508 0.30720037
v -2.43963289 1.38497508 0.30720037
v -2.43963289 1.38497508 0.30720037
v -2.43963289 1.48025632 0.21191925
v -2.43963289 1.48025632 0.21191925
v -2.43963289 1.48025632 0.21191925
v -2.43963289 1.48025632 0.21191925
v -2.52028513 1.69727540 0.29170427
v -2.52028513 1.69727540 0.29170427
v -2.52028513 1.69727540 0.29170427
v -2.43963289 1.57290447 0.47904503
v -2.43963289 1.57290447 0.47904503
v -2.43963289 1.57290447 0.47904503
v -2.43963289 1.57290447 0.47904503
v -2.43963289 1.57290447 0.47904503
v 2.20785308 2.84784198 2.57575989
v 2.20785308 2.84784198 2.57575989
v 2.19461989 -0.00000015 2.56252718
v 2.19461989 -0.00000015 2.56252718
v 2.20785308 2.84784198 2.90080237
v 2.20785308 2.84784198 2.90080237
v 2.19461989 -0.00000015 2.91403484
v 2.19461989 -0.00000015 2.91403484
v 2.54612851 -0.00000015 2.91403484
v 2.54612851 -0.00000015 2.91403484
v 2.53289604 2.84784198 2.90080237
v 2.53289604 2.84784198 2.90080237
v 2.54612851 -0.00000015 2.56252718
v 2.54612851 -0.00000015 2.56252718
v 2.53289604 2.84784198 2.57575989
v 2.53289604 2.84784198 2.57575989
v 2.62914228 3.08558822 2.96370244
v 2.62914228 3.08558822 2.96370244
v 2.62914228 2.70602870 2.96370244
v 0.25505203 7.62817764 2.91810203
v 0.25505203 7.62817764 2.91810203
v 0.25505203 3.01613021 2.91810203
v 0.25505203 3.01613021 2.91810203
v 0.28887832 7.64089823 3.43009186
v 0.28887832 7.64089823 3.43009186
v 0.28887832 7.64089823 3.43009186
v 0.28887832 7.03166437 3.43009186
v 0.28887832 7.03166437 3.43009186
v 0.28200608 7.62411118 3.13553238
v 0.28200608 7.62411118 3.13553238
v 0.28200608 7.62411118 3.13553238
v 0.28200608 7.62411118 3.13553238
v 0.28200608 7.04845095 3.13553238
v 0.28200608 7.04845095 3.13553238
v 1.91539204 4.29776478 2.85014868
v 1.91539204 4.29776478 2.85014868
v 0.52554023 2.86366987 2.85014868
v 0.52554023 2.86366987 2.85014868
v 1.56005824 4.61396646 2.85014868
v 1.56005824 4.61396646 2.85014868
v 0.09549874 3.09715891 2.85014868
v 0.09549874 3.09715891 2.85014868
v -2.18755674 2.84784198 2.57575989
v -2.18755674 2.84784198 2.57575989
v -2.17432356 -0.00000015 2.56252718
v -2.17432356 -0.00000015 2.56252718
v -2.18755674 2.84784198 2.90080237
v -2.18755674 2.84784198 2.90080237
v -2.17432356 -0.00000015 2.91403484
v -2.17432356 -0.00000015 2.91403484
v -2.52583218 -0.00000015 2.91403484
v -2.52583218 -0.00000015 2.91403484
v -2.51259947 2.84784198 2.90080237
v -2.51259947 2.84784198 2.90080237
v -2.52583218 -0.00000015 2.56252718
v -2.52583218 -0.00000015 2.56252718
v -2.51259947 2.84784198 2.57575989
v -2.51259947 2.84784198 2.57575989
v -2.60884571 3.08558822 2.96370244
v -2.60884571 3.08558822 2.96370244
v -2.60884571 2.70602870 2.96370244
v -0.23475575 7.62817764 2.91810203
v -0.23475575 7.62817764 2.91810203
v -0.23475575 3.01613021 2.91810203
v -0.23475575 3.01613021 2.91810203
v -0.26858211 7.64089823 3.43009186
v -0.26858211 7.64089823 3.43009186
v -0.26858211 7.64089823 3.43009186
v -0.26858211 7.03166437 3.43009186
v -0.26858211 7.03166437 3.43009186
v -0.26170993 7.62411118 3.13553238
v -0.26170993 7.62411118 3.13553238
v -0.26170993 7.62411118 3.13553238
v -0.26170993 7.62411118 3.13553238
v -0.26170993 7.04845095 3.13553238
v -0.26170993 7.04845095 3.13553238
v -1.89509594 4.29776478 2.85014868
v -1.89509594 4.29776478 2.85014868
v -0.50524402 2.86366987 2.85014868
v -0.50524402 2.86366987 2.85014868
v -1.53976190 4.61396646 2.85014868
v -1.53976190 4.61396646 2.85014868
v -0.07520258 3.09715891 2.85014868
v -0.07520258 3.09715891 2.85014868
v 2.20785308 2.84784198 -2.53131890
v 2.20785308 2.84784198 -2.53131890
v 2.19461989 -0.00000015 -2.51808619
v 2.19461989 -0.00000015 -2.51808619
v 2.20785308 2.84784198 -2.85636115
v 2.20785308 2.84784198 -2.85636115
v 2.19461989 -0.00000015 -2.86959457
v 2.19461989 -0.00000015 -2.86959457
v 2.54612851 -0.00000015 -2.86959457
v 2.54612851 -0.00000015 -2.86959457
v 2.53289604 2.84784198 -2.85636115
v 2.53289604 2.84784198 -2.85636115
v 2.54612851 -0.00000015 -2.51808619
v 2.54612851 -0.00000015 -2.51808619
v 2.53289604 2.84784198 -2.53131890
v 2.53289604 2.84784198 -2.53131890
v 2.62914228 3.08558822 -2.91926122
v 2.62914228 3.08558822 -2.91926122
v 2.62914228 2.70602870 -2.91926122
v 2.62914228 3.08558822 0.02222039
v 0.25505203 7.62817764 -2.87366080
v 0.25505203 7.62817764 -2.87366080
v 0.25505203 3.01613021 -2.87366080
v 0.25505203 3.01613021 -2.87366080
v 0.28887832 7.64089823 -3.38565135
v 0.28887832 7.64089823 -3.38565135
v 0.28887832 7.64089823 -3.38565135
v 0.28887832 7.03166437 -3.38565135
v 0.28887832 7.03166437 -3.38565135
v 0.28200608 7.62411118 0.02222039
v 0.28200608 7.62411118 0.02222039
v 0.28200608 7.62411118 0.02222039
v 0.28200608 7.62411118 0.02222039
v 0.28200608 7.04845095 0.02222039
v 0.28200608 7.04845095 0.02222039
v 0.28200608 7.62411118 -3.09109187
v 0.28200608 7.62411118 -3.09109187
v 0.28200608 7.62411118 -3.09109187
v 0.28200608 7.62411118 -3.09109187
v 0.28200608 7.04845095 -3.09109187
v 0.28200608 7.04845095 -3.09109187
v 1.91539204 4.29776478 -2.80570793
v 1.91539204 4.29776478 -2.80570793
v 0.52554023 2.86366987 -2.80570793
v 0.52554023 2.86366987 -2.80570793
v 1.56005824 4.61396646 -2.80570793
v 1.56005824 4.61396646 -2.80570793
v 0.09549874 3.09715891 -2.80570793
v 0.09549874 3.09715891 -2.80570793
v -2.18755674 2.84784198 -2.53131890
v -2.18755674 2.84784198 -2.53131890
v -2.17432356 -0.00000015 -2.51808619
v -2.17432356 -0.00000015 -2.51808619
v -2.18755674 2.84784198 -2.85636115
v -2.18755674 2.84784198 -2.85636115
v -2.17432356 -0.00000015 -2.86959457
v -2.17432356 -0.00000015 -2.86959457
v -2.52583218 -0.00000015 -2.86959457
v -2.52583218 -0.00000015 -2.86959457
v -2.51259947 2.84784198 -2.85636115
v -2.51259947 2.84784198 -2.85636115
v -2.52583218 -0.00000015 -2.51808619
v -2.52583218 -0.00000015 -2.51808619
v -2.51259947 2.84784198 -2.53131890
v -2.51259947 2.84784198 -2.53131890
v -2.60884571 3.08558822 -2.91926122
v -2.60884571 3.08558822 -2.91926122
v -2.60884571 2.70602870 -2.91926122
v -2.60884571 3.08558822 0.02222039
v -0.23475575 7.62817764 -2.87366080
v -0.23475575 7.62817764 -2.87366080
v -0.23475575 3.01613021 -2.87366080
v -0.23475575 3.01613021 -2.87366080
v -0.26858211 7.64089823 -3.38565135
v -0.26858211 7.64089823 -3.38565135
v -0.26858211 7.64089823 -3.38565135
v -0.26858211 7.03166437 -3.38565135
v -0.26858211 7.03166437 -3.38565135
v -0.26170993 7.62411118 0.02222039
v -0.26170993 7.62411118 0.02222039
v -0.26170993 7.62411118 0.02222039
v -0.26170993 7.62411118 0.02222039
v -0.26170993 7.04845095 0.02222039
v -0.26170993 7.04845095 0.02222039
v -0.26170993 7.62411118 -3.09109187
v -0.26170993 7.62411118 -3.09109187
v -0.26170993 7.62411118 -3.09109187
v -0.26170993 7.62411118 -3.09109187
v -0.26170993 7.04845095 -3.09109187
v -0.26170993 7.04845095 -3.09109187
v -1.89509594 4.29776478 -2.80570793
v -1.89509594 4.29776478 -2.80570793
v -0.50524402 2.86366987 -2.80570793
v -0.50524402 2.86366987 -2.80570793
v -1.53976190 4.61396646 -2.80570793
v -1.53976190 4.61396646 -2.80570793
v -0.07520258 3.09715891 -2.80570793
v -0.07520258 3.09715891 -2.80570793
v 3.23275900 2.91609311 0.76508284
v 3.23275900 2.91609311 0.76508284
v 3.22123003 -0.00000015 0.75355369
v 3.22123003 -0.00000015 0.75355369
v 3.23275900 2.91609311 1.04827344
v 3.23275900 2.91609311 1.04827344
v 3.22123003 -0.00000015 1.05980265
v 3.22123003 -0.00000015 1.05980265
v 3.52747917 -0.00000015 1.05980265
v 3.52747917 -0.00000015 1.05980265
v 3.51595020 2.91609311 1.04827344
v 3.51595020 2.91609311 1.04827344
v 3.52747917 -0.00000015 0.75355369
v 3.52747917 -0.00000015 0.75355369
v 3.51595020 2.91609311 0.76508284
v 3.51595020 2.91609311 0.76508284
v 3.58326960 2.80465221 1.17484605
v 3.58326960 3.08558846 1.00955832
v 3.58326960 3.08558846 1.00955832
v 3.30132151 3.08558846 1.00955832
v 3.82584476 4.38871336 0.17833817
v 3.82584476 4.38871336 0.17833817
v 3.82584476 4.69989347 0.17833817
v 3.82584476 4.69989347 0.17833817
v 3.82584476 4.69989347 0.17833817
v 3.30132151 4.68477201 0.17036401
v 3.30132151 4.68477201 0.17036401
v 3.30132151 4.40383530 0.17036401
v 3.60597801 4.68477201 0.17036401
v 3.60597801 4.68477201 0.17036401
v 3.60597801 4.68477201 0.17036401
v 3.60597801 4.68477201 0.17036401
v 3.60597801 4.40383530 0.17036401
v 3.60597801 4.40383530 0.17036401
v 3.23275900 2.91609311 -0.72064203
v 3.23275900 2.91609311 -0.72064203
v 3.22123003 -0.00000015 -0.70911294
v 3.22123003 -0.00000015 -0.70911294
v 3.23275900 2.91609311 -1.00383270
v 3.23275900 2.91609311 -1.00383270
v 3.22123003 -0.00000015 -1.01536179
v 3.22123003 -0.00000015 -1.01536179
v 3.52747917 -0.00000015 -1.01536179
v 3.52747917 -0.00000015 -1.01536179
v 3.51595020 2.91609311 -1.00383270
v 3.51595020 2.91609311 -1.00383270
v 3.52747917 -0.00000015 -0.70911294
v 3.52747917 -0.00000015 -0.70911294
v 3.51595020 2.91609311 -0.72064203
v 3.51595020 2.91609311 -0.72064203
v 3.58326960 2.80465221 -1.13040531
v 3.58326960 3.08558846 -0.96511763
v 3.58326960 3.08558846 -0.96511763
v 3.30132151 3.08558846 -0.96511763
v 3.82584476 4.38871336 -0.13389738
v 3.82584476 4.38871336 -0.13389738
v 3.82584476 4.69989347 -0.13389738
v 3.82584476 4.69989347 -0.13389738
v 3.82584476 4.69989347 -0.13389738
v 3.30132151 4.68477201 -0.12592320
v 3.30132151 4.68477201 -0.12592320
v 3.30132151 4.40383530 -0.12592320
v 3.60597801 4.68477201 -0.12592320
v 3.60597801 4.68477201 -0.12592320
v 3.60597801 4.68477201 -0.12592320
v 3.60597801 4.68477201 -0.12592320
v 3.60597801 4.40383530 -0.12592320
v 3.60597801 4.40383530 -0.12592320
v 0.39211500 8.07521534 2.89509249
v 0.39211500 8.07521534 2.89509249
v 0.39211500 8.07521534 2.89509249
v 0.39211500 8.07521534 2.89509249
v 0.39211500 8.05175304 2.20669198
v 0.39211500 8.05175304 2.20669198
v 0.39211500 8.05175304 2.20669198
v 0.39211500 8.05175304 2.20669198
v 0.59579456 7.74502373 2.20669198
v 0.59579456 7.74502373 2.20669198
v 0.59579456 7.74502373 2.20669198
v 0.59579456 7.76804447 2.89509249
v 0.59579456 7.76804447 2.89509249
v 0.59579456 7.76804447 2.89509249
v -0.37181878 8.07521534 2.89509249
v -0.37181878 8.07521534 2.89509249
v -0.37181878 8.07521534 2.89509249
v -0.37181878 8.07521534 2.89509249
v -0.37181878 8.05175304 2.20669198
v -0.37181878 8.05175304 2.20669198
v -0.37181878 8.05175304 2.20669198
v -0.37181878 8.05175304 2.20669198
v -0.56731236 7.75735092 2.20669198
v -0.56731236 7.75735092 2.20669198
v -0.56731236 7.75735092 2.20669198
v -0.56731236 7.78038979 2.89509249
v -0.56731236 7.78038979 2.89509249
v -0.56731236 7.78038979 2.89509249
v 0.39911628 8.04673481 2.04222584
v 0.39911628 8.04673481 2.04222584
v 0.39911628 8.04673481 2.04222584
v 0.39911628 8.04673481 2.04222584
v 0.38470805 8.02674294 1.35406876
v 0.38470805 8.02674294 1.35406876
v 0.38470805 8.02674294 1.35406876
v 0.38470805 8.02674294 1.35406876
v 0.58726001 7.72053862 1.35014188
v 0.58726001 7.72053862 1.35014188
v 0.58726001 7.72053862 1.35014188
v 0.60377944 7.74010229 2.03829932
v 0.60377944 7.74010229 2.03829932
v 0.60377944 7.74010229 2.03829932
v -0.36454773 8.04673481 2.06801987
v -0.36454773 8.04673481 2.06801987
v -0.36454773 8.04673481 2.06801987
v -0.36454773 8.04673481 2.06801987
v -0.37895596 8.02674294 1.37986279
v -0.37895596 8.02674294 1.37986279
v -0.37895596 8.02674294 1.37986279
v -0.37895596 8.02674294 1.37986279
v -0.57539332 7.73284531 1.38363171
v -0.57539332 7.73284531 1.38363171
v -0.57539332 7.73284531 1.38363171
v -0.55895877 7.75242615 2.07178903
v -0.55895877 7.75242615 2.07178903
v -0.55895877 7.75242615 2.07178903
v 0.39211500 8.02327156 1.21539509
v 0.39211500 8.02327156 1.21539509
v 0.39211500 8.02327156 1.21539509
v 0.39211500 8.02327156 1.21539509
v 0.39211500 8.01387405 0.52699471
v 0.39211500 8.01387405 0.52699471
v 0.39211500 8.01387405 0.52699471
v 0.39211500 8.01387405 0.52699471
v 0.59579456 7.70809793 0.52699471
v 0.59579456 7.70809793 0.52699471
v 0.59579456 7.70809793 0.52699471
v 0.59579456 7.71715832 1.21539509
v 0.59579456 7.71715832 1.21539509
v 0.59579456 7.71715832 1.21539509
v -0.37181878 8.02327156 1.21539509
v -0.37181878 8.02327156 1.21539509
v -0.37181878 8.02327156 1.21539509
v -0.37181878 8.02327156 1.21539509
v -0.37181878 8.01387405 0.52699471
v -0.37181878 8.01387405 0.52699471
v -0.37181878 8.01387405 0.52699471
v -0.37181878 8.01387405 0.52699471
v -0.56731236 7.72038698 0.52699471
v -0.56731236 7.72038698 0.52699471
v -0.56731236 7.72038698 0.52699471
v -0.56731236 7.72946215 1.21539509
v -0.56731236 7.72946215 1.21539509
v -0.56731236 7.72946215 1.21539509
v 0.38311315 8.01351833 0.39111966
v 0.38311315 8.01351833 0.39111966
v 0.38311315 8.01351833 0.39111966
v 0.38311315 8.01351833 0.39111966
v 0.40071392 8.01351833 -0.29691774
v 0.40071392 8.01351833 -0.29691774
v 0.40071392 8.01351833 -0.29691774
v 0.40071392 8.01351833 -0.29691774
v 0.60557532 7.70776415 -0.29212093
v 0.60557532 7.70776415 -0.29212093
v 0.60557532 7.70776415 -0.29212093
v 0.58539587 7.70776415 0.39591652
v 0.58539587 7.70776415 0.39591652
v 0.58539587 7.70776415 0.39591652
v -0.38041759 8.01351833 0.35961047
v -0.38041759 8.01351833 0.35961047
v -0.38041759 8.01351833 0.35961047
v -0.38041759 8.01351833 0.35961047
v -0.36281693 8.01351833 -0.32842690
v -0.36281693 8.01351833 -0.32842690
v -0.36281693 8.01351833 -0.32842690
v -0.36281693 8.01351833 -0.32842690
v -0.55696964 7.72005272 -0.33303094
v -0.55696964 7.72005272 -0.33303094
v -0.55696964 7.72005272 -0.33303094
v -0.57704568 7.72005272 0.35500652
v -0.57704568 7.72005272 0.35500652
v -0.57704568 7.72005272 0.35500652
v 0.39211500 8.01387405 -0.46430212
v 0.39211500 8.01387405 -0.46430212
v 0.39211500 8.01387405 -0.46430212
v 0.39211500 8.01387405 -0.46430212
v 0.39211500 8.02327156 -1.15270245
v 0.39211500 8.02327156 -1.15270245
v 0.39211500 8.02327156 -1.15270245
v 0.39211500 8.02327156 -1.15270245
v 0.59579456 7.71715832 -1.15270245
v 0.59579456 7.71715832 -1.15270245
v 0.59579456 7.71715832 -1.15270245
v 0.59579456 7.70809793 -0.46430212
v 0.59579456 7.70809793 -0.46430212
v 0.59579456 7.70809793 -0.46430212
v -0.37181878 8.01387405 -0.46430212
v -0.37181878 8.01387405 -0.46430212
v -0.37181878 8.01387405 -0.46430212
v -0.37181878 8.01387405 -0.46430212
v -0.37181878 8.02327156 -1.15270245
v -0.37181878 8.02327156 -1.15270245
v -0.37181878 8.02327156 -1.15270245
v -0.37181878 8.02327156 -1.15270245
v -0.56731236 7.72946215 -1.15270245
v -0.56731236 7.72946215 -1.15270245
v -0.56731236 7.72946215 -1.15270245
v -0.56731236 7.72038698 -0.46430212
v -0.56731236 7.72038698 -0.46430212
v -0.56731236 7.72038698 -0.46430212
v 0.40327263 8.02674294 -1.32484353
v 0.40327263 8.02674294 -1.32484353
v 0.40327263 8.02674294 -1.32484353
v 0.40327263 8.02674294 -1.32484353
v 0.38049722 8.04673481 -2.01263595
v 0.38049722 8.04673481 -2.01263595
v 0.38049722 8.04673481 -2.01263595
v 0.38049722 8.04673481 -2.01263595
v 0.58232826 7.74010229 -2.01884294
v 0.58232826 7.74010229 -2.01884294
v 0.58232826 7.74010229 -2.01884294
v 0.60844070 7.72053862 -1.33105063
v 0.60844070 7.72053862 -1.33105063
v 0.60844070 7.72053862 -1.33105063
v -0.35998642 8.02674294 -1.28407037
v -0.35998642 8.02674294 -1.28407037
v -0.35998642 8.02674294 -1.28407037
v -0.35998642 8.02674294 -1.28407037
v -0.38276172 8.04673481 -1.97186279
v -0.38276172 8.04673481 -1.97186279
v -0.38276172 8.04673481 -1.97186279
v -0.38276172 8.04673481 -1.97186279
v -0.57968426 7.75242615 -1.96590519
v -0.57968426 7.75242615 -1.96590519
v -0.57968426 7.75242615 -1.96590519
v -0.55370581 7.73284531 -1.27811277
v -0.55370581 7.73284531 -1.27811277
v -0.55370581 7.73284531 -1.27811277
v 0.39211500 8.05175304 -2.14399910
v 0.39211500 8.05175304 -2.14399910
v 0.39211500 8.05175304 -2.14399910
v 0.39211500 8.05175304 -2.14399910
v 0.39211500 8.07521534 -2.83239937
v 0.39211500 8.07521534 -2.83239937
v 0.39211500 8.07521534 -2.83239937
v 0.39211500 8.07521534 -2.83239937
v 0.59579456 7.76804447 -2.83239937
v 0.59579456 7.76804447 -2.83239937
v 0.59579456 7.76804447 -2.83239937
v 0.59579456 7.74502373 -2.14399910
v 0.59579456 7.74502373 -2.14399910
v 0.59579456 7.74502373 -2.14399910
v -0.37181878 8.05175304 -2.14399910
v -0.37181878 8.05175304 -2.14399910
v -0.37181878 8.05175304 -2.14399910
v -0.37181878 8.05175304 -2.14399910
v -0.37181878 8.07521534 -2.83239937
v -0.37181878 8.07521534 -2.83239937
v -0.37181878 8.07521534 -2.83239937
v -0.37181878 8.07521534 -2.83239937
v -0.56731236 7.78038979 -2.83239937
v -0.56731236 7.78038979 -2.83239937
v -0.56731236 7.78038979 -2.83239937
v -0.56731236 7.75735092 -2.14399910
v -0.56731236 7.75735092 -2.14399910
v -0.56731236 7.75735092 -2.14399910
v 0.36181390 7.74013996 2.90222049
v 0.36181390 7.74013996 2.90222049
v 0.35964334 7.71806669 2.21378708
v 0.35964334 7.71806669 2.21378708
v 0.47034717 7.51517820 2.21194839
v 0.47034717 7.51517820 2.21194839
v 0.47134030 7.53756332 2.90036392
v 0.47134030 7.53756332 2.90036392
v -0.34151769 7.74013996 2.90222049
v -0.34151769 7.74013996 2.90222049
v -0.33934712 7.71806669 2.21378708
v -0.33934712 7.71806669 2.21378708
v -0.44560158 7.52333260 2.21202207
v -0.44560158 7.52333260 2.21202207
v -0.44664228 7.54570532 2.90043855
v -0.44664228 7.54570532 2.90043855
v 0.37089807 7.71173239 2.05184007
v 0.37089807 7.71173239 2.05184007
v 0.35075241 7.69291973 1.36370683
v 0.35075241 7.69291973 1.36370683
v 0.46127522 7.49051666 1.35920227
v 0.46127522 7.49051666 1.35920227
v 0.48041993 7.50954056 2.04734850
v 0.48041993 7.50954056 2.04734850
v -0.33211458 7.71173239 2.07053542
v -0.33211458 7.71173239 2.07053542
v -0.34857106 7.69291973 1.38230395
v -0.34857106 7.69291973 1.38230395
v -0.45473158 7.49865150 1.38362455
v -0.45473158 7.49865150 1.38362455
v -0.43731534 7.51766682 2.07181740
v -0.43731534 7.51766682 2.07181740
v 0.36138833 7.68852139 1.21823192
v 0.36138833 7.68852139 1.21823192
v 0.36051947 7.67967987 0.52982312
v 0.36051947 7.67967987 0.52982312
v 0.47085023 7.47780371 0.52908170
v 0.47085023 7.47780371 0.52908170
v 0.47124779 7.48661041 1.21748590
v 0.47124779 7.48661041 1.21748590
v -0.34109211 7.68852139 1.21823192
v -0.34109211 7.68852139 1.21823192
v -0.34022331 7.67967987 0.52982312
v -0.34022331 7.67967987 0.52982312
v -0.44611979 7.48591709 0.52911156
v -0.44611979 7.48591709 0.52911156
v -0.44653642 7.49472523 1.21751606
v -0.44653642 7.49472523 1.21751606
v 0.34963685 7.67902756 0.38675854
v 0.34963685 7.67902756 0.38675854
v 0.37199163 7.67902756 -0.30127883
v 0.37199163 7.67902756 -0.30127883
v 0.48202372 7.47729349 -0.29770386
v 0.48202372 7.47729349 -0.29770386
v 0.45966858 7.47729349 0.39033350
v 0.45966858 7.47729349 0.39033350
v -0.35169542 7.67902756 0.36397147
v -0.35169542 7.67902756 0.36397147
v -0.32934046 7.67902756 -0.32406580
v -0.32934046 7.67902756 -0.32406580
v -0.43495023 7.48540163 -0.32749718
v -0.43495023 7.48540163 -0.32749718
v -0.45730531 7.48540163 0.36054015
v -0.45730531 7.48540163 0.36054015
v 0.36051947 7.67967987 -0.46713060
v 0.36051947 7.67967987 -0.46713060
v 0.36138833 7.68852139 -1.15553916
v 0.36138833 7.68852139 -1.15553916
v 0.47124779 7.48661041 -1.15479326
v 0.47124779 7.48661041 -1.15479326
v 0.47085023 7.47780371 -0.46638912
v 0.47085023 7.47780371 -0.46638912
v -0.34022331 7.67967987 -0.46713060
v -0.34022331 7.67967987 -0.46713060
v -0.34109211 7.68852139 -1.15553916
v -0.34109211 7.68852139 -1.15553916
v -0.44653630 7.49472523 -1.15482342
v -0.44653630 7.49472523 -1.15482342
v -0.44611979 7.48591709 -0.46641892
v -0.44611979 7.48591709 -0.46641892
v 0.37394172 7.69291973 -1.32519209
v 0.37394172 7.69291973 -1.32519209
v 0.34685659 7.71173239 -2.01308703
v 0.34685659 7.71173239 -2.01308703
v 0.45642871 7.50954056 -2.01611567
v 0.45642871 7.50954056 -2.01611567
v 0.48451322 7.49051666 -1.32827628
v 0.48451322 7.49051666 -1.32827628
v -0.32501113 7.69291973 -1.29579520
v -0.32501113 7.69291973 -1.29579520
v -0.35578334 7.71173239 -1.98353505
v -0.35578334 7.71173239 -1.98353505
v -0.46082425 7.51766682 -1.97760081
v -0.46082425 7.51766682 -1.97760081
v -0.43101239 7.49865150 -1.28983366
v -0.43101239 7.49865150 -1.28983366
v 0.35964334 7.71806669 -2.15109420
v 0.35964334 7.71806669 -2.15109420
v 0.36181390 7.74013996 -2.83952808
v 0.36181390 7.74013996 -2.83952808
v 0.47134030 7.53756332 -2.83767080
v 0.47134030 7.53756332 -2.83767080
v 0.47034717 7.51517820 -2.14925528
v 0.47034717 7.51517820 -2.14925528
v -0.33934712 7.71806669 -2.15109420
v -0.33934712 7.71806669 -2.15109420
v -0.34151769 7.74013996 -2.83952808
v -0.34151769 7.74013996 -2.83952808
v -0.44664216 7.54570532 -2.83774543
v -0.44664216 7.54570532 -2.83774543
v -0.44560170 7.52333260 -2.14932942
v -0.44560170 7.52333260 -2.14932942
v 3.58752012 5.09213209 0.41434920
v 3.58752012 5.09213209 0.41434920
v 3.58752012 5.09213209 0.41434920
v 3.58752012 5.09213209 0.41434920
v 3.05716372 5.06503296 0.41434920
v 3.05716372 5.06503296 0.41434920
v 3.05716372 5.06503296 0.41434920
v 3.05716372 5.06503296 0.41434920
v 3.58752012 4.79039621 0.58607239
v 3.58752012 4.79039621 0.58607239
v 3.58752012 4.79039621 0.58607239
v 3.05716372 4.76917648 0.58607239
v 3.05716372 4.76917648 0.58607239
v 3.05716372 4.76917648 0.58607239
v 2.94048548 5.06364441 0.41434920
v 2.94048548 5.06364441 0.41434920
v 2.94048548 5.06364441 0.41434920
v 2.41012883 5.06364441 0.41434920
v 2.41012883 5.06364441 0.41434920
v 2.41012883 5.06364441 0.41434920
v 2.94048548 4.76817465 0.58607239
v 2.94048548 4.76817465 0.58607239
v 2.94048548 4.76817465 0.58607239
v 2.41012883 4.76817465 0.58607239
v 2.41012883 4.76817465 0.58607239
v 2.41012883 4.76817465 0.58607239
v 2.29345036 5.06503296 0.41434920
v 2.29345036 5.06503296 0.41434920
v 2.29345036 5.06503296 0.41434920
v 2.29345036 5.06503296 0.41434920
v 1.76309359 5.09213209 0.41434920
v 1.76309359 5.09213209 0.41434920
v 1.76309359 5.09213209 0.41434920
v 1.76309359 5.09213209 0.41434920
v 2.29345036 4.76917648 0.58607239
v 2.29345036 4.76917648 0.58607239
v 2.29345036 4.76917648 0.58607239
v 1.76309359 4.79039621 0.58607239
v 1.76309359 4.79039621 0.58607239
v 1.76309359 4.79039621 0.58607239
v 3.58752012 5.09213209 -0.36990845
v 3.58752012 5.09213209 -0.36990845
v 3.58752012 5.09213209 -0.36990845
v 3.58752012 5.09213209 -0.36990845
v 3.05716372 5.06503296 -0.36990845
v 3.05716372 5.06503296 -0.36990845
v 3.05716372 5.06503296 -0.36990845
v 3.05716372 5.06503296 -0.36990845
v 3.58752012 4.82139015 -0.52399236
v 3.58752012 4.82139015 -0.52399236
v 3.58752012 4.82139015 -0.52399236
v 3.05716372 4.79956627 -0.52399236
v 3.05716372 4.79956627 -0.52399236
v 3.05716372 4.79956627 -0.52399236
v 2.94048548 5.06364441 -0.36990845
v 2.94048548 5.06364441 -0.36990845
v 2.94048548 5.06364441 -0.36990845
v 2.41012883 5.06364441 -0.36990845
v 2.41012883 5.06364441 -0.36990845
v 2.41012883 5.06364441 -0.36990845
v 2.94048548 4.79852533 -0.52399236
v 2.94048548 4.79852533 -0.52399236
v 2.94048548 4.79852533 -0.52399236
v 2.41012883 4.79852533 -0.52399236
v 2.41012883 4.79852533 -0.52399236
v 2.41012883 4.79852533 -0.52399236
v 2.29345036 5.06503296 -0.36990845
v 2.29345036 5.06503296 -0.36990845
v 2.29345036 5.06503296 -0.36990845
v 2.29345036 5.06503296 -0.36990845
v 1.76309359 5.09213209 -0.36990845
v 1.76309359 5.09213209 -0.36990845
v 1.76309359 5.09213209 -0.36990845
v 1.76309359 5.09213209 -0.36990845
v 2.29345036 4.79956627 -0.52399236
v 2.29345036 4.79956627 -0.52399236
v 2.29345036 4.79956627 -0.52399236
v 1.76309359 4.82139015 -0.52399236
v 1.76309359 4.82139015 -0.52399236
v 1.76309359 4.82139015 -0.52399236
v 3.59783649 4.82004356 0.28617162
v 3.59783649 4.82004356 0.28617162
v 3.06739664 4.79485941 0.28305095
v 3.06739664 4.79485941 0.28305095
v 3.59360790 4.61887789 0.39916909
v 3.59360790 4.61887789 0.39916909
v 3.06323576 4.59802055 0.39857864
v 3.06323576 4.59802055 0.39857864
v 2.94048548 4.79229403 0.28533384
v 2.41012883 4.79229403 0.28533384
v 2.94048548 4.59582758 0.39951786
v 2.94048548 4.59582758 0.39951786
v 2.41012883 4.59582758 0.39951786
v 2.41012883 4.59582758 0.39951786
v 2.28321767 4.79485941 0.28305095
v 2.28321767 4.79485941 0.28305095
v 1.75277805 4.82004356 0.28617162
v 1.75277805 4.82004356 0.28617162
v 2.28737831 4.59802055 0.39857864
v 2.28737831 4.59802055 0.39857864
v 1.75700617 4.61887789 0.39916909
v 1.75700617 4.61887789 0.39916909
v 3.59783649 4.82004356 -0.24173079
v 3.59783649 4.82004356 -0.24173079
v 3.06739664 4.79485941 -0.23861016
v 3.06739664 4.79485941 -0.23861016
v 3.59404182 4.63954163 -0.34312135
v 3.59404182 4.63954163 -0.34312135
v 3.06366253 4.61823988 -0.34227103
v 3.06366253 4.61823988 -0.34227103
v 2.94048548 4.79229403 -0.24089311
v 2.41012883 4.79229403 -0.24089311
v 2.94048548 4.61600828 -0.34334821
v 2.94048548 4.61600828 -0.34334821
v 2.41012883 4.61600828 -0.34334821
v 2.41012883 4.61600828 -0.34334821
v 2.28321767 4.79485941 -0.23861016
v 2.28321767 4.79485941 -0.23861016
v 1.75277805 4.82004356 -0.24173079
v 1.75277805 4.82004356 -0.24173079
v 2.28695107 4.61823988 -0.34227103
v 2.28695107 4.61823988 -0.34227103
v 1.75657189 4.63954163 -0.34312135
v 1.75657189 4.63954163 -0.34312135
v 2.38215160 -0.00000015 2.75306511
v 2.38215160 -0.00000015 2.75306511
v -2.36185551 -0.00000015 2.75306511
v -2.36185551 -0.00000015 2.75306511
v 2.38215160 0.81865507 -2.70862460
v 2.38215160 0.81865507 -2.70862460
v 2.38215160 0.81865507 -2.70862460
v 2.38215160 0.81865507 -2.70862460
v 2.38215160 0.81865507 0.02222039
v 2.38215160 0.81865507 0.02222039
v 2.38215160 0.81865507 0.02222039
v 2.38215160 -0.00000015 -2.70862460
v 2.38215160 -0.00000015 -2.70862460
v 2.38215160 -0.00000015 0.02222039
v -2.36185551 -0.00000015 -2.70862460
v -2.36185551 -0.00000015 -2.70862460
v 3.42050982 -0.00000015 0.95639569
v 3.42050982 -0.00000015 0.95639569
v 2.27483535 -0.00000015 0.95639569
v 3.42050982 -0.00000015 -0.91195494
v 3.42050982 -0.00000015 -0.91195494
v 2.27483535 -0.00000015 -0.91195494
v 2.27483535 0.81865507 -0.91195494
v 2.27483535 0.81865507 -0.91195494
v -0.26818216 0.11650971 2.85639286
v -0.26818216 0.11650971 2.85639286
v -0.26163566 0.39821762 2.85445023
v -0.26163566 0.39821762 2.85445023
v -0.26163566 0.39821762 2.85445023
v -0.28448236 0.11650971 2.69892764
v -0.26884747 0.40291589 2.69892764
v -0.26884747 0.40291589 2.69892764
v 0.28829229 0.10978765 2.85625434
v 0.28829229 0.10978765 2.85625434
v 0.28061962 0.40542379 2.85441804
v 0.28061962 0.40542379 2.85441804
v 0.28061962 0.40542379 2.85441804
v 0.30407256 0.10978765 2.69892764
v 0.28762090 0.41018149 2.69892764
v 0.28762090 0.41018149 2.69892764
v -1.87813914 0.26585844 2.85350418
v -1.87813914 0.26585844 2.85350418
v -1.87103283 0.49042213 2.85161376
v -1.87103283 0.49042213 2.85161376
v -1.87103283 0.49042213 2.85161376
v -1.89418018 0.26585844 2.70174766
v -1.87813914 0.49515012 2.70174766
v -1.87813914 0.49515012 2.70174766
v -1.38826334 0.26585844 2.85350418
v -1.38826334 0.26585844 2.85350418
v -1.39536989 0.49042213 2.85161376
v -1.39536989 0.49042213 2.85161376
v -1.39536989 0.49042213 2.85161376
v -1.37222230 0.26585844 2.70174766
v -1.38826334 0.49515012 2.70174766
v -1.38826334 0.49515012 2.70174766
v 1.58975387 0.38197610 2.84994698
v 1.58975387 0.38197610 2.84994698
v 1.59783077 0.64994192 2.84814930
v 1.59783077 0.64994192 2.84814930
v 1.59783077 0.64994192 2.84814930
v 1.57415903 0.38197610 2.70518470
v 1.59090328 0.65471971 2.70518470
v 1.59090328 0.65471971 2.70518470
v 2.10547709 0.39247599 2.85018301
v 2.10547709 0.39247599 2.85018301
v 2.09932232 0.63861537 2.84820461
v 2.09932232 0.63861537 2.84820461
v 2.09932232 0.63861537 2.84820461
v 2.12195897 0.39247599 2.70518470
v 2.10660839 0.64329207 2.70518470
v 2.10660839 0.64329207 2.70518470
v 2.49449396 0.00000000 2.22258973
v 2.49449396 0.00000000 2.22258973
v 2.48735094 0.27128664 2.22065091
v 2.48735094 0.27128664 2.22065091
v 2.48735094 0.27128664 2.22065091
v 2.32118702 0.00000000 2.22685719
v 2.32118702 0.27603269 2.22252488
v 2.32118702 0.27603269 2.22252488
v 2.49449396 0.00000000 1.87016678
v 2.49449396 0.00000000 1.87016678
v 2.48742437 0.26049605 1.87200916
v 2.48742437 0.26049605 1.87200916
v 2.48742437 0.26049605 1.87200916
v 2.32118702 0.00000000 1.86589932
v 2.32118702 0.26520658 1.87010181
v 2.32118702 0.26520658 1.87010181
v 2.46551919 0.38197610 1.05569291
v 2.46551919 0.38197610 1.05569291
v 2.47359562 0.64994192 1.05389535
v 2.47359562 0.64994192 1.05389535
v 2.47359562 0.64994192 1.05389535
v 2.44992375 0.38197610 0.91093063
v 2.46666861 0.65471971 0.91093063
v 2.46666861 0.65471971 0.91093063
v 2.98124218 0.39247599 1.05592906
v 2.98124218 0.39247599 1.05592906
v 2.97508740 0.63861537 1.05395055
v 2.97508740 0.63861537 1.05395055
v 2.97508740 0.63861537 1.05395055
v 2.99772406 0.39247599 0.91093063
v 2.98237324 0.64329207 0.91093063
v 2.98237324 0.64329207 0.91093063
v 0.28777236 0.11650971 -2.80751109
v 0.28777236 0.11650971 -2.80751109
v 0.28122562 0.39821762 -2.80556822
v 0.28122562 0.39821762 -2.80556822
v 0.28122562 0.39821762 -2.80556822
v 0.30407256 0.11650971 -2.65004563
v 0.28843760 0.40291589 -2.65004563
v 0.28843760 0.40291589 -2.65004563
v -0.26870215 0.10978765 -2.80737305
v -0.26870215 0.10978765 -2.80737305
v -0.26102948 0.40542379 -2.80553603
v -0.26102948 0.40542379 -2.80553603
v -0.26102948 0.40542379 -2.80553603
v -0.28448236 0.10978765 -2.65004563
v -0.26803088 0.41018149 -2.65004563
v -0.26803088 0.41018149 -2.65004563
v -1.38826406 0.26585844 -2.80513477
v -1.38826406 0.26585844 -2.80513477
v -1.39537060 0.49042213 -2.80324435
v -1.39537060 0.49042213 -2.80324435
v -1.39537060 0.49042213 -2.80324435
v -1.37222278 0.26585844 -2.65337825
v -1.38826406 0.49515012 -2.65337825
v -1.38826406 0.49515012 -2.65337825
v -1.87813962 0.26585844 -2.80513477
v -1.87813962 0.26585844 -2.80513477
v -1.87103307 0.49042213 -2.80324435
v -1.87103307 0.49042213 -2.80324435
v -1.87103307 0.49042213 -2.80324435
v -1.89418089 0.26585844 -2.65337825
v -1.87813962 0.49515012 -2.65337825
v -1.87813962 0.49515012 -2.65337825
v 2.10636497 0.38197610 -2.80220222
v 2.10636497 0.38197610 -2.80220222
v 2.09828782 0.64994192 -2.80040503
v 2.09828782 0.64994192 -2.80040503
v 2.09828782 0.64994192 -2.80040503
v 2.12195969 0.38197610 -2.65744042
v 2.10521555 0.65471971 -2.65744042
v 2.10521555 0.65471971 -2.65744042
v 1.59064174 0.39247599 -2.80243874
v 1.59064174 0.39247599 -2.80243874
v 1.59679675 0.63861537 -2.80046034
v 1.59679675 0.63861537 -2.80046034
v 1.59679675 0.63861537 -2.80046034
v 1.57415926 0.39247599 -2.65744042
v 1.58950984 0.64329207 -2.65744042
v 1.58950984 0.64329207 -2.65744042
v 3.18397617 0.20212731 -1.01816833
v 3.18397617 0.20212731 -1.01816833
v 3.17589855 0.47009313 -1.01637065
v 3.17589855 0.47009313 -1.01637065
v 3.17589855 0.47009313 -1.01637065
v 3.19957113 0.20212731 -0.87340623
v 3.18282652 0.47487122 -0.87340623
v 3.18282652 0.47487122 -0.87340623
v 2.66825342 0.21262722 -1.01840448
v 2.66825342 0.21262722 -1.01840448
v 2.67440796 0.45876688 -1.01642609
v 2.67440796 0.45876688 -1.01642609
v 2.67440796 0.45876688 -1.01642609
v 2.65177059 0.21262722 -0.87340623
v 2.66712093 0.46344358 -0.87340623
v 2.66712093 0.46344358 -0.87340623
v 2.51613998 0.14015432 -1.74480331
v 2.51613998 0.14015432 -1.74480331
v 2.50898910 0.37879595 -1.74666059
v 2.50898910 0.37879595 -1.74666059
v 2.50898910 0.37879595 -1.74666059
v 2.33026075 0.14015432 -1.74052131
v 2.33026075 0.38351810 -1.74476397
v 2.33026075 0.38351810 -1.74476397
v 2.51602459 0.13454667 -2.24442768
v 2.51602459 0.13454667 -2.24442768
v 2.50896239 0.38451135 -2.24250340
v 2.50896239 0.38451135 -2.24250340
v 2.50896239 0.38451135 -2.24250340
v 2.33026075 0.13454667 -2.24867940
v 2.33026075 0.38924634 -2.24438787
v 2.33026075 0.38924634 -2.24438787
v -2.49125624 0.14246297 0.53062093
v -2.49125624 0.14246297 0.53062093
v -2.48414993 0.36702606 0.53251147
v -2.48414993 0.36702606 0.53251147
v -2.48414993 0.36702606 0.53251147
v -2.31107521 0.14246297 0.52635390
v -2.31107521 0.37175465 0.53062093
v -2.31107521 0.37175465 0.53062093
v -2.49125624 0.14246297 0.96364760
v -2.49125624 0.14246297 0.96364760
v -2.48414993 0.36702606 0.96175706
v -2.48414993 0.36702606 0.96175706
v -2.48414993 0.36702606 0.96175706
v -2.31107521 0.14246297 0.96791476
v -2.31107521 0.37175465 0.96364760
v -2.31107521 0.37175465 0.96364760
v -2.49125624 0.28156751 -1.10738885
v -2.49125624 0.28156751 -1.10738885
v -2.48414993 0.57011694 -1.10549831
v -2.48414993 0.57011694 -1.10549831
v -2.48414993 0.57011694 -1.10549831
v -2.31107521 0.28156751 -1.11165619
v -2.31107521 0.57484519 -1.10738885
v -2.31107521 0.57484519 -1.10738885
v -2.49125624 0.28156751 -0.67436254
v -2.49125624 0.28156751 -0.67436254
v -2.48414993 0.57011694 -0.67625302
v -2.48414993 0.57011694 -0.67625302
v -2.48414993 0.57011694 -0.67625302
v -2.31107521 0.28156751 -0.67009521
v -2.31107521 0.57484519 -0.67436254
v -2.31107521 0.57484519 -0.67436254
v -2.49125624 0.13227007 -2.38843441
v -2.49125624 0.13227007 -2.38843441
v -2.48414993 0.39847744 -2.38654447
v -2.48414993 0.39847744 -2.38654447
v -2.48414993 0.39847744 -2.38654447
v -2.31107521 0.13227007 -2.39270163
v -2.31107521 0.40320602 -2.38843441
v -2.31107521 0.40320602 -2.38843441
v -2.49125624 0.13227007 -1.95540833
v -2.49125624 0.13227007 -1.95540833
v -2.48414993 0.39847744 -1.95729828
v -2.48414993 0.39847744 -1.95729828
v -2.48414993 0.39847744 -1.95729828
v -2.31107521 0.13227007 -1.95114088
v -2.31107521 0.40320602 -1.95540833
v -2.31107521 0.40320602 -1.95540833
v -2.49125624 0.33373266 2.05092931
v -2.49125624 0.33373266 2.05092931
v -2.48414993 0.59994006 2.05281973
v -2.48414993 0.59994006 2.05281973
v -2.48414993 0.59994006 2.05281973
v -2.31107521 0.33373266 2.04666185
v -2.31107521 0.60466832 2.05092931
v -2.31107521 0.60466832 2.05092931
v -2.49125624 0.33373266 2.40055275
v -2.49125624 0.33373266 2.40055275
v -2.48414993 0.59994006 2.39866233
v -2.48414993 0.59994006 2.39866233
v -2.48414993 0.59994006 2.39866233
v -2.31107521 0.33373266 2.40482020
v -2.31107521 0.60466832 2.40055275
v -2.31107521 0.60466832 2.40055275
v 0.85772443 0.93972105 2.67887378
v 0.85772443 0.93972105 2.67887378
v 1.74825120 0.93972105 2.67887378
v 1.74825120 0.93972105 2.67887378
v 0.85772443 0.93972105 3.01206064
v 0.85772443 0.93972105 3.01206064
v 0.85772443 0.93972105 3.01206064
v 1.74825120 0.93972105 3.01206064
v 1.74825120 0.93972105 3.01206064
v 1.74825120 0.93972105 3.01206064
v 0.85772443 0.79727775 2.67887378
v 1.74825120 0.79727775 2.67887378
v 0.85772443 0.79727775 3.01206064
v 0.85772443 0.79727775 3.01206064
v 1.74825120 0.79727775 3.01206064
v 1.74825120 0.79727775 3.01206064
v 0.45700389 0.93972105 2.67887378
v 0.45700389 0.93972105 2.67887378
v 0.45700389 0.93972105 3.01206064
v 0.45700389 0.93972105 3.01206064
v 0.45700389 0.93972105 3.01206064
v 0.45700389 0.79727775 2.67887378
v 0.45700389 0.79727775 3.01206064
v 0.45700389 0.79727775 3.01206064
v -0.83742821 0.93972105 2.67887378
v -0.83742821 0.93972105 2.67887378
v -1.72795498 0.93972105 2.67887378
v -1.72795498 0.93972105 2.67887378
v -0.83742821 0.93972105 3.01206064
v -0.83742821 0.93972105 3.01206064
v -0.83742821 0.93972105 3.01206064
v -1.72795498 0.93972105 3.01206064
v -1.72795498 0.93972105 3.01206064
v -1.72795498 0.93972105 3.01206064
v -0.83742821 0.79727775 2.67887378
v -1.72795498 0.79727775 2.67887378
v -0.83742821 0.79727775 3.01206064
v -0.83742821 0.79727775 3.01206064
v -1.72795498 0.79727775 3.01206064
v -1.72795498 0.79727775 3.01206064
v -0.43670774 0.93972105 2.67887378
v -0.43670774 0.93972105 2.67887378
v -0.43670774 0.93972105 3.01206064
v -0.43670774 0.93972105 3.01206064
v -0.43670774 0.93972105 3.01206064
v -0.43670774 0.79727775 2.67887378
v -0.43670774 0.79727775 3.01206064
v -0.43670774 0.79727775 3.01206064
v 0.85772443 0.93972105 -2.63443255
v 0.85772443 0.93972105 -2.63443255
v 1.74825120 0.93972105 -2.63443255
v 1.74825120 0.93972105 -2.63443255
v 0.85772443 0.93972105 -2.96761942
v 0.85772443 0.93972105 -2.96761942
v 0.85772443 0.93972105 -2.96761942
v 1.74825120 0.93972105 -2.96761942
v 1.74825120 0.93972105 -2.96761942
v 1.74825120 0.93972105 -2.96761942
v 0.85772443 0.79727775 -2.63443255
v 1.74825120 0.79727775 -2.63443255
v 0.85772443 0.79727775 -2.96761942
v 0.85772443 0.79727775 -2.96761942
v 1.74825120 0.79727775 -2.96761942
v 1.74825120 0.79727775 -2.96761942
v 0.45700389 0.93972105 -2.63443255
v 0.45700389 0.93972105 -2.63443255
v 0.45700389 0.93972105 -2.96761942
v 0.45700389 0.93972105 -2.96761942
v 0.45700389 0.93972105 -2.96761942
v 0.45700389 0.79727775 -2.63443255
v 0.45700389 0.79727775 -2.96761942
v 0.45700389 0.79727775 -2.96761942
v -0.83742821 0.93972105 -2.63443255
v -0.83742821 0.93972105 -2.63443255
v -1.72795498 0.93972105 -2.63443255
v -1.72795498 0.93972105 -2.63443255
v -0.83742821 0.93972105 -2.96761942
v -0.83742821 0.93972105 -2.96761942
v -0.83742821 0.93972105 -2.96761942
v -1.72795498 0.93972105 -2.96761942
v -1.72795498 0.93972105 -2.96761942
v -1.72795498 0.93972105 -2.96761942
v -0.83742821 0.79727775 -2.63443255
v -1.72795498 0.79727775 -2.63443255
v -0.83742821 0.79727775 -2.96761942
v -0.83742821 0.79727775 -2.96761942
v -1.72795498 0.79727775 -2.96761942
v -1.72795498 0.79727775 -2.96761942
v -0.43670774 0.93972105 -2.63443255
v -0.43670774 0.93972105 -2.63443255
v -0.43670774 0.93972105 -2.96761942
v -0.43670774 0.93972105 -2.96761942
v -0.43670774 0.93972105 -2.96761942
v -0.43670774 0.79727775 -2.63443255
v -0.43670774 0.79727775 -2.96761942
v -0.43670774 0.79727775 -2.96761942
v -2.27162504 0.92689472 1.10114288
v -2.27162504 0.92689472 1.10114288
v -2.27162552 0.92689472 2.10157037
v -2.27162552 0.92689472 2.10157037
v -2.27162504 0.76432472 1.10114288
v -2.27162552 0.76432472 2.10157037
v -2.76734543 0.76432472 1.10114288
v -2.76734543 0.76432472 1.10114288
v -2.76734543 0.76432472 2.10157037
v -2.76734543 0.76432472 2.10157037
v -2.76734543 0.92689472 2.10157037
v -2.76734543 0.92689472 2.10157037
v -2.76734543 0.92689472 2.10157037
v -2.76734543 0.92689472 1.10114288
v -2.76734543 0.92689472 1.10114288
v -2.76734543 0.92689472 1.10114288
v -2.27162504 0.92689472 -2.05638480
v -2.27162504 0.92689472 -2.05638480
v -2.27162504 0.92689472 -1.05595708
v -2.27162504 0.92689472 -1.05595708
v -2.27162504 0.76432472 -2.05638480
v -2.27162504 0.76432472 -1.05595708
v -2.76734543 0.76432472 -2.05638480
v -2.76734543 0.76432472 -2.05638480
v -2.76734543 0.76432472 -1.05595708
v -2.76734543 0.76432472 -1.05595708
v -2.76734543 0.92689472 -1.05595708
v -2.76734543 0.92689472 -1.05595708
v -2.76734543 0.92689472 -1.05595708
v -2.76734543 0.92689472 -2.05638480
v -2.76734543 0.92689472 -2.05638480
v -2.76734543 0.92689472 -2.05638480
v 2.28318501 0.92689472 2.33153248
v 2.28318501 0.92689472 2.33153248
v 2.28318548 0.92689472 1.33110499
v 2.28318548 0.92689472 1.33110499
v 2.28318501 0.76432472 2.33153248
v 2.28318548 0.76432472 1.33110499
v 2.77890491 0.76432472 2.33153248
v 2.77890491 0.76432472 2.33153248
v 2.77890491 0.76432472 1.33110499
v 2.77890491 0.76432472 1.33110499
v 2.77890491 0.92689472 1.33110499
v 2.77890491 0.92689472 1.33110499
v 2.77890491 0.92689472 1.33110499
v 2.77890491 0.92689472 2.33153248
v 2.77890491 0.92689472 2.33153248
v 2.77890491 0.92689472 2.33153248
v 2.28318501 0.92689472 -1.28569591
v 2.28318501 0.92689472 -1.28569591
v 2.28318548 0.92689472 -2.28612328
v 2.28318548 0.92689472 -2.28612328
v 2.28318501 0.76432472 -1.28569591
v 2.28318548 0.76432472 -2.28612328
v 2.77890491 0.76432472 -1.28569591
v 2.77890491 0.76432472 -1.28569591
v 2.77890491 0.76432472 -2.28612328
v 2.77890491 0.76432472 -2.28612328
v 2.77890491 0.92689472 -2.28612328
v 2.77890491 0.92689472 -2.28612328
v 2.77890491 0.92689472 -2.28612328
v 2.77890491 0.92689472 -1.28569591
v 2.77890491 0.92689472 -1.28569591
v 2.77890491 0.92689472 -1.28569591
vt 0.72882175 0.82210976
vt 0.72882175 0.82210976
vt 0.09810093 0.73455393
vt 0.72882175 0.73808318
vt 0.72882175 0.73808318
vt 0.09810093 0.73455393
vt 0.68508363 0.99911320
vt 0.73196799 0.82210976
vt 0.70110112 0.92903668
vt 0.70110112 0.92903668
vt 0.62986618 0.82210976
vt 0.62986618 0.82210976
vt 0.04471148 0.49797857
vt 0.62986618 0.73808318
vt 0.00647708 0.73455393
vt 0.62986618 0.73808318
vt 0.67934394 0.99911320
vt 0.67934394 0.99911320
vt 0.67360431 0.99911320
vt 0.62671995 0.82210976
vt 0.67934394 0.82210976
vt 0.65758675 0.92903668
vt 0.67934394 0.92903668
vt 0.67934394 0.92903668
vt 0.72882175 0.82210976
vt 0.72882175 0.82210976
vt 0.72882175 0.82210976
vt 0.72882175 0.82210976
vt 0.68508363 0.99911308
vt 0.73196799 0.82210976
vt 0.70110112 0.92903668
vt 0.70110112 0.92903668
vt 0.62986618 0.82210976
vt 0.62986618 0.82210976
vt 0.04471148 0.49797857
vt 0.62986618 0.73808312
vt 0.00647708 0.73455393
vt 0.62986618 0.73808312
vt 0.67934394 0.99911308
vt 0.67934394 0.99911308
vt 0.67360431 0.99911308
vt 0.62671995 0.82210976
vt 0.67934394 0.82210976
vt 0.65758675 0.92903668
vt 0.67934394 0.92903668
vt 0.67934394 0.92903668
vt 0.74573922 0.58944905
vt 0.75048089 0.82368737
vt 0.72184157 0.58944905
vt 0.09707997 0.49519771
vt 0.74573922 0.50384480
vt 0.11815536 0.73455393
vt 0.75048089 0.73808312
vt 0.07495288 0.49519771
vt 0.72184157 0.50384480
vt 0.75048089 0.82368737
vt 0.75048089 0.88848084
vt 0.74573922 0.58944905
vt 0.75048089 0.82368737
vt 0.75048089 0.82368737
vt 0.72184157 0.58944905
vt 0.10310151 0.49218690
vt 0.74573922 0.50384480
vt 0.11815536 0.73455393
vt 0.75048089 0.73808312
vt 0.75048089 0.82368737
vt 0.75048089 0.88848084
vt 0.75048089 0.88848084
vt 0.17029397 0.32687521
vt 0.17029397 0.32687521
vt 0.17148879 0.07357228
vt 0.17029397 0.45682693
vt 0.17029397 0.45682693
vt 0.17148879 0.20352399
vt 0.17148879 0.20352399
vt 0.20863195 0.32687521
vt 0.20863195 0.32687521
vt 0.20982677 0.07357228
vt 0.17148879 0.24352324
vt 0.17029397 0.49682617
vt 0.17148879 0.06582427
vt 0.17029397 0.31912720
vt 0.17029397 0.31912720
vt 0.17148879 0.23105633
vt 0.17148879 0.23105633
vt 0.17029397 0.48435926
vt 0.17029397 0.48435926
vt 0.20982677 0.06582427
vt 0.20863195 0.31912720
vt 0.20863195 0.31912720
vt 0.20982677 0.23105633
vt 0.20982677 0.23105633
vt 0.20863195 0.48435926
vt 0.20863195 0.48435926
vt 0.17029397 0.38912487
vt 0.17029397 0.38912487
vt 0.17148879 0.13582200
vt 0.20863195 0.38912487
vt 0.20863195 0.38912487
vt 0.20982677 0.13582200
vt 0.20982677 0.13029909
vt 0.20863195 0.38360202
vt 0.20863195 0.38360202
vt 0.17148879 0.13029909
vt 0.17029397 0.38360202
vt 0.17029397 0.38360202
vt 0.17029397 0.42508203
vt 0.17029397 0.42508203
vt 0.17148879 0.17177916
vt 0.20982677 0.24352324
vt 0.20863195 0.49682617
vt 0.20863195 0.45682693
vt 0.20863195 0.45682693
vt 0.20982677 0.20352399
vt 0.20982677 0.20352399
vt 0.20863195 0.42508185
vt 0.20863195 0.42508185
vt 0.20982677 0.17177898
vt 0.20982677 0.21054459
vt 0.20863195 0.46384746
vt 0.20863195 0.46384746
vt 0.20982677 0.17238724
vt 0.20863195 0.42569017
vt 0.20863195 0.42569017
vt 0.17148879 0.21054459
vt 0.17029397 0.46384746
vt 0.17029397 0.46384746
vt 0.17148879 0.17238724
vt 0.17029397 0.42569017
vt 0.17029397 0.42569017
vt 0.17029397 0.46929413
vt 0.17148879 0.21599126
vt 0.20863195 0.46929413
vt 0.20982677 0.21599126
vt 0.17029397 0.28845346
vt 0.17029397 0.28845346
vt 0.17148879 0.03515053
vt 0.20863195 0.28845346
vt 0.20863195 0.28845346
vt 0.20982677 0.03515053
vt 0.17148879 0.04707032
vt 0.17029397 0.30037320
vt 0.17029397 0.30037320
vt 0.20982677 0.04707032
vt 0.20863195 0.30037320
vt 0.20863195 0.30037320
vt 0.17029397 0.26070958
vt 0.17148879 0.00740671
vt 0.17029397 0.26070958
vt 0.20863195 0.26070958
vt 0.20982677 0.00740671
vt 0.20863195 0.26070958
vt 0.17148879 0.03389728
vt 0.17029397 0.28720021
vt 0.17029397 0.28720021
vt 0.20982677 0.03389728
vt 0.20863195 0.28720021
vt 0.20863195 0.28720021
vt 0.20862427 0.07395095
vt 0.20981909 0.32605898
vt 0.20981909 0.32605898
vt 0.20862427 0.20390290
vt 0.20981909 0.45601094
vt 0.20981909 0.45601094
vt 0.17028694 0.07395095
vt 0.17028694 0.07395095
vt 0.17148176 0.32605898
vt 0.17148176 0.32605898
vt 0.20981909 0.49601054
vt 0.20862427 0.24390250
vt 0.20981909 0.31831133
vt 0.20981909 0.31831133
vt 0.20862427 0.06620324
vt 0.20981909 0.48354304
vt 0.20981909 0.48354304
vt 0.20862427 0.23143494
vt 0.17148176 0.31831133
vt 0.17148176 0.31831133
vt 0.17028694 0.06620324
vt 0.17028694 0.06620324
vt 0.17148176 0.48354304
vt 0.17148176 0.48354304
vt 0.17028694 0.23143494
vt 0.17028694 0.23143494
vt 0.20862427 0.13620108
vt 0.20981909 0.38830912
vt 0.20981909 0.38830912
vt 0.17028694 0.13620108
vt 0.17028694 0.13620108
vt 0.17148176 0.38830912
vt 0.17148176 0.38830912
vt 0.17148176 0.38278598
vt 0.17148176 0.38278598
vt 0.17028694 0.13067794
vt 0.17028694 0.13067794
vt 0.20981909 0.38278598
vt 0.20981909 0.38278598
vt 0.20862427 0.13067794
vt 0.20862427 0.17215824
vt 0.20981909 0.42426634
vt 0.20981909 0.42426634
vt 0.17148176 0.49601054
vt 0.17028694 0.24390250
vt 0.17028694 0.20390290
vt 0.17028694 0.20390290
vt 0.17028694 0.20390290
vt 0.17148176 0.45601094
vt 0.17148176 0.45601094
vt 0.17028694 0.17215812
vt 0.17028694 0.17215812
vt 0.17148176 0.42426616
vt 0.17148176 0.42426616
vt 0.17148176 0.46303153
vt 0.17148176 0.46303153
vt 0.17028694 0.21092349
vt 0.17028694 0.21092349
vt 0.17148176 0.42487431
vt 0.17148176 0.42487431
vt 0.17028694 0.17276621
vt 0.17028694 0.17276621
vt 0.20981909 0.46303153
vt 0.20981909 0.46303153
vt 0.20862427 0.21092349
vt 0.20981909 0.42487431
vt 0.20981909 0.42487431
vt 0.20862427 0.17276621
vt 0.20862427 0.21637022
vt 0.20981909 0.46847826
vt 0.17028694 0.21637022
vt 0.17148176 0.46847826
vt 0.20862427 0.03552961
vt 0.20981909 0.28763771
vt 0.20981909 0.28763771
vt 0.17028694 0.03552961
vt 0.17028694 0.03552961
vt 0.17148176 0.28763771
vt 0.17148176 0.28763771
vt 0.20981909 0.29955733
vt 0.20981909 0.29955733
vt 0.20862427 0.04744923
vt 0.17148176 0.29955733
vt 0.17148176 0.29955733
vt 0.17028694 0.04744923
vt 0.17028694 0.04744923
vt 0.20981909 0.25989389
vt 0.20862427 0.00778580
vt 0.20981909 0.25989389
vt 0.17148176 0.25989389
vt 0.17028694 0.00778580
vt 0.17148176 0.25989389
vt 0.20981909 0.28638428
vt 0.20981909 0.28638428
vt 0.20862427 0.03427625
vt 0.17148176 0.28638428
vt 0.17148176 0.28638428
vt 0.17028694 0.03427625
vt 0.91519493 0.59170675
vt 0.91803992 0.50777924
vt 0.91519493 0.59170675
vt 0.91803992 0.50777924
vt 0.96072817 0.50777924
vt 0.96072817 0.50777924
vt 0.96072817 0.50777924
vt 0.96072817 0.50777924
vt 0.96072817 0.60158837
vt 0.99878520 0.99887282
vt 0.96072817 0.60158837
vt 0.96072817 0.60158837
vt 0.99878520 0.99887282
vt 0.96072817 0.60158837
vt 0.91519493 0.68551588
vt 0.91803992 0.60158837
vt 0.88034469 0.99887282
vt 0.91519493 0.68551588
vt 0.91803992 0.60158837
vt 0.88034469 0.99887282
vt 0.91519493 0.59170544
vt 0.91803992 0.50777793
vt 0.91519493 0.59170616
vt 0.91803992 0.50777870
vt 0.96072817 0.50777793
vt 0.96072817 0.50777793
vt 0.96072817 0.50777870
vt 0.96072817 0.50777870
vt 0.96072817 0.60158759
vt 0.99878520 0.99887067
vt 0.96072817 0.60158759
vt 0.96072817 0.60158837
vt 0.99878520 0.99887282
vt 0.96072817 0.60158837
vt 0.91519493 0.68551588
vt 0.91803992 0.60158837
vt 0.88034469 0.99887282
vt 0.91519493 0.68551505
vt 0.91803992 0.60158759
vt 0.88034469 0.99887067
vt 0.96840894 0.50581074
vt 0.93474311 0.59068656
vt 0.96840894 0.50581074
vt 0.93474311 0.59068656
vt 0.91680956 0.50581074
vt 0.91680956 0.50581074
vt 0.91680956 0.50581074
vt 0.91680956 0.50581074
vt 0.91680956 0.61656713
vt 0.91680956 0.61656713
vt 0.88031477 0.99605513
vt 0.91680956 0.61656713
vt 0.91680956 0.61656713
vt 0.88031477 0.99605513
vt 0.96840894 0.61656713
vt 0.99921376 0.99605513
vt 0.93474311 0.70144296
vt 0.96840894 0.61656713
vt 0.99921376 0.99605513
vt 0.93474311 0.70144296
vt 0.96088260 0.50858861
vt 0.95803761 0.59251606
vt 0.96088260 0.50858784
vt 0.95803761 0.59251535
vt 0.91802913 0.50858861
vt 0.91802913 0.50858861
vt 0.91802913 0.50858784
vt 0.91802913 0.50858784
vt 0.91802913 0.60057282
vt 0.91802913 0.60057282
vt 0.88031477 0.99605513
vt 0.91802913 0.60057205
vt 0.91802913 0.60057205
vt 0.88031477 0.99605304
vt 0.96088260 0.60057205
vt 0.99921376 0.99605304
vt 0.95803761 0.68449950
vt 0.96088260 0.60057282
vt 0.99921376 0.99605513
vt 0.95803761 0.68450034
vt 0.13676494 0.52440906
vt 0.12839936 0.75878072
vt 0.13676494 0.52440906
vt 0.13676494 0.72868621
vt 0.12839936 0.99870193
vt 0.12839936 0.99870193
vt 0.13676494 0.68560779
vt 0.12839936 0.94810683
vt 0.16317055 0.58449954
vt 0.13676494 0.64033639
vt 0.13676494 0.64033639
vt 0.12839936 0.89493608
vt 0.16317055 0.55922729
vt 0.13676494 0.59481233
vt 0.12839936 0.84146857
vt 0.16317055 0.53381401
vt 0.13676494 0.54712492
vt 0.12839936 0.78546023
vt 0.16317055 0.50719303
vt 0.13676494 0.57021135
vt 0.13676494 0.57021135
vt 0.12839936 0.81257498
vt 0.16317055 0.52008075
vt 0.13676494 0.61757433
vt 0.13676494 0.61757433
vt 0.12839936 0.86820227
vt 0.16317055 0.54652059
vt 0.13676494 0.66179776
vt 0.13676494 0.66179776
vt 0.12839936 0.92014223
vt 0.16317055 0.57120788
vt 0.13676494 0.70673561
vt 0.13676494 0.70673561
vt 0.12839936 0.97292125
vt 0.16317055 0.59629393
vt 0.13676494 0.54008567
vt 0.12839936 0.77719271
vt 0.16317055 0.50326347
vt 0.13676494 0.56344765
vt 0.12839936 0.80463111
vt 0.16317055 0.51630503
vt 0.13676494 0.58711725
vt 0.13676494 0.58711725
vt 0.12839936 0.83243078
vt 0.16317055 0.52951831
vt 0.13676494 0.60985637
vt 0.13676494 0.60985637
vt 0.12839936 0.85913765
vt 0.16317055 0.54221219
vt 0.13676494 0.63286895
vt 0.12839936 0.88616568
vt 0.16317055 0.55505872
vt 0.13676494 0.65463597
vt 0.13676494 0.65463597
vt 0.12839936 0.91173077
vt 0.16317055 0.56720990
vt 0.13676494 0.67784482
vt 0.13676494 0.67784482
vt 0.12839936 0.93898934
vt 0.16317055 0.58016598
vt 0.13676494 0.69868320
vt 0.13676494 0.69868320
vt 0.12839936 0.96346372
vt 0.16317055 0.59179872
vt 0.13312232 0.50871766
vt 0.13676494 0.50643957
vt 0.13676494 0.50643957
vt 0.20384109 0.50871766
vt 0.20384109 0.50871766
vt 0.13676494 0.62678069
vt 0.13676494 0.62678069
vt 0.13676494 0.62678069
vt 0.12839936 0.96933436
vt 0.12839936 0.96933436
vt 0.13676494 0.70368165
vt 0.15200365 0.50871766
vt 0.15200365 0.50871766
vt 0.13676494 0.53856957
vt 0.17468739 0.50871766
vt 0.17468739 0.50871766
vt 0.13676494 0.57717019
vt 0.13676494 0.57717019
vt 0.22660089 0.50871766
vt 0.22660089 0.50871766
vt 0.13676494 0.66551071
vt 0.13676494 0.66551071
vt 0.13676494 0.66551071
vt 0.24838388 0.50871766
vt 0.12839936 0.96803856
vt 0.13676494 0.70257837
vt 0.13676494 0.70257837
vt 0.24191830 0.52440906
vt 0.25190079 0.75878072
vt 0.24191830 0.52440906
vt 0.24191830 0.72868621
vt 0.25190079 0.99870193
vt 0.25190079 0.99870193
vt 0.24191830 0.68325913
vt 0.25190079 0.94534838
vt 0.22187124 0.58318847
vt 0.24191830 0.64033639
vt 0.25190079 0.89493608
vt 0.22187124 0.55922729
vt 0.24191830 0.59481233
vt 0.24191830 0.59481233
vt 0.25190079 0.84146857
vt 0.22187124 0.53381401
vt 0.24191830 0.54846030
vt 0.25190079 0.78702867
vt 0.22187124 0.50793850
vt 0.16679637 0.75878072
vt 0.16679637 0.75878072
vt 0.16945748 0.52440906
vt 0.16945748 0.52440906
vt 0.16679637 0.99870193
vt 0.16679637 0.99870193
vt 0.16679637 0.99870193
vt 0.16679637 0.99870193
vt 0.16679637 0.84146857
vt 0.16679637 0.84146857
vt 0.18142079 0.53381401
vt 0.18142079 0.53381401
vt 0.16679637 0.89493608
vt 0.16679637 0.89493608
vt 0.18142079 0.55922729
vt 0.18142079 0.55922729
vt 0.16679637 0.94534838
vt 0.16679637 0.94534838
vt 0.18142079 0.58318847
vt 0.18142079 0.58318847
vt 0.16679637 0.78702867
vt 0.16679637 0.78702867
vt 0.18142079 0.50793850
vt 0.18142079 0.50793850
vt 0.16679637 0.81298512
vt 0.16679637 0.81298512
vt 0.18142079 0.52027571
vt 0.18142079 0.52027571
vt 0.24191830 0.57111853
vt 0.24191830 0.57111853
vt 0.25190079 0.81364048
vt 0.22187124 0.52058721
vt 0.16679637 0.87029260
vt 0.16679637 0.87029260
vt 0.18142079 0.54751420
vt 0.18142079 0.54751420
vt 0.24191830 0.61757433
vt 0.24191830 0.61757433
vt 0.25190079 0.86820227
vt 0.22187124 0.54652059
vt 0.16679637 0.91866475
vt 0.16679637 0.91866475
vt 0.18142079 0.57050562
vt 0.18142079 0.57050562
vt 0.24191830 0.66179776
vt 0.24191830 0.66179776
vt 0.25190079 0.92014223
vt 0.22187124 0.57120788
vt 0.16679637 0.97131395
vt 0.16679637 0.97131395
vt 0.18142079 0.59553003
vt 0.18142079 0.59553003
vt 0.24191830 0.70673561
vt 0.25190079 0.97292125
vt 0.22187124 0.59629393
vt 0.16679637 0.77876121
vt 0.16679637 0.77876121
vt 0.18142079 0.50400895
vt 0.18142079 0.50400895
vt 0.24191830 0.54142106
vt 0.25190079 0.77876115
vt 0.22187124 0.50400895
vt 0.24191830 0.56435484
vt 0.25190079 0.80569661
vt 0.22187124 0.51681143
vt 0.16679637 0.80504119
vt 0.16679637 0.80504119
vt 0.18142079 0.51649994
vt 0.18142079 0.51649994
vt 0.16679637 0.83243078
vt 0.16679637 0.83243078
vt 0.18142079 0.52951831
vt 0.18142079 0.52951831
vt 0.24191830 0.58711725
vt 0.24191830 0.58711725
vt 0.25190079 0.83243078
vt 0.22187124 0.52951831
vt 0.24191830 0.60985637
vt 0.24191830 0.60985637
vt 0.25190079 0.85913765
vt 0.22187124 0.54221219
vt 0.16679637 0.86122793
vt 0.16679637 0.86122793
vt 0.18142079 0.54320568
vt 0.18142079 0.54320568
vt 0.16679637 0.88616568
vt 0.16679637 0.88616568
vt 0.18142079 0.55505872
vt 0.18142079 0.55505872
vt 0.24191830 0.63286895
vt 0.24191830 0.63286895
vt 0.25190079 0.88616568
vt 0.22187124 0.55505872
vt 0.24191830 0.65463597
vt 0.24191830 0.65463597
vt 0.25190079 0.91173077
vt 0.22187124 0.56720990
vt 0.16679637 0.91025329
vt 0.16679637 0.91025329
vt 0.18142079 0.56650764
vt 0.18142079 0.56650764
vt 0.16679637 0.93623090
vt 0.16679637 0.93623090
vt 0.18142079 0.57885492
vt 0.18142079 0.57885492
vt 0.24191830 0.67549622
vt 0.25190079 0.93623090
vt 0.22187124 0.57885492
vt 0.24191830 0.69868320
vt 0.25190079 0.96346372
vt 0.22187124 0.59179872
vt 0.16679637 0.96185637
vt 0.16679637 0.96185637
vt 0.18142079 0.59103477
vt 0.18142079 0.59103477
vt 0.25190079 0.73883557
vt 0.24191830 0.50742710
vt 0.24191830 0.50742710
vt 0.25190079 0.88017482
vt 0.25190079 0.88017482
vt 0.24191830 0.62776816
vt 0.24191830 0.62776816
vt 0.24191830 0.62776816
vt 0.24191830 0.62776816
vt 0.25190079 0.96933436
vt 0.25190079 0.96933436
vt 0.24191830 0.70368165
vt 0.16679637 0.73767573
vt 0.16679637 0.73767573
vt 0.16945748 0.50643957
vt 0.16945748 0.50643957
vt 0.16679637 0.96803856
vt 0.16679637 0.96803856
vt 0.16679637 0.96803856
vt 0.16679637 0.96803856
vt 0.16679637 0.87901503
vt 0.16679637 0.87901503
vt 0.16679637 0.87901503
vt 0.16679637 0.87901503
vt 0.16679637 0.92450303
vt 0.16679637 0.92450303
vt 0.16679637 0.92450303
vt 0.16679637 0.92450303
vt 0.16679637 0.96933436
vt 0.16679637 0.96933436
vt 0.16679637 0.96933436
vt 0.16679637 0.96933436
vt 0.25190079 0.77657181
vt 0.25190079 0.77657181
vt 0.24191830 0.53955698
vt 0.16679637 0.82074809
vt 0.16679637 0.82074809
vt 0.16679637 0.82074809
vt 0.16679637 0.82074809
vt 0.25190079 0.82190788
vt 0.25190079 0.82190788
vt 0.24191830 0.57815766
vt 0.24191830 0.57815766
vt 0.24191830 0.57815766
vt 0.25190079 0.92566288
vt 0.25190079 0.92566288
vt 0.24191830 0.66649824
vt 0.24191830 0.66649824
vt 0.16679637 0.77541208
vt 0.16679637 0.77541208
vt 0.16679637 0.77541208
vt 0.16679637 0.77541208
vt 0.25190079 0.96919841
vt 0.25190079 0.96919841
vt 0.24191830 0.70356590
vt 0.20205264 0.75878072
vt 0.20205264 0.75878072
vt 0.19947587 0.52440906
vt 0.19947587 0.52440906
vt 0.20205264 0.99870193
vt 0.20205264 0.99870193
vt 0.20205264 0.99870193
vt 0.20205264 0.99870193
vt 0.20205264 0.94534838
vt 0.20205264 0.94534838
vt 0.19817823 0.58318847
vt 0.19817823 0.58318847
vt 0.20205264 0.89493608
vt 0.20205264 0.89493608
vt 0.19817823 0.55922729
vt 0.19817823 0.55922729
vt 0.20205264 0.84448630
vt 0.20205264 0.84448630
vt 0.19817823 0.53524834
vt 0.19817823 0.53524834
vt 0.20205264 0.78581339
vt 0.20205264 0.78581339
vt 0.19817823 0.50736088
vt 0.19817823 0.50736088
vt 0.20205264 0.81364048
vt 0.20205264 0.81364048
vt 0.19817823 0.52058721
vt 0.19817823 0.52058721
vt 0.20205264 0.87029260
vt 0.20205264 0.87029260
vt 0.19817823 0.54751420
vt 0.19817823 0.54751420
vt 0.20205264 0.92014223
vt 0.20205264 0.92014223
vt 0.19817823 0.57120788
vt 0.19817823 0.57120788
vt 0.20205264 0.97131395
vt 0.20205264 0.97131395
vt 0.19817823 0.59553003
vt 0.19817823 0.59553003
vt 0.20205264 0.77754593
vt 0.20205264 0.77754593
vt 0.19817823 0.50343132
vt 0.19817823 0.50343132
vt 0.20205264 0.80569661
vt 0.20205264 0.80569661
vt 0.19817823 0.51681143
vt 0.19817823 0.51681143
vt 0.20205264 0.83544850
vt 0.20205264 0.83544850
vt 0.19817823 0.53095263
vt 0.19817823 0.53095263
vt 0.20205264 0.86122787
vt 0.20205264 0.86122787
vt 0.19817823 0.54320568
vt 0.19817823 0.54320568
vt 0.20205264 0.88616568
vt 0.20205264 0.88616568
vt 0.19817823 0.55505872
vt 0.19817823 0.55505872
vt 0.20205264 0.91173077
vt 0.20205264 0.91173077
vt 0.19817823 0.56720990
vt 0.19817823 0.56720990
vt 0.20205264 0.93623090
vt 0.20205264 0.93623090
vt 0.19817823 0.57885492
vt 0.19817823 0.57885492
vt 0.20205264 0.96185637
vt 0.20205264 0.96185637
vt 0.19817823 0.59103477
vt 0.19817823 0.59103477
vt 0.20205264 0.73815626
vt 0.20205264 0.73815626
vt 0.19947587 0.50684869
vt 0.19947587 0.50684869
vt 0.20205264 0.96933436
vt 0.20205264 0.96933436
vt 0.20205264 0.96933436
vt 0.20205264 0.96933436
vt 0.20205264 0.87949550
vt 0.20205264 0.87949550
vt 0.20205264 0.87949550
vt 0.20205264 0.87949550
vt 0.20205264 0.82122850
vt 0.20205264 0.82122850
vt 0.20205264 0.82122850
vt 0.20205264 0.82122850
vt 0.20205264 0.96851897
vt 0.20205264 0.96851897
vt 0.20205264 0.96851897
vt 0.20205264 0.96851897
vt 0.20205264 0.77589256
vt 0.20205264 0.77589256
vt 0.20205264 0.77589256
vt 0.20205264 0.77589256
vt 0.20205264 0.92498350
vt 0.20205264 0.92498350
vt 0.20205264 0.92498350
vt 0.20205264 0.92498350
vt 0.13844129 0.75878072
vt 0.13844129 0.75878072
vt 0.14531499 0.52440906
vt 0.14531499 0.52440906
vt 0.13844129 0.99870193
vt 0.13844129 0.99870193
vt 0.13844129 0.99870193
vt 0.13844129 0.99870193
vt 0.13844129 0.94810683
vt 0.13844129 0.94810683
vt 0.16794352 0.58449954
vt 0.16794352 0.58449954
vt 0.13844129 0.89493608
vt 0.13844129 0.89493608
vt 0.16794352 0.55922729
vt 0.16794352 0.55922729
vt 0.13844129 0.84146857
vt 0.13844129 0.84146857
vt 0.16794352 0.53381401
vt 0.16794352 0.53381401
vt 0.13844129 0.78548056
vt 0.13844129 0.78548056
vt 0.16794352 0.50720268
vt 0.16794352 0.50720268
vt 0.13844129 0.81142199
vt 0.13844129 0.81142199
vt 0.16794352 0.51953274
vt 0.16794352 0.51953274
vt 0.13844129 0.86820227
vt 0.13844129 0.86820227
vt 0.16794352 0.54652059
vt 0.16794352 0.54652059
vt 0.13844129 0.92022181
vt 0.13844129 0.92022181
vt 0.16794352 0.57124573
vt 0.16794352 0.57124573
vt 0.13844129 0.97292125
vt 0.13844129 0.97292125
vt 0.16794352 0.59629393
vt 0.16794352 0.59629393
vt 0.13844129 0.77721310
vt 0.13844129 0.77721310
vt 0.16794352 0.50327313
vt 0.16794352 0.50327313
vt 0.13844129 0.80347806
vt 0.13844129 0.80347806
vt 0.16794352 0.51575696
vt 0.16794352 0.51575696
vt 0.13844129 0.83243078
vt 0.13844129 0.83243078
vt 0.16794352 0.52951831
vt 0.16794352 0.52951831
vt 0.13844129 0.85913765
vt 0.13844129 0.85913765
vt 0.16794352 0.54221219
vt 0.16794352 0.54221219
vt 0.13844129 0.88616568
vt 0.13844129 0.88616568
vt 0.16794352 0.55505872
vt 0.16794352 0.55505872
vt 0.13844129 0.91181034
vt 0.13844129 0.91181034
vt 0.16794352 0.56724769
vt 0.16794352 0.56724769
vt 0.13844129 0.93898934
vt 0.13844129 0.93898934
vt 0.16794352 0.58016598
vt 0.16794352 0.58016598
vt 0.13844129 0.96346372
vt 0.13844129 0.96346372
vt 0.16794352 0.59179872
vt 0.16794352 0.59179872
vt 0.13844129 0.73767573
vt 0.13312232 0.50369322
vt 0.14531499 0.50643957
vt 0.14531499 0.50643957
vt 0.13844129 0.96933436
vt 0.13844129 0.96933436
vt 0.13844129 0.96933436
vt 0.13844129 0.96933436
vt 0.13844129 0.87901503
vt 0.20384109 0.50369322
vt 0.20384109 0.50369322
vt 0.13844129 0.87901503
vt 0.17468739 0.50369322
vt 0.13844129 0.82074809
vt 0.17468739 0.50369322
vt 0.13844129 0.82074809
vt 0.13844129 0.96803856
vt 0.24838388 0.50369322
vt 0.13844129 0.96803856
vt 0.13844129 0.96803856
vt 0.15200365 0.50369322
vt 0.13844129 0.77541208
vt 0.13844129 0.77541208
vt 0.15200365 0.50369322
vt 0.13844129 0.92450303
vt 0.22660089 0.50369322
vt 0.13844129 0.92450303
vt 0.22660089 0.50369322
vt 0.23997296 0.75878072
vt 0.23997296 0.75878072
vt 0.23176253 0.52440906
vt 0.23176253 0.52440906
vt 0.23997301 0.99870193
vt 0.23997301 0.99870193
vt 0.23997301 0.99870193
vt 0.23997296 0.73867297
vt 0.23997296 0.73867297
vt 0.23176253 0.50728863
vt 0.23176253 0.50728863
vt 0.23997301 0.96903580
vt 0.23997301 0.96903580
vt 0.23997301 0.96903580
vt 0.23997301 0.96903580
vt 0.23997301 0.94534838
vt 0.23997301 0.94534838
vt 0.21620193 0.58318847
vt 0.21620193 0.58318847
vt 0.23997301 0.89493608
vt 0.23997301 0.89493608
vt 0.21620193 0.55922729
vt 0.21620193 0.55922729
vt 0.23997296 0.84067482
vt 0.23997296 0.84067482
vt 0.21620190 0.53343672
vt 0.21620190 0.53343672
vt 0.23997296 0.78581339
vt 0.23997296 0.78581339
vt 0.21620190 0.50736088
vt 0.21620190 0.50736088
vt 0.23997296 0.81263244
vt 0.23997296 0.81263244
vt 0.21620190 0.52010804
vt 0.21620190 0.52010804
vt 0.23997296 0.86820227
vt 0.23997296 0.86820227
vt 0.21620190 0.54652059
vt 0.21620190 0.54652059
vt 0.23997301 0.92253006
vt 0.23997301 0.92253006
vt 0.21620193 0.57234281
vt 0.21620193 0.57234281
vt 0.23997301 0.97292125
vt 0.23997301 0.97292125
vt 0.21620193 0.59629393
vt 0.21620193 0.59629393
vt 0.23997296 0.77754593
vt 0.23997296 0.77754593
vt 0.21620190 0.50343132
vt 0.21620190 0.50343132
vt 0.23997296 0.80468857
vt 0.23997296 0.80468857
vt 0.21620190 0.51633233
vt 0.21620190 0.51633233
vt 0.23997296 0.83163697
vt 0.23997296 0.83163697
vt 0.21620190 0.52914101
vt 0.21620190 0.52914101
vt 0.23997296 0.85913765
vt 0.23997296 0.85913765
vt 0.21620190 0.54221219
vt 0.21620190 0.54221219
vt 0.23997301 0.88616568
vt 0.23997301 0.88616568
vt 0.21620193 0.55505872
vt 0.21620193 0.55505872
vt 0.23997301 0.91411865
vt 0.23997301 0.91411865
vt 0.21620193 0.56834489
vt 0.21620193 0.56834489
vt 0.23997301 0.93623090
vt 0.23997301 0.93623090
vt 0.21620193 0.57885492
vt 0.21620193 0.57885492
vt 0.23997301 0.96346372
vt 0.23997301 0.96346372
vt 0.21620193 0.59179872
vt 0.21620193 0.59179872
vt 0.23997301 0.96933436
vt 0.23997301 0.96933436
vt 0.23997301 0.96933436
vt 0.23997301 0.96933436
vt 0.23997301 0.88001221
vt 0.23997301 0.88001221
vt 0.23997301 0.88001221
vt 0.23997301 0.88001221
vt 0.23997296 0.82174528
vt 0.23997296 0.82174528
vt 0.23997296 0.82174528
vt 0.23997296 0.82174528
vt 0.23997296 0.77640933
vt 0.23997296 0.77640933
vt 0.23997296 0.77640933
vt 0.23997296 0.77640933
vt 0.23997301 0.92550027
vt 0.23997301 0.92550027
vt 0.23997301 0.92550027
vt 0.23997301 0.92550027
vt 0.13676494 0.52405035
vt 0.12839936 0.75835943
vt 0.13676494 0.52405035
vt 0.12839936 0.99870193
vt 0.12839936 0.99870193
vt 0.13676494 0.72868621
vt 0.16317055 0.58429927
vt 0.12839936 0.94768542
vt 0.13676494 0.68524897
vt 0.16317055 0.55902702
vt 0.12839936 0.89451468
vt 0.13676494 0.63997757
vt 0.13676494 0.63997757
vt 0.16317055 0.53361374
vt 0.12839936 0.84104729
vt 0.13676494 0.59445363
vt 0.13676494 0.59445363
vt 0.16317055 0.50699270
vt 0.12839936 0.78503883
vt 0.13676494 0.54676610
vt 0.12839936 0.99897969
vt 0.12839936 0.99897969
vt 0.13676494 0.72892267
vt 0.12839936 0.99897969
vt 0.12839936 0.99897969
vt 0.16317055 0.51988053
vt 0.12839936 0.81215370
vt 0.13676494 0.56985265
vt 0.16317055 0.54632038
vt 0.12839936 0.86778092
vt 0.13676494 0.61721557
vt 0.16317055 0.57100761
vt 0.12839936 0.91972089
vt 0.13676494 0.66143900
vt 0.13676494 0.66143900
vt 0.16317055 0.59609371
vt 0.12839936 0.97249997
vt 0.13676494 0.70637697
vt 0.16317055 0.50326347
vt 0.12839936 0.77719271
vt 0.13676494 0.54008567
vt 0.16317055 0.51630503
vt 0.12839936 0.80463111
vt 0.13676494 0.56344765
vt 0.16317055 0.52951831
vt 0.12839936 0.83243078
vt 0.13676494 0.58711725
vt 0.16317055 0.54221219
vt 0.12839936 0.85913765
vt 0.13676494 0.60985637
vt 0.13676494 0.60985637
vt 0.16317055 0.55505872
vt 0.12839936 0.88616568
vt 0.13676494 0.63286895
vt 0.16317055 0.56720990
vt 0.12839936 0.91173077
vt 0.13676494 0.65463597
vt 0.13676494 0.65463597
vt 0.16317055 0.58016598
vt 0.12839936 0.93898934
vt 0.13676494 0.67784482
vt 0.16317055 0.59179872
vt 0.12839936 0.96346372
vt 0.13676494 0.69868320
vt 0.13676494 0.50643957
vt 0.13676494 0.50643957
vt 0.13312232 0.50871766
vt 0.13676494 0.62678069
vt 0.13676494 0.62678069
vt 0.13676494 0.62678069
vt 0.20384109 0.50871766
vt 0.20384109 0.50871766
vt 0.13676494 0.70368165
vt 0.12839936 0.96933436
vt 0.12839936 0.96933436
vt 0.13676494 0.53856957
vt 0.15200365 0.50871766
vt 0.15200365 0.50871766
vt 0.13676494 0.57717019
vt 0.13676494 0.57717019
vt 0.17468739 0.50871766
vt 0.17468739 0.50871766
vt 0.13676494 0.66551071
vt 0.13676494 0.66551071
vt 0.13676494 0.66551071
vt 0.22660089 0.50871766
vt 0.22660089 0.50871766
vt 0.13676494 0.70257837
vt 0.12839936 0.96803856
vt 0.24838388 0.50871766
vt 0.24191830 0.52405035
vt 0.25190079 0.75835943
vt 0.24191830 0.52405035
vt 0.25190079 0.99870193
vt 0.25190079 0.99870193
vt 0.24191830 0.72868621
vt 0.22187124 0.58298820
vt 0.25190079 0.94492704
vt 0.24191830 0.68290043
vt 0.22187124 0.55902702
vt 0.25190079 0.89451468
vt 0.24191830 0.63997757
vt 0.22187124 0.53361374
vt 0.25190079 0.84104729
vt 0.24191830 0.59445363
vt 0.24191830 0.59445363
vt 0.22187124 0.50773823
vt 0.25190079 0.78660733
vt 0.24191830 0.54810160
vt 0.25190079 0.99897969
vt 0.25190079 0.99897969
vt 0.24191830 0.72892267
vt 0.25190079 0.99897969
vt 0.25190079 0.99897969
vt 0.16945748 0.52405035
vt 0.16945748 0.52405035
vt 0.16679637 0.75835943
vt 0.16679637 0.75835943
vt 0.16679637 0.99870193
vt 0.16679637 0.99870193
vt 0.16679637 0.99870193
vt 0.16679637 0.99870193
vt 0.18142079 0.53361374
vt 0.18142079 0.53361374
vt 0.16679637 0.84104729
vt 0.16679637 0.84104729
vt 0.18142079 0.55902702
vt 0.18142079 0.55902702
vt 0.16679637 0.89451468
vt 0.16679637 0.89451468
vt 0.18142079 0.58298820
vt 0.18142079 0.58298820
vt 0.16679637 0.94492704
vt 0.16679637 0.94492704
vt 0.18142079 0.50773823
vt 0.18142079 0.50773823
vt 0.16679637 0.78660733
vt 0.16679637 0.78660733
vt 0.16679637 0.99897969
vt 0.16679637 0.99897969
vt 0.16679637 0.99897969
vt 0.16679637 0.99897969
vt 0.16679637 0.99897969
vt 0.16679637 0.99897969
vt 0.16679637 0.99897969
vt 0.16679637 0.99897969
vt 0.18142079 0.52007544
vt 0.18142079 0.52007544
vt 0.16679637 0.81256372
vt 0.16679637 0.81256372
vt 0.22187124 0.52038693
vt 0.25190079 0.81321913
vt 0.24191830 0.57075977
vt 0.18142079 0.54731393
vt 0.18142079 0.54731393
vt 0.16679637 0.86987126
vt 0.16679637 0.86987126
vt 0.22187124 0.54632038
vt 0.25190079 0.86778092
vt 0.24191830 0.61721557
vt 0.24191830 0.61721557
vt 0.18142079 0.57030541
vt 0.18142079 0.57030541
vt 0.16679637 0.91824347
vt 0.16679637 0.91824347
vt 0.22187124 0.57100761
vt 0.25190079 0.91972089
vt 0.24191830 0.66143900
vt 0.18142079 0.59532970
vt 0.18142079 0.59532970
vt 0.16679637 0.97089255
vt 0.16679637 0.97089255
vt 0.22187124 0.59609371
vt 0.25190079 0.97249997
vt 0.24191830 0.70637697
vt 0.18142079 0.50400895
vt 0.18142079 0.50400895
vt 0.16679637 0.77876121
vt 0.16679637 0.77876121
vt 0.22187124 0.50400895
vt 0.25190079 0.77876115
vt 0.24191830 0.54142106
vt 0.22187124 0.51681143
vt 0.25190079 0.80569661
vt 0.24191830 0.56435484
vt 0.18142079 0.51649994
vt 0.18142079 0.51649994
vt 0.16679637 0.80504119
vt 0.16679637 0.80504119
vt 0.18142079 0.52951831
vt 0.18142079 0.52951831
vt 0.16679637 0.83243078
vt 0.16679637 0.83243078
vt 0.22187124 0.52951831
vt 0.25190079 0.83243078
vt 0.24191830 0.58711725
vt 0.22187124 0.54221219
vt 0.25190079 0.85913765
vt 0.24191830 0.60985637
vt 0.24191830 0.60985637
vt 0.18142079 0.54320568
vt 0.18142079 0.54320568
vt 0.16679637 0.86122793
vt 0.16679637 0.86122793
vt 0.18142079 0.55505872
vt 0.18142079 0.55505872
vt 0.16679637 0.88616568
vt 0.16679637 0.88616568
vt 0.22187124 0.55505872
vt 0.25190079 0.88616568
vt 0.24191830 0.63286895
vt 0.24191830 0.63286895
vt 0.22187124 0.56720990
vt 0.25190079 0.91173077
vt 0.24191830 0.65463597
vt 0.18142079 0.56650764
vt 0.18142079 0.56650764
vt 0.16679637 0.91025329
vt 0.16679637 0.91025329
vt 0.18142079 0.57885492
vt 0.18142079 0.57885492
vt 0.16679637 0.93623090
vt 0.16679637 0.93623090
vt 0.22187124 0.57885492
vt 0.25190079 0.93623090
vt 0.24191830 0.67549622
vt 0.22187124 0.59179872
vt 0.25190079 0.96346372
vt 0.24191830 0.69868320
vt 0.18142079 0.59103477
vt 0.18142079 0.59103477
vt 0.16679637 0.96185637
vt 0.16679637 0.96185637
vt 0.24191830 0.50742710
vt 0.24191830 0.50742710
vt 0.25190079 0.73883557
vt 0.24191830 0.62776816
vt 0.24191830 0.62776816
vt 0.24191830 0.62776816
vt 0.24191830 0.62776816
vt 0.25190079 0.88017482
vt 0.25190079 0.88017482
vt 0.24191830 0.70368165
vt 0.25190079 0.96933436
vt 0.25190079 0.96933436
vt 0.16945748 0.50643957
vt 0.16945748 0.50643957
vt 0.16679637 0.73767573
vt 0.16679637 0.73767573
vt 0.16679637 0.96803856
vt 0.16679637 0.96803856
vt 0.16679637 0.96803856
vt 0.16679637 0.96803856
vt 0.16679637 0.87901503
vt 0.16679637 0.87901503
vt 0.16679637 0.87901503
vt 0.16679637 0.87901503
vt 0.16679637 0.92450303
vt 0.16679637 0.92450303
vt 0.16679637 0.92450303
vt 0.16679637 0.92450303
vt 0.16679637 0.96933436
vt 0.16679637 0.96933436
vt 0.16679637 0.96933436
vt 0.16679637 0.96933436
vt 0.24191830 0.53955698
vt 0.25190079 0.77657181
vt 0.25190079 0.77657181
vt 0.16679637 0.82074809
vt 0.16679637 0.82074809
vt 0.16679637 0.82074809
vt 0.16679637 0.82074809
vt 0.24191830 0.57815766
vt 0.24191830 0.57815766
vt 0.25190079 0.82190788
vt 0.25190079 0.82190788
vt 0.24191830 0.66649824
vt 0.25190079 0.92566288
vt 0.25190079 0.92566288
vt 0.16679637 0.77541208
vt 0.16679637 0.77541208
vt 0.16679637 0.77541208
vt 0.16679637 0.77541208
vt 0.24191830 0.70356590
vt 0.25190079 0.96919841
vt 0.25190079 0.96919841
vt 0.19947587 0.52405035
vt 0.19947587 0.52405035
vt 0.20205264 0.75835943
vt 0.20205264 0.75835943
vt 0.20205264 0.99897969
vt 0.20205264 0.99897969
vt 0.20205264 0.99897969
vt 0.20205264 0.99897969
vt 0.20205264 0.99897969
vt 0.20205264 0.99897969
vt 0.20205264 0.99897969
vt 0.20205264 0.99897969
vt 0.20205264 0.99870193
vt 0.20205264 0.99870193
vt 0.20205264 0.99870193
vt 0.20205264 0.99870193
vt 0.19817823 0.58298820
vt 0.19817823 0.58298820
vt 0.20205264 0.94492704
vt 0.20205264 0.94492704
vt 0.19817823 0.55902702
vt 0.19817823 0.55902702
vt 0.20205264 0.89451468
vt 0.20205264 0.89451468
vt 0.19817823 0.53504807
vt 0.19817823 0.53504807
vt 0.20205264 0.84406495
vt 0.20205264 0.84406495
vt 0.19817823 0.50716060
vt 0.19817823 0.50716060
vt 0.20205264 0.78539205
vt 0.20205264 0.78539205
vt 0.19817823 0.52038693
vt 0.19817823 0.52038693
vt 0.20205264 0.81321913
vt 0.20205264 0.81321913
vt 0.19817823 0.54731393
vt 0.19817823 0.54731393
vt 0.20205264 0.86987126
vt 0.20205264 0.86987126
vt 0.19817823 0.57100761
vt 0.19817823 0.57100761
vt 0.20205264 0.91972089
vt 0.20205264 0.91972089
vt 0.19817823 0.59532970
vt 0.19817823 0.59532970
vt 0.20205264 0.97089255
vt 0.20205264 0.97089255
vt 0.19817823 0.50343132
vt 0.19817823 0.50343132
vt 0.20205264 0.77754593
vt 0.20205264 0.77754593
vt 0.19817823 0.51681143
vt 0.19817823 0.51681143
vt 0.20205264 0.80569661
vt 0.20205264 0.80569661
vt 0.19817823 0.53095263
vt 0.19817823 0.53095263
vt 0.20205264 0.83544850
vt 0.20205264 0.83544850
vt 0.19817823 0.54320568
vt 0.19817823 0.54320568
vt 0.20205264 0.86122787
vt 0.20205264 0.86122787
vt 0.19817823 0.55505872
vt 0.19817823 0.55505872
vt 0.20205264 0.88616568
vt 0.20205264 0.88616568
vt 0.19817823 0.56720990
vt 0.19817823 0.56720990
vt 0.20205264 0.91173077
vt 0.20205264 0.91173077
vt 0.19817823 0.57885492
vt 0.19817823 0.57885492
vt 0.20205264 0.93623090
vt 0.20205264 0.93623090
vt 0.19817823 0.59103477
vt 0.19817823 0.59103477
vt 0.20205264 0.96185637
vt 0.20205264 0.96185637
vt 0.19947587 0.50684869
vt 0.19947587 0.50684869
vt 0.20205264 0.73815626
vt 0.20205264 0.73815626
vt 0.20205264 0.96933436
vt 0.20205264 0.96933436
vt 0.20205264 0.96933436
vt 0.20205264 0.96933436
vt 0.20205264 0.87949550
vt 0.20205264 0.87949550
vt 0.20205264 0.87949550
vt 0.20205264 0.87949550
vt 0.20205264 0.82122850
vt 0.20205264 0.82122850
vt 0.20205264 0.82122850
vt 0.20205264 0.82122850
vt 0.20205264 0.96851897
vt 0.20205264 0.96851897
vt 0.20205264 0.96851897
vt 0.20205264 0.96851897
vt 0.20205264 0.77589256
vt 0.20205264 0.77589256
vt 0.20205264 0.77589256
vt 0.20205264 0.77589256
vt 0.20205264 0.92498350
vt 0.20205264 0.92498350
vt 0.20205264 0.92498350
vt 0.20205264 0.92498350
vt 0.14531499 0.52405035
vt 0.14531499 0.52405035
vt 0.13844129 0.75835943
vt 0.13844129 0.75835943
vt 0.13844129 0.99897969
vt 0.13844129 0.99897969
vt 0.13844129 0.99897969
vt 0.13844129 0.99897969
vt 0.13844129 0.99897969
vt 0.13844129 0.99897969
vt 0.13844129 0.99897969
vt 0.13844129 0.99897969
vt 0.13844129 0.99870193
vt 0.13844129 0.99870193
vt 0.13844129 0.99870193
vt 0.13844129 0.99870193
vt 0.16794352 0.58429927
vt 0.16794352 0.58429927
vt 0.13844129 0.94768542
vt 0.13844129 0.94768542
vt 0.16794352 0.55902702
vt 0.16794352 0.55902702
vt 0.13844129 0.89451468
vt 0.13844129 0.89451468
vt 0.16794352 0.53361374
vt 0.16794352 0.53361374
vt 0.13844129 0.84104729
vt 0.13844129 0.84104729
vt 0.16794352 0.50700241
vt 0.16794352 0.50700241
vt 0.13844129 0.78505921
vt 0.13844129 0.78505921
vt 0.16794352 0.51933247
vt 0.16794352 0.51933247
vt 0.13844129 0.81100065
vt 0.13844129 0.81100065
vt 0.16794352 0.54632038
vt 0.16794352 0.54632038
vt 0.13844129 0.86778092
vt 0.13844129 0.86778092
vt 0.16794352 0.57104540
vt 0.16794352 0.57104540
vt 0.13844129 0.91980040
vt 0.13844129 0.91980040
vt 0.16794352 0.59609371
vt 0.16794352 0.59609371
vt 0.13844129 0.97249997
vt 0.13844129 0.97249997
vt 0.16794352 0.50327313
vt 0.16794352 0.50327313
vt 0.13844129 0.77721310
vt 0.13844129 0.77721310
vt 0.16794352 0.51575696
vt 0.16794352 0.51575696
vt 0.13844129 0.80347806
vt 0.13844129 0.80347806
vt 0.16794352 0.52951831
vt 0.16794352 0.52951831
vt 0.13844129 0.83243078
vt 0.13844129 0.83243078
vt 0.16794352 0.54221219
vt 0.16794352 0.54221219
vt 0.13844129 0.85913765
vt 0.13844129 0.85913765
vt 0.16794352 0.55505872
vt 0.16794352 0.55505872
vt 0.13844129 0.88616568
vt 0.13844129 0.88616568
vt 0.16794352 0.56724769
vt 0.16794352 0.56724769
vt 0.13844129 0.91181034
vt 0.13844129 0.91181034
vt 0.16794352 0.58016598
vt 0.16794352 0.58016598
vt 0.13844129 0.93898934
vt 0.13844129 0.93898934
vt 0.16794352 0.59179872
vt 0.16794352 0.59179872
vt 0.13844129 0.96346372
vt 0.13844129 0.96346372
vt 0.14531499 0.50643957
vt 0.14531499 0.50643957
vt 0.13844129 0.73767573
vt 0.13312232 0.50369322
vt 0.13844129 0.96933436
vt 0.13844129 0.96933436
vt 0.13844129 0.96933436
vt 0.13844129 0.96933436
vt 0.13844129 0.87901503
vt 0.20384109 0.50369322
vt 0.13844129 0.87901503
vt 0.20384109 0.50369322
vt 0.13844129 0.82074809
vt 0.17468739 0.50369322
vt 0.13844129 0.82074809
vt 0.17468739 0.50369322
vt 0.13844129 0.96803856
vt 0.13844129 0.96803856
vt 0.13844129 0.96803856
vt 0.24838388 0.50369322
vt 0.13844129 0.77541208
vt 0.15200365 0.50369322
vt 0.13844129 0.77541208
vt 0.15200365 0.50369322
vt 0.13844129 0.92450303
vt 0.22660089 0.50369322
vt 0.13844129 0.92450303
vt 0.22660089 0.50369322
vt 0.23176253 0.52405035
vt 0.23176253 0.52405035
vt 0.23997296 0.75835943
vt 0.23997296 0.75835943
vt 0.23997301 0.99870193
vt 0.23997301 0.99870193
vt 0.23997301 0.99870193
vt 0.23997301 0.99870193
vt 0.23176253 0.50728863
vt 0.23176253 0.50728863
vt 0.23997296 0.73867297
vt 0.23997296 0.73867297
vt 0.23997301 0.96903580
vt 0.23997301 0.96903580
vt 0.23997301 0.96903580
vt 0.23997301 0.96903580
vt 0.23997301 0.99897969
vt 0.23997301 0.99897969
vt 0.23997301 0.99897969
vt 0.23997301 0.99897969
vt 0.23997301 0.99897969
vt 0.23997301 0.99897969
vt 0.23997301 0.99897969
vt 0.21620193 0.58298820
vt 0.23997301 0.94492704
vt 0.23997301 0.94492704
vt 0.21620193 0.55902702
vt 0.21620193 0.55902702
vt 0.23997301 0.89451468
vt 0.23997301 0.89451468
vt 0.21620190 0.53323644
vt 0.21620190 0.53323644
vt 0.23997296 0.84025347
vt 0.23997296 0.84025347
vt 0.21620190 0.50716060
vt 0.21620190 0.50716060
vt 0.23997296 0.78539205
vt 0.23997296 0.78539205
vt 0.21620190 0.51990783
vt 0.21620190 0.51990783
vt 0.23997296 0.81221110
vt 0.23997296 0.81221110
vt 0.21620190 0.54632038
vt 0.21620190 0.54632038
vt 0.23997296 0.86778092
vt 0.23997296 0.86778092
vt 0.21620193 0.57214260
vt 0.21620193 0.57214260
vt 0.23997301 0.92210877
vt 0.23997301 0.92210877
vt 0.21620193 0.59609371
vt 0.21620193 0.59609371
vt 0.23997301 0.97249997
vt 0.23997301 0.97249997
vt 0.21620190 0.50343132
vt 0.21620190 0.50343132
vt 0.23997296 0.77754593
vt 0.23997296 0.77754593
vt 0.21620190 0.51633233
vt 0.21620190 0.51633233
vt 0.23997296 0.80468857
vt 0.23997296 0.80468857
vt 0.21620190 0.52914101
vt 0.21620190 0.52914101
vt 0.23997296 0.83163697
vt 0.23997296 0.83163697
vt 0.21620190 0.54221219
vt 0.21620190 0.54221219
vt 0.23997296 0.85913765
vt 0.23997296 0.85913765
vt 0.21620193 0.55505872
vt 0.21620193 0.55505872
vt 0.23997301 0.88616568
vt 0.23997301 0.88616568
vt 0.21620193 0.56834489
vt 0.21620193 0.56834489
vt 0.23997301 0.91411865
vt 0.23997301 0.91411865
vt 0.21620193 0.57885492
vt 0.23997301 0.93623090
vt 0.23997301 0.93623090
vt 0.21620193 0.59179872
vt 0.21620193 0.59179872
vt 0.23997301 0.96346372
vt 0.23997301 0.96346372
vt 0.23997301 0.96933436
vt 0.23997301 0.96933436
vt 0.23997301 0.96933436
vt 0.23997301 0.96933436
vt 0.23997301 0.88001221
vt 0.23997301 0.88001221
vt 0.23997301 0.88001221
vt 0.23997301 0.88001221
vt 0.23997296 0.82174528
vt 0.23997296 0.82174528
vt 0.23997296 0.82174528
vt 0.23997296 0.82174528
vt 0.23997296 0.77640933
vt 0.23997296 0.77640933
vt 0.23997296 0.77640933
vt 0.23997296 0.77640933
vt 0.23997301 0.92550027
vt 0.23997301 0.92550027
vt 0.23997301 0.92550027
vt 0.23997301 0.92550027
vt 0.25214812 0.92933303
vt 0.25214812 0.92933303
vt 0.24212888 0.66962314
vt 0.13591516 0.66962314
vt 0.12740129 0.92933303
vt 0.12740129 0.92933303
vt 0.25214812 0.77123028
vt 0.24212888 0.53500903
vt 0.24212888 0.53500903
vt 0.13591516 0.53299093
vt 0.12740129 0.76886004
vt 0.13591516 0.53299093
vt 0.23516139 0.53396171
vt 0.25214812 0.83059937
vt 0.24212888 0.58555794
vt 0.25214812 0.88159078
vt 0.23516139 0.56183606
vt 0.24212888 0.62897372
vt 0.13591516 0.63134205
vt 0.13591516 0.63134205
vt 0.16696879 0.56335658
vt 0.12740129 0.88437235
vt 0.13591516 0.58555794
vt 0.12740129 0.83059937
vt 0.16696879 0.53396171
vt 0.13591516 0.56500095
vt 0.12740129 0.80645543
vt 0.16696879 0.52076352
vt 0.25214812 0.80823135
vt 0.23516139 0.52173430
vt 0.24212888 0.56651300
vt 0.23516139 0.54011643
vt 0.25214812 0.84185833
vt 0.24212888 0.59514415
vt 0.13591516 0.59514415
vt 0.13591516 0.59514415
vt 0.12740129 0.84185833
vt 0.16696879 0.54011643
vt 0.23516139 0.55532372
vt 0.25214812 0.86967754
vt 0.24212888 0.61883038
vt 0.13591516 0.62119877
vt 0.16696879 0.55684429
vt 0.12740129 0.87245917
vt 0.13591516 0.55572528
vt 0.13591516 0.55572528
vt 0.12740129 0.79556125
vt 0.16696879 0.51480824
vt 0.25214812 0.79733729
vt 0.23516139 0.51577908
vt 0.24212888 0.55723745
vt 0.25214812 0.89590585
vt 0.25214812 0.89590585
vt 0.24212888 0.64116210
vt 0.13591516 0.64116210
vt 0.12740129 0.89590585
vt 0.12740129 0.89590585
vt 0.16185911 0.50793928
vt 0.24212888 0.51140517
vt 0.24212888 0.51140517
vt 0.13591516 0.50938708
vt 0.12740129 0.74113756
vt 0.13591516 0.50938708
vt 0.25214812 0.88366747
vt 0.22515893 0.50793928
vt 0.24212888 0.63074189
vt 0.13591516 0.63074189
vt 0.13591516 0.63074189
vt 0.12740129 0.88366747
vt 0.12740129 0.88366747
vt 0.20183904 0.50793928
vt 0.20183904 0.50793928
vt 0.24212888 0.58677781
vt 0.13591516 0.58677781
vt 0.13591516 0.58677781
vt 0.12740129 0.83203214
vt 0.12740129 0.83203214
vt 0.13591516 0.55306792
vt 0.13591516 0.55306792
vt 0.12740129 0.79244024
vt 0.12740129 0.79244024
vt 0.18395829 0.50793928
vt 0.18395829 0.50793928
vt 0.24212888 0.55306792
vt 0.20548888 0.92933303
vt 0.20548888 0.92933303
vt 0.20548888 0.92933303
vt 0.20548888 0.76886004
vt 0.20548888 0.76886004
vt 0.20240161 0.53299093
vt 0.20240161 0.53299093
vt 0.20965521 0.53542221
vt 0.20548888 0.83327109
vt 0.20548888 0.83327109
vt 0.20965521 0.53542221
vt 0.20965521 0.56183606
vt 0.20548888 0.88159078
vt 0.20548888 0.88159078
vt 0.20965521 0.56183606
vt 0.20548888 0.80645543
vt 0.20965521 0.52076352
vt 0.20548888 0.80645543
vt 0.20965521 0.52076352
vt 0.20965521 0.54157686
vt 0.20548888 0.84452999
vt 0.20548888 0.84452999
vt 0.20965521 0.54157686
vt 0.20965521 0.55532372
vt 0.20965521 0.55532372
vt 0.20548888 0.86967754
vt 0.20548888 0.86967754
vt 0.20548888 0.79556137
vt 0.20548888 0.79556137
vt 0.20965521 0.51480830
vt 0.20965521 0.51480830
vt 0.20548888 0.89590585
vt 0.20548888 0.89590585
vt 0.20548888 0.89590585
vt 0.20548888 0.89590585
vt 0.16078866 0.52901179
vt 0.20548888 0.74113756
vt 0.20240161 0.50938708
vt 0.20240161 0.50938708
vt 0.20548888 0.88366747
vt 0.20548888 0.88366747
vt 0.20548888 0.88366747
vt 0.22515893 0.52901179
vt 0.20548888 0.83203214
vt 0.20183904 0.52901179
vt 0.20548888 0.83203214
vt 0.20183904 0.52901179
vt 0.18395829 0.52901179
vt 0.20548888 0.79244024
vt 0.20548888 0.79244024
vt 0.18395829 0.52901179
vt 0.25214812 0.92933303
vt 0.25214812 0.92933303
vt 0.24212888 0.66962314
vt 0.13591516 0.66962314
vt 0.12740129 0.92933303
vt 0.12740129 0.92933303
vt 0.25214812 0.77207989
vt 0.24212888 0.53573245
vt 0.24212888 0.53573245
vt 0.13591516 0.53371429
vt 0.12740129 0.76970965
vt 0.13591516 0.53371429
vt 0.23516139 0.53396171
vt 0.25214812 0.83059937
vt 0.24212888 0.58555794
vt 0.25214812 0.88244033
vt 0.23516139 0.56230044
vt 0.24212888 0.62969708
vt 0.13591516 0.63206547
vt 0.16696879 0.56382102
vt 0.12740129 0.88522196
vt 0.13591516 0.58555794
vt 0.13591516 0.58555794
vt 0.12740129 0.83059937
vt 0.16696879 0.53396171
vt 0.24212888 0.66962314
vt 0.25214812 0.92933303
vt 0.24212888 0.66962314
vt 0.13591516 0.66962314
vt 0.13591516 0.66962314
vt 0.12740129 0.92933303
vt 0.13591516 0.56572425
vt 0.12740129 0.80730498
vt 0.16696879 0.52122790
vt 0.25214812 0.80908096
vt 0.23516139 0.52219874
vt 0.24212888 0.56723642
vt 0.23516139 0.54058087
vt 0.25214812 0.84270793
vt 0.24212888 0.59586757
vt 0.13591516 0.59586751
vt 0.13591516 0.59586751
vt 0.12740129 0.84270787
vt 0.16696879 0.54058081
vt 0.23516139 0.55532372
vt 0.25214812 0.86967754
vt 0.24212888 0.61883038
vt 0.13591516 0.62119877
vt 0.16696879 0.55684429
vt 0.12740129 0.87245917
vt 0.13591516 0.55572528
vt 0.13591516 0.55572528
vt 0.12740129 0.79556125
vt 0.16696879 0.51480824
vt 0.25214812 0.79733729
vt 0.23516139 0.51577908
vt 0.24212888 0.55723745
vt 0.25214812 0.89590585
vt 0.25214812 0.89590585
vt 0.24212888 0.64116210
vt 0.13591516 0.64116210
vt 0.12740129 0.89590585
vt 0.12740129 0.89590585
vt 0.16185911 0.50793928
vt 0.24212888 0.51140517
vt 0.24212888 0.51140517
vt 0.13591516 0.50938708
vt 0.13591516 0.50938708
vt 0.12740129 0.74113756
vt 0.22515893 0.50793928
vt 0.25214812 0.88366747
vt 0.24212888 0.63074189
vt 0.13591516 0.63074189
vt 0.12740129 0.88366747
vt 0.12740129 0.88366747
vt 0.25214812 0.89590609
vt 0.25214812 0.89590609
vt 0.24212888 0.64116228
vt 0.24212888 0.64116228
vt 0.13591516 0.64116228
vt 0.12740129 0.89590609
vt 0.12740129 0.89590609
vt 0.13591516 0.64116228
vt 0.20183904 0.50793928
vt 0.20183904 0.50793928
vt 0.24212888 0.58677781
vt 0.13591516 0.58677781
vt 0.13591516 0.58677781
vt 0.12740129 0.83203214
vt 0.12740129 0.83203214
vt 0.13591516 0.55306792
vt 0.13591516 0.55306792
vt 0.12740129 0.79244024
vt 0.12740129 0.79244024
vt 0.18395829 0.50793928
vt 0.18395829 0.50793928
vt 0.24212888 0.55306792
vt 0.20548888 0.92933303
vt 0.20548888 0.92933303
vt 0.20548888 0.92933303
vt 0.20548888 0.76970965
vt 0.20548888 0.76970965
vt 0.20240161 0.53371429
vt 0.20240161 0.53371429
vt 0.20240161 0.66962314
vt 0.20548888 0.92933303
vt 0.20965521 0.53542221
vt 0.20548888 0.83327109
vt 0.20548888 0.83327109
vt 0.20965521 0.53542221
vt 0.20965521 0.56230044
vt 0.20548888 0.88244033
vt 0.20548888 0.88244033
vt 0.20965521 0.56230044
vt 0.20548888 0.80730498
vt 0.20965521 0.52122790
vt 0.20548888 0.80730498
vt 0.20965521 0.52122790
vt 0.20965521 0.54204130
vt 0.20548888 0.84537959
vt 0.20548888 0.84537959
vt 0.20965521 0.54204130
vt 0.20965521 0.55532372
vt 0.20965521 0.55532372
vt 0.20548888 0.86967754
vt 0.20548888 0.86967754
vt 0.20548888 0.79556137
vt 0.20548888 0.79556137
vt 0.20965521 0.51480830
vt 0.20965521 0.51480830
vt 0.20548888 0.89590585
vt 0.20548888 0.89590585
vt 0.20548888 0.89590585
vt 0.20548888 0.89590585
vt 0.16078866 0.52901179
vt 0.20240161 0.50938708
vt 0.20548888 0.74113756
vt 0.20240161 0.50938708
vt 0.20548888 0.89590609
vt 0.20548888 0.89590609
vt 0.20548888 0.89590609
vt 0.20548888 0.89590609
vt 0.20240161 0.64116228
vt 0.22515893 0.52901179
vt 0.20548888 0.88366747
vt 0.20548888 0.88366747
vt 0.20548888 0.88366747
vt 0.20183904 0.52901179
vt 0.20183904 0.52901179
vt 0.20548888 0.83203214
vt 0.20548888 0.83203214
vt 0.18395829 0.52901179
vt 0.20548888 0.79244024
vt 0.18395829 0.52901179
vt 0.20548888 0.79244024
vt 0.04439960 0.37525964
vt 0.04698765 0.87108165
vt 0.04698765 0.89820391
vt 0.05251308 0.49507695
vt 0.05370791 0.99809825
vt 0.04649154 0.41830230
vt 0.04439960 0.37525964
vt 0.04698765 0.87108165
vt 0.04698765 0.89820391
vt 0.05251308 0.49507695
vt 0.05370791 0.99809825
vt 0.04649154 0.41830230
vt 0.08223861 0.87108165
vt 0.08223861 0.89820391
vt 0.07526805 0.37525964
vt 0.06830198 0.41830230
vt 0.07432352 0.49507695
vt 0.07551835 0.99809825
vt 0.08223861 0.87108165
vt 0.08223861 0.89820391
vt 0.07526805 0.37525964
vt 0.06830198 0.41830230
vt 0.07432352 0.49507695
vt 0.07551835 0.99809825
vt 0.04439960 0.26420331
vt 0.04698765 0.74425817
vt 0.04439960 0.26420331
vt 0.04698765 0.74425817
vt 0.08223861 0.74425817
vt 0.07526805 0.26420331
vt 0.08223861 0.74425817
vt 0.07526805 0.26420331
vt 0.08223861 0.84491879
vt 0.08223861 0.87204099
vt 0.07526805 0.35234940
vt 0.08223861 0.84491879
vt 0.08223861 0.87204099
vt 0.07526805 0.35234940
vt 0.04439960 0.35234940
vt 0.04698765 0.84491879
vt 0.04698765 0.87204099
vt 0.04439960 0.35234940
vt 0.04698765 0.84491879
vt 0.04698765 0.87204099
vt 0.04439960 0.44195914
vt 0.04698765 0.94725084
vt 0.04439960 0.44195914
vt 0.04698765 0.94725084
vt 0.08223861 0.94725084
vt 0.07526805 0.44195914
vt 0.08223861 0.94725084
vt 0.07526805 0.44195914
vt 0.05251308 0.35431564
vt 0.05370791 0.85733694
vt 0.04649154 0.27754104
vt 0.05251308 0.35431564
vt 0.05370791 0.85733694
vt 0.04649154 0.27754104
vt 0.06830198 0.27754104
vt 0.07432352 0.35431564
vt 0.07551835 0.85733694
vt 0.06830198 0.27754104
vt 0.07432352 0.35431564
vt 0.07551835 0.85733694
vt 0.03356755 0.46818405
vt 0.03925755 0.97459400
vt 0.03356755 0.49168831
vt 0.03925755 0.99809825
vt 0.03925755 0.99809825
vt 0.03356755 0.49168831
vt 0.03925755 0.99809825
vt 0.03925755 0.99809825
vt 0.08996869 0.99809825
vt 0.08996869 0.99809825
vt 0.08427869 0.49168831
vt 0.08996869 0.99809825
vt 0.08996869 0.99809825
vt 0.08427869 0.49168831
vt 0.03356755 0.46818405
vt 0.03925755 0.97459400
vt 0.08996869 0.97459400
vt 0.08427869 0.46818405
vt 0.08996869 0.97459400
vt 0.08427869 0.46818405
vt 0.04283105 0.41851747
vt 0.03831489 0.91981065
vt 0.04283105 0.41851747
vt 0.03831489 0.91981065
vt 0.04283105 0.43930310
vt 0.03831489 0.94059628
vt 0.04495323 0.98421961
vt 0.06306604 0.91981065
vt 0.06758220 0.41851747
vt 0.06970438 0.98421961
vt 0.06306604 0.94059628
vt 0.06758220 0.43930310
vt 0.06306604 0.91981065
vt 0.06758220 0.41851747
vt 0.06306604 0.94059628
vt 0.06970438 0.98421961
vt 0.06758220 0.43930310
vt 0.04283105 0.32544732
vt 0.03831489 0.82674050
vt 0.04283105 0.34937871
vt 0.03831489 0.85067189
vt 0.04358374 0.93422079
vt 0.04283105 0.32544732
vt 0.03831489 0.82674050
vt 0.06608579 0.82674050
vt 0.07060195 0.32544732
vt 0.06608579 0.85067189
vt 0.07135464 0.93422079
vt 0.07060195 0.34937871
vt 0.06608579 0.82674050
vt 0.07060195 0.32544732
vt 0.07135464 0.93422079
vt 0.06608579 0.85067189
vt 0.07060195 0.34937871
vt 0.06317958 0.71329355
vt 0.05277779 0.98444068
vt 0.04613946 0.94081736
vt 0.04269432 0.43952417
vt 0.05521829 0.71329355
vt 0.04481650 0.98444068
vt 0.04269432 0.42664933
vt 0.05521829 0.70041871
vt 0.03817816 0.92794251
vt 0.06349325 0.67626822
vt 0.05220287 0.93444180
vt 0.04693402 0.85089290
vt 0.04269432 0.33543986
vt 0.05473740 0.66210836
vt 0.03817816 0.83673304
vt 0.04269432 0.34959972
vt 0.05473740 0.67626822
vt 0.04344701 0.93444180
vt 0.80017698 0.52579808
vt 0.80017698 0.52579808
vt 0.50946057 0.86104852
vt 0.50946057 0.98590606
vt 0.80017698 0.54221576
vt 0.80017698 0.54221576
vt 0.80017698 0.54367620
vt 0.80017698 0.54367620
vt 0.50946057 0.99701285
vt 0.80017698 0.54221576
vt 0.80017698 0.54221576
vt 0.50946057 0.98590606
vt 0.80017698 0.54367620
vt 0.80017698 0.54367620
vt 0.50946057 0.99701285
vt 0.61829954 0.86009693
vt 0.83582008 0.52579808
vt 0.83582008 0.52579808
vt 0.83582008 0.52579808
vt 0.61829954 0.86009693
vt 0.83582008 0.52579808
vt 0.61829954 0.98495448
vt 0.83582008 0.54221576
vt 0.83582008 0.54221576
vt 0.83582008 0.54367620
vt 0.61829954 0.99606127
vt 0.83582008 0.54367620
vt 0.83582008 0.54367620
vt 0.83582008 0.54367620
vt 0.61829954 0.99606127
vt 0.83582008 0.54221576
vt 0.83582008 0.54221576
vt 0.61829954 0.98495448
vt 0.83582008 0.52579808
vt 0.61829954 0.86009693
vt 0.83582008 0.52579808
vt 0.61829954 0.98495448
vt 0.83582008 0.54221576
vt 0.83582008 0.54221576
vt 0.80954552 0.95239234
vt 0.81618381 0.50952077
vt 0.53832227 0.73997974
vt 0.81618381 0.51559931
vt 0.81618381 0.51559931
vt 0.53832227 0.79077673
vt 0.81679058 0.54025865
vt 0.81679058 0.54025865
vt 0.54607189 0.99684894
vt 0.80483562 0.52579808
vt 0.80483562 0.52579808
vt 0.56361097 0.86104840
vt 0.80813831 0.52579808
vt 0.80813831 0.52579808
vt 0.60200155 0.86104840
vt 0.80530763 0.54367620
vt 0.80530763 0.54367620
vt 0.56909782 0.99701285
vt 0.80813831 0.54221576
vt 0.80813831 0.54221576
vt 0.60200155 0.98590606
vt 0.81981325 0.50952077
vt 0.81317496 0.95239234
vt 0.58467978 0.73997974
vt 0.83116150 0.52579808
vt 0.83116150 0.52579808
vt 0.56414902 0.86009681
vt 0.82785875 0.52579808
vt 0.82785875 0.52579808
vt 0.52575862 0.86009681
vt 0.83116150 0.54221576
vt 0.83116150 0.54221576
vt 0.56414902 0.98495448
vt 0.82833076 0.54367620
vt 0.82833076 0.54367620
vt 0.53124535 0.99606127
vt 0.81672907 0.57186788
vt 0.81672907 0.57186788
vt 0.54020029 0.93716711
vt 0.81620324 0.57579571
vt 0.81620324 0.57579571
vt 0.53070474 0.96009177
vt 0.61892325 0.86104840
vt 0.80959415 0.52579808
vt 0.80959415 0.52579808
vt 0.58053279 0.86104840
vt 0.80629140 0.52579808
vt 0.80629140 0.52579808
vt 0.61892325 0.98590606
vt 0.80959415 0.54221576
vt 0.80959415 0.54221576
vt 0.61343652 0.99701285
vt 0.80912209 0.54367620
vt 0.80912209 0.54367620
vt 0.58601952 0.99701285
vt 0.80676341 0.54367620
vt 0.80676341 0.54367620
vt 0.58053279 0.98590606
vt 0.80629140 0.54221576
vt 0.80629140 0.54221576
vt 0.54717201 0.86009681
vt 0.82970095 0.52579808
vt 0.82970095 0.52579808
vt 0.50878167 0.86009681
vt 0.82639819 0.52579808
vt 0.82639819 0.52579808
vt 0.54717201 0.98495448
vt 0.82970095 0.54221576
vt 0.82970095 0.54221576
vt 0.58467978 0.73997974
vt 0.81317496 0.95239234
vt 0.81981325 0.50952077
vt 0.58467978 0.79077673
vt 0.81981325 0.51559931
vt 0.81981325 0.51559931
vt 0.58467978 0.83636504
vt 0.81317496 0.96392620
vt 0.81981325 0.52105463
vt 0.58467978 0.93519515
vt 0.81981325 0.53288096
vt 0.81981325 0.53288096
vt 0.53832227 0.73997974
vt 0.81618381 0.50952077
vt 0.80954552 0.95239234
vt 0.53832227 0.79077673
vt 0.81618381 0.51559931
vt 0.81618381 0.51559931
vt 0.53832227 0.83636504
vt 0.81618381 0.52105463
vt 0.80954552 0.96392620
vt 0.53832227 0.93519515
vt 0.81618381 0.53288096
vt 0.81618381 0.53288096
vt 0.54607189 0.95088303
vt 0.81679058 0.53475815
vt 0.81679058 0.53475815
vt 0.76520807 0.62877542
vt 0.75494117 0.79905546
vt 0.76886284 0.62877542
vt 0.75494117 0.79905546
vt 0.76520807 0.62877542
vt 0.76886284 0.62877542
vt 0.79966342 0.54367620
vt 0.75494117 0.86478066
vt 0.79966342 0.54367620
vt 0.75494117 0.85993773
vt 0.79966342 0.54221576
vt 0.79966342 0.54221576
vt 0.76886284 0.68133050
vt 0.79611659 0.98900396
vt 0.79611659 0.99185461
vt 0.75936007 0.87120426
vt 0.79966342 0.54221576
vt 0.79966342 0.54221576
vt 0.75494117 0.85993773
vt 0.75494117 0.85993773
vt 0.79966342 0.54367620
vt 0.79966342 0.54367620
vt 0.75494117 0.86478066
vt 0.75494117 0.86478066
vt 0.75936007 0.87120426
vt 0.79611659 0.99185461
vt 0.79611659 0.98900396
vt 0.76886284 0.68133050
vt 0.76520807 0.68133050
vt 0.79465288 0.98900396
vt 0.75494117 0.86259842
vt 0.75494117 0.80549675
vt 0.79966342 0.52579808
vt 0.79966342 0.52579808
vt 0.79966342 0.52579808
vt 0.75494117 0.80549675
vt 0.79966342 0.52579808
vt 0.79465288 0.99185461
vt 0.75494117 0.87120426
vt 0.75494117 0.87120426
vt 0.75494117 0.87120426
vt 0.75494117 0.87120426
vt 0.75494117 0.87120426
vt 0.79465288 0.99185461
vt 0.75494117 0.86259842
vt 0.75494117 0.86259842
vt 0.79465288 0.98900396
vt 0.76520807 0.68133050
vt 0.80017698 0.52579808
vt 0.50946057 0.86104852
vt 0.80017698 0.52579808
vt 0.80017698 0.54367620
vt 0.50946057 0.99701285
vt 0.80017698 0.54367620
vt 0.79973054 0.52579808
vt 0.75516373 0.80549675
vt 0.75516373 0.80549675
vt 0.79973054 0.52579808
vt 0.80052274 0.54367620
vt 0.80052274 0.54367620
vt 0.79973054 0.54367620
vt 0.75516373 0.86478066
vt 0.75516373 0.86478066
vt 0.79973054 0.54367620
vt 0.80052274 0.52579808
vt 0.80052274 0.52579808
vt 0.75494117 0.83907896
vt 0.79465288 0.98121339
vt 0.75494117 0.83324897
vt 0.79559678 0.98121339
vt 0.75494117 0.83907896
vt 0.79465288 0.98121339
vt 0.75494117 0.83324897
vt 0.79559678 0.98121339
vt 0.75494117 0.79905546
vt 0.76520807 0.62877542
vt 0.76886284 0.62877542
vt 0.79966342 0.54221576
vt 0.79966342 0.54221576
vt 0.75494117 0.85993773
vt 0.79966342 0.54367620
vt 0.79966342 0.54367620
vt 0.75494117 0.86478066
vt 0.75936007 0.87120426
vt 0.79611659 0.99185461
vt 0.79611659 0.98900396
vt 0.76886284 0.68133050
vt 0.79966342 0.52579808
vt 0.75494117 0.80549675
vt 0.79966342 0.52579808
vt 0.75494117 0.87120426
vt 0.75494117 0.87120426
vt 0.79465288 0.99185461
vt 0.75494117 0.86259842
vt 0.79465288 0.98900396
vt 0.76520807 0.68133050
vt 0.80017698 0.52579808
vt 0.80017698 0.52579808
vt 0.50946057 0.86104852
vt 0.80017698 0.54221576
vt 0.80017698 0.54221576
vt 0.50946057 0.98590606
vt 0.75516373 0.80549675
vt 0.79973054 0.52579808
vt 0.80052274 0.54367620
vt 0.75516373 0.86478066
vt 0.79973054 0.54367620
vt 0.80052274 0.52579808
vt 0.79559678 0.98121339
vt 0.75494117 0.83907896
vt 0.79465288 0.98121339
vt 0.75494117 0.83324897
vt 0.75494117 0.79905546
vt 0.76520807 0.62877542
vt 0.76886284 0.62877542
vt 0.76520807 0.62877542
vt 0.75494117 0.79905546
vt 0.76886284 0.62877542
vt 0.79966342 0.54367620
vt 0.79966342 0.54367620
vt 0.75494117 0.86478066
vt 0.75494117 0.86478066
vt 0.79966342 0.54221576
vt 0.79966342 0.54221576
vt 0.75494117 0.85993773
vt 0.79611659 0.98900396
vt 0.76886284 0.68133050
vt 0.75936007 0.87120426
vt 0.79611659 0.99185461
vt 0.75494117 0.85993773
vt 0.79966342 0.54221576
vt 0.79966342 0.54221576
vt 0.79966342 0.54367620
vt 0.75494117 0.86478066
vt 0.75494117 0.86478066
vt 0.79966342 0.54367620
vt 0.79611659 0.99185461
vt 0.75936007 0.87120426
vt 0.76886284 0.68133050
vt 0.79611659 0.98900396
vt 0.75494117 0.86259842
vt 0.79465288 0.98900396
vt 0.76520807 0.68133050
vt 0.79966342 0.52579808
vt 0.75494117 0.80549675
vt 0.79966342 0.52579808
vt 0.75494117 0.80549675
vt 0.79966342 0.52579808
vt 0.79966342 0.52579808
vt 0.75494117 0.87120426
vt 0.75494117 0.87120426
vt 0.75494117 0.87120426
vt 0.79465288 0.99185461
vt 0.79465288 0.99185461
vt 0.75494117 0.87120426
vt 0.75494117 0.87120426
vt 0.75494117 0.87120426
vt 0.76520807 0.68133050
vt 0.79465288 0.98900396
vt 0.75494117 0.86259842
vt 0.80017698 0.52579808
vt 0.50946057 0.86104852
vt 0.80017698 0.52579808
vt 0.50946057 0.86104852
vt 0.80017698 0.52579808
vt 0.80017698 0.52579808
vt 0.80017698 0.54221576
vt 0.80017698 0.54221576
vt 0.50946057 0.98590606
vt 0.80017698 0.54367620
vt 0.80017698 0.54367620
vt 0.50946057 0.99701285
vt 0.80017698 0.54367620
vt 0.50946057 0.99701285
vt 0.80017698 0.54367620
vt 0.50946057 0.98590606
vt 0.80017698 0.54221576
vt 0.80017698 0.54221576
vt 0.75516373 0.80549675
vt 0.79973054 0.52579808
vt 0.79973054 0.52579808
vt 0.75516373 0.80549675
vt 0.80052274 0.54367620
vt 0.80052274 0.54367620
vt 0.75516373 0.86478066
vt 0.79973054 0.54367620
vt 0.79973054 0.54367620
vt 0.75516373 0.86478066
vt 0.80052274 0.52579808
vt 0.80052274 0.52579808
vt 0.79465288 0.98121339
vt 0.75494117 0.83907896
vt 0.75494117 0.83324897
vt 0.79559678 0.98121339
vt 0.79465288 0.98121339
vt 0.75494117 0.83907896
vt 0.75494117 0.83324897
vt 0.79559678 0.98121339
vt 0.76520807 0.62877542
vt 0.75494117 0.79905546
vt 0.76886284 0.62877542
vt 0.75494117 0.85993773
vt 0.79966342 0.54221576
vt 0.79966342 0.54221576
vt 0.79966342 0.54367620
vt 0.75494117 0.86478066
vt 0.79966342 0.54367620
vt 0.79611659 0.99185461
vt 0.75936007 0.87120426
vt 0.76886284 0.68133050
vt 0.79611659 0.98900396
vt 0.75494117 0.80549675
vt 0.79966342 0.52579808
vt 0.79966342 0.52579808
vt 0.79465288 0.99185461
vt 0.75494117 0.87120426
vt 0.75494117 0.87120426
vt 0.76520807 0.68133050
vt 0.79465288 0.98900396
vt 0.75494117 0.86259842
vt 0.80017698 0.52579808
vt 0.50946057 0.86104852
vt 0.80017698 0.52579808
vt 0.80017698 0.54367620
vt 0.50946057 0.99701285
vt 0.80017698 0.54367620
vt 0.50946057 0.98590606
vt 0.80017698 0.54221576
vt 0.80017698 0.54221576
vt 0.79973054 0.52579808
vt 0.75516373 0.80549675
vt 0.80052274 0.54367620
vt 0.79973054 0.54367620
vt 0.75516373 0.86478066
vt 0.80052274 0.52579808
vt 0.79559678 0.98121339
vt 0.75494117 0.83907896
vt 0.79465288 0.98121339
vt 0.75494117 0.83324897
vt 0.86577988 0.62877542
vt 0.87653983 0.79905546
vt 0.86212510 0.62877542
vt 0.87653983 0.79905546
vt 0.86577988 0.62877542
vt 0.86212510 0.62877542
vt 0.83633363 0.54367620
vt 0.87653983 0.86478066
vt 0.83633363 0.54367620
vt 0.87653983 0.85993773
vt 0.83633363 0.54221576
vt 0.83633363 0.54221576
vt 0.86212510 0.68133050
vt 0.83346766 0.98900396
vt 0.83346766 0.99185461
vt 0.87212092 0.87120426
vt 0.83633363 0.54221576
vt 0.83633363 0.54221576
vt 0.87653983 0.85993773
vt 0.87653983 0.85993773
vt 0.83633363 0.54367620
vt 0.83633363 0.54367620
vt 0.87653983 0.86478066
vt 0.87653983 0.86478066
vt 0.87212092 0.87120426
vt 0.83346766 0.99185461
vt 0.83346766 0.98900396
vt 0.86212510 0.68133050
vt 0.86577988 0.68133050
vt 0.83493143 0.98900396
vt 0.87653983 0.86259842
vt 0.87653983 0.80549675
vt 0.83633363 0.52579808
vt 0.83633363 0.52579808
vt 0.83633363 0.52579808
vt 0.87653983 0.80549675
vt 0.83633363 0.52579808
vt 0.83493143 0.99185461
vt 0.87653983 0.87120426
vt 0.87653983 0.87120426
vt 0.87653983 0.87120426
vt 0.87653983 0.87120426
vt 0.87653983 0.87120426
vt 0.83493143 0.99185461
vt 0.87653983 0.86259842
vt 0.87653983 0.86259842
vt 0.83493143 0.98900396
vt 0.86577988 0.68133050
vt 0.83626652 0.52579808
vt 0.87631726 0.80549675
vt 0.87631726 0.80549675
vt 0.83626652 0.52579808
vt 0.83547437 0.54367620
vt 0.83547437 0.54367620
vt 0.83626652 0.54367620
vt 0.87631726 0.86478066
vt 0.87631726 0.86478066
vt 0.83626652 0.54367620
vt 0.83547437 0.52579808
vt 0.83547437 0.52579808
vt 0.87653983 0.83907896
vt 0.83493143 0.98121339
vt 0.87653983 0.83324897
vt 0.83398753 0.98121339
vt 0.87653983 0.83907896
vt 0.83493143 0.98121339
vt 0.87653983 0.83324897
vt 0.83398753 0.98121339
vt 0.87653983 0.79905546
vt 0.86577988 0.62877542
vt 0.86212510 0.62877542
vt 0.83633363 0.54221576
vt 0.83633363 0.54221576
vt 0.87653983 0.85993773
vt 0.83633363 0.54367620
vt 0.83633363 0.54367620
vt 0.87653983 0.86478066
vt 0.87212092 0.87120426
vt 0.83346766 0.99185461
vt 0.83346766 0.98900396
vt 0.86212510 0.68133050
vt 0.83633363 0.52579808
vt 0.87653983 0.80549675
vt 0.83633363 0.52579808
vt 0.87653983 0.87120426
vt 0.87653983 0.87120426
vt 0.83493143 0.99185461
vt 0.87653983 0.86259842
vt 0.83493143 0.98900396
vt 0.86577988 0.68133050
vt 0.83582008 0.52579808
vt 0.83582008 0.52579808
vt 0.61829954 0.86009693
vt 0.83582008 0.54367620
vt 0.83582008 0.54367620
vt 0.61829954 0.99606127
vt 0.83582008 0.54221576
vt 0.83582008 0.54221576
vt 0.61829954 0.98495448
vt 0.87631726 0.80549675
vt 0.83626652 0.52579808
vt 0.83547437 0.54367620
vt 0.87631726 0.86478066
vt 0.83626652 0.54367620
vt 0.83547437 0.52579808
vt 0.83398753 0.98121339
vt 0.87653983 0.83907896
vt 0.83493143 0.98121339
vt 0.87653983 0.83324897
vt 0.87653983 0.79905546
vt 0.86577988 0.62877542
vt 0.86212510 0.62877542
vt 0.86577988 0.62877542
vt 0.87653983 0.79905546
vt 0.86212510 0.62877542
vt 0.83633363 0.54367620
vt 0.83633363 0.54367620
vt 0.87653983 0.86478066
vt 0.87653983 0.86478066
vt 0.83633363 0.54221576
vt 0.83633363 0.54221576
vt 0.87653983 0.85993773
vt 0.83346766 0.98900396
vt 0.86212510 0.68133050
vt 0.87212092 0.87120426
vt 0.83346766 0.99185461
vt 0.87653983 0.85993773
vt 0.83633363 0.54221576
vt 0.83633363 0.54221576
vt 0.83633363 0.54367620
vt 0.87653983 0.86478066
vt 0.87653983 0.86478066
vt 0.83633363 0.54367620
vt 0.83346766 0.99185461
vt 0.87212092 0.87120426
vt 0.86212510 0.68133050
vt 0.83346766 0.98900396
vt 0.87653983 0.86259842
vt 0.83493143 0.98900396
vt 0.86577988 0.68133050
vt 0.83633363 0.52579808
vt 0.87653983 0.80549675
vt 0.83633363 0.52579808
vt 0.87653983 0.80549675
vt 0.83633363 0.52579808
vt 0.83633363 0.52579808
vt 0.87653983 0.87120426
vt 0.87653983 0.87120426
vt 0.87653983 0.87120426
vt 0.83493143 0.99185461
vt 0.83493143 0.99185461
vt 0.87653983 0.87120426
vt 0.87653983 0.87120426
vt 0.87653983 0.87120426
vt 0.86577988 0.68133050
vt 0.83493143 0.98900396
vt 0.87653983 0.86259842
vt 0.83582008 0.52579808
vt 0.83582008 0.52579808
vt 0.61829954 0.86009693
vt 0.83582008 0.54221576
vt 0.83582008 0.54221576
vt 0.61829954 0.98495448
vt 0.83582008 0.54367620
vt 0.83582008 0.54367620
vt 0.61829954 0.99606127
vt 0.83582008 0.54367620
vt 0.61829954 0.99606127
vt 0.83582008 0.54367620
vt 0.61829954 0.98495448
vt 0.83582008 0.54221576
vt 0.83582008 0.54221576
vt 0.87631726 0.80549675
vt 0.83626652 0.52579808
vt 0.83626652 0.52579808
vt 0.87631726 0.80549675
vt 0.83547437 0.54367620
vt 0.83547437 0.54367620
vt 0.87631726 0.86478066
vt 0.83626652 0.54367620
vt 0.83626652 0.54367620
vt 0.87631726 0.86478066
vt 0.83547437 0.52579808
vt 0.83547437 0.52579808
vt 0.83493143 0.98121339
vt 0.87653983 0.83907896
vt 0.87653983 0.83324897
vt 0.83398753 0.98121339
vt 0.83493143 0.98121339
vt 0.87653983 0.83907896
vt 0.87653983 0.83324897
vt 0.83398753 0.98121339
vt 0.86577988 0.62877542
vt 0.87653983 0.79905546
vt 0.86212510 0.62877542
vt 0.87653983 0.85993773
vt 0.83633363 0.54221576
vt 0.83633363 0.54221576
vt 0.83633363 0.54367620
vt 0.87653983 0.86478066
vt 0.83633363 0.54367620
vt 0.83346766 0.99185461
vt 0.87212092 0.87120426
vt 0.86212510 0.68133050
vt 0.83346766 0.98900396
vt 0.87653983 0.80549675
vt 0.83633363 0.52579808
vt 0.83633363 0.52579808
vt 0.83493143 0.99185461
vt 0.87653983 0.87120426
vt 0.87653983 0.87120426
vt 0.86577988 0.68133050
vt 0.83493143 0.98900396
vt 0.87653983 0.86259842
vt 0.83582008 0.52579808
vt 0.61829954 0.86009693
vt 0.83582008 0.52579808
vt 0.83582008 0.54367620
vt 0.61829954 0.99606127
vt 0.83582008 0.54367620
vt 0.83626652 0.52579808
vt 0.87631726 0.80549675
vt 0.83547437 0.54367620
vt 0.83626652 0.54367620
vt 0.87631726 0.86478066
vt 0.83547437 0.52579808
vt 0.83398753 0.98121339
vt 0.87653983 0.83907896
vt 0.83493143 0.98121339
vt 0.87653983 0.83324897
vt 0.77767622 0.62877542
vt 0.77001607 0.79905546
vt 0.77001607 0.79905546
vt 0.77767622 0.62877542
vt 0.79016858 0.62877542
vt 0.78512025 0.79905546
vt 0.78512025 0.79905546
vt 0.79016858 0.62877542
vt 0.80530763 0.54367620
vt 0.80530763 0.54367620
vt 0.77365744 0.86478066
vt 0.77365744 0.86478066
vt 0.80483556 0.54221576
vt 0.80483556 0.54221576
vt 0.77209210 0.85993773
vt 0.77767622 0.68133050
vt 0.79964632 0.98900396
vt 0.80056763 0.99185461
vt 0.77279747 0.87120426
vt 0.80813831 0.54221576
vt 0.80813831 0.54221576
vt 0.78304410 0.85993773
vt 0.80766636 0.54367620
vt 0.80766636 0.54367620
vt 0.78147888 0.86478066
vt 0.78147888 0.86478066
vt 0.80372816 0.99185461
vt 0.78233886 0.87120426
vt 0.79016858 0.68133050
vt 0.80464947 0.98900396
vt 0.77767622 0.68133050
vt 0.79964632 0.98900396
vt 0.77001607 0.86259842
vt 0.80483556 0.52579808
vt 0.80483556 0.52579808
vt 0.77209210 0.80549675
vt 0.77209210 0.80549675
vt 0.80813831 0.52579808
vt 0.80813831 0.52579808
vt 0.78304410 0.80549675
vt 0.78304410 0.80549675
vt 0.80056763 0.99185461
vt 0.77279747 0.87120426
vt 0.77279747 0.87120426
vt 0.77279747 0.87120426
vt 0.80372816 0.99185461
vt 0.78233886 0.87120426
vt 0.78233886 0.87120426
vt 0.78233886 0.87120426
vt 0.79016858 0.68133050
vt 0.80464947 0.98900396
vt 0.78512025 0.86259842
vt 0.80483556 0.54221576
vt 0.80483556 0.54221576
vt 0.56361091 0.98590606
vt 0.80766636 0.54367620
vt 0.80766636 0.54367620
vt 0.59651470 0.99701285
vt 0.80620283 0.52579808
vt 0.77662599 0.80549675
vt 0.80677110 0.52579808
vt 0.77851027 0.80549675
vt 0.80677110 0.54367620
vt 0.80620283 0.54367620
vt 0.80620283 0.54367620
vt 0.77662599 0.86478066
vt 0.80677110 0.54367620
vt 0.77851027 0.86478066
vt 0.80677110 0.52579808
vt 0.80620283 0.52579808
vt 0.80033398 0.98121339
vt 0.77209210 0.83907896
vt 0.77209210 0.83324897
vt 0.80396175 0.98121339
vt 0.80396175 0.98121339
vt 0.78304410 0.83907896
vt 0.78304410 0.83324897
vt 0.80033398 0.98121339
vt 0.85331178 0.62877542
vt 0.86146498 0.79905546
vt 0.86146498 0.79905546
vt 0.85331178 0.62877542
vt 0.84081942 0.62877542
vt 0.84636080 0.79905546
vt 0.84636080 0.79905546
vt 0.84081942 0.62877542
vt 0.83068943 0.54367620
vt 0.83068943 0.54367620
vt 0.85782361 0.86478066
vt 0.85782361 0.86478066
vt 0.83116150 0.54221576
vt 0.83116150 0.54221576
vt 0.85938883 0.85993773
vt 0.85938883 0.85993773
vt 0.85331178 0.68133050
vt 0.82993799 0.98900396
vt 0.82901669 0.99185461
vt 0.85868359 0.87120426
vt 0.82785875 0.54221576
vt 0.82785875 0.54221576
vt 0.84843689 0.85993773
vt 0.82833076 0.54367620
vt 0.82833076 0.54367620
vt 0.85000217 0.86478066
vt 0.85000217 0.86478066
vt 0.82585615 0.99185461
vt 0.84914219 0.87120426
vt 0.84081942 0.68133050
vt 0.82493484 0.98900396
vt 0.85331178 0.68133050
vt 0.82993799 0.98900396
vt 0.86146498 0.86259842
vt 0.86146498 0.86259842
vt 0.83116150 0.52579808
vt 0.83116150 0.52579808
vt 0.85938883 0.80549675
vt 0.85938883 0.80549675
vt 0.82785875 0.52579808
vt 0.82785875 0.52579808
vt 0.84843689 0.80549675
vt 0.84843689 0.80549675
vt 0.82901669 0.99185461
vt 0.85868359 0.87120426
vt 0.85868359 0.87120426
vt 0.85868359 0.87120426
vt 0.82585615 0.99185461
vt 0.84914219 0.87120426
vt 0.84914219 0.87120426
vt 0.84914219 0.87120426
vt 0.84081942 0.68133050
vt 0.82493484 0.98900396
vt 0.84636080 0.86259842
vt 0.83068943 0.54367620
vt 0.83068943 0.54367620
vt 0.55866230 0.99606127
vt 0.82785875 0.54221576
vt 0.82785875 0.54221576
vt 0.52575850 0.98495448
vt 0.82979423 0.52579808
vt 0.85485500 0.80549675
vt 0.82922596 0.52579808
vt 0.85297072 0.80549675
vt 0.82922596 0.54367620
vt 0.82979423 0.54367620
vt 0.82979423 0.54367620
vt 0.85485500 0.86478066
vt 0.82922596 0.54367620
vt 0.85297072 0.86478066
vt 0.82922596 0.52579808
vt 0.82979423 0.52579808
vt 0.82925028 0.98121339
vt 0.85938883 0.83907896
vt 0.85938883 0.83324897
vt 0.82562256 0.98121339
vt 0.82562256 0.98121339
vt 0.84843689 0.83907896
vt 0.84843689 0.83324897
vt 0.82925028 0.98121339
vt 0.82425731 0.97128898
vt 0.82425731 0.97128898
vt 0.81979388 0.57579571
vt 0.81979388 0.57579571
vt 0.82169378 0.97128898
vt 0.82176280 0.95265579
vt 0.82176280 0.95265579
vt 0.81926799 0.57186788
vt 0.81926799 0.57186788
vt 0.81995010 0.95826435
vt 0.81574047 0.94493759
vt 0.81574047 0.94493759
vt 0.81799853 0.57024091
vt 0.81799853 0.57024091
vt 0.81574047 0.95286936
vt 0.80971813 0.95265579
vt 0.80971813 0.95265579
vt 0.81672907 0.57186788
vt 0.81672907 0.57186788
vt 0.81153089 0.95826435
vt 0.80722368 0.97128898
vt 0.80722368 0.97128898
vt 0.81620318 0.57579571
vt 0.81620318 0.57579571
vt 0.80978715 0.97128898
vt 0.80978715 0.97128898
vt 0.80971813 0.98992223
vt 0.80971813 0.98992223
vt 0.81672907 0.57972348
vt 0.81672907 0.57972348
vt 0.81153089 0.98431367
vt 0.81153089 0.98431367
vt 0.81574047 0.99764043
vt 0.81574047 0.99764043
vt 0.81799853 0.58135045
vt 0.81799853 0.58135045
vt 0.81574047 0.98970866
vt 0.82176280 0.98992223
vt 0.82176280 0.98992223
vt 0.81926799 0.57972348
vt 0.81926799 0.57972348
vt 0.81995010 0.98431367
vt 0.82176280 0.95265579
vt 0.82176280 0.95265579
vt 0.82176280 0.95265579
vt 0.82425731 0.97128898
vt 0.82425731 0.97128898
vt 0.82425731 0.97128898
vt 0.81574047 0.94493759
vt 0.81574047 0.94493759
vt 0.81574047 0.94493759
vt 0.80971813 0.95265579
vt 0.80971813 0.95265579
vt 0.80971813 0.95265579
vt 0.80722368 0.97128898
vt 0.80722368 0.97128898
vt 0.80722368 0.97128898
vt 0.80722368 0.97128898
vt 0.80971813 0.98992223
vt 0.80971813 0.98992223
vt 0.80971813 0.98992223
vt 0.80971813 0.98992223
vt 0.81574047 0.99764043
vt 0.81574047 0.99764043
vt 0.81574047 0.99764043
vt 0.82176280 0.98992223
vt 0.82176280 0.98992223
vt 0.82176280 0.98992223
vt 0.81926799 0.57186788
vt 0.81926799 0.57186788
vt 0.58604944 0.93716711
vt 0.81979388 0.57579571
vt 0.81979388 0.57579571
vt 0.59554517 0.96009177
vt 0.81799853 0.57024091
vt 0.81799853 0.57024091
vt 0.56312490 0.92767149
vt 0.81672907 0.57972348
vt 0.81672907 0.57972348
vt 0.54020029 0.98301631
vt 0.81799853 0.58135045
vt 0.81799853 0.58135045
vt 0.56312490 0.99251193
vt 0.81926799 0.57972348
vt 0.81926799 0.57972348
vt 0.58604944 0.98301631
vt 0.81766260 0.56892759
vt 0.81766260 0.58266389
vt 0.81833446 0.56892759
vt 0.81833446 0.58266389
vt 0.81766260 0.56892759
vt 0.81462657 0.94851416
vt 0.81766260 0.58266389
vt 0.81462657 0.99406385
vt 0.81833446 0.56892759
vt 0.81685448 0.94851416
vt 0.81833446 0.58266389
vt 0.81685448 0.99406385
vt 0.80837959 0.97473574
vt 0.82310140 0.97473574
vt 0.80837959 0.97473574
vt 0.80837959 0.97473574
vt 0.82310140 0.97473574
vt 0.82310140 0.97473574
vt 0.80837959 0.96784246
vt 0.82310140 0.96784246
vt 0.78994763 0.79905546
vt 0.78994763 0.79905546
vt 0.79416120 0.62877542
vt 0.79416120 0.62877542
vt 0.77484345 0.79905546
vt 0.77484345 0.79905546
vt 0.78166884 0.62877542
vt 0.78166884 0.62877542
vt 0.78630626 0.86478066
vt 0.78630626 0.86478066
vt 0.80912209 0.54367620
vt 0.80912209 0.54367620
vt 0.78787154 0.85993773
vt 0.80959415 0.54221576
vt 0.80959415 0.54221576
vt 0.79416120 0.68133056
vt 0.80624849 0.98900402
vt 0.80532718 0.99185461
vt 0.78716624 0.87120432
vt 0.77691960 0.85993773
vt 0.77691960 0.85993773
vt 0.80629140 0.54221576
vt 0.80629140 0.54221576
vt 0.77848482 0.86478066
vt 0.77848482 0.86478066
vt 0.80676341 0.54367620
vt 0.80676341 0.54367620
vt 0.80216664 0.99185461
vt 0.77762485 0.87120432
vt 0.78166884 0.68133056
vt 0.80124533 0.98900402
vt 0.78994763 0.86259848
vt 0.79416120 0.68133056
vt 0.80624849 0.98900402
vt 0.78787154 0.80549675
vt 0.78787154 0.80549675
vt 0.80959415 0.52579808
vt 0.80959415 0.52579808
vt 0.77691960 0.80549675
vt 0.77691960 0.80549675
vt 0.80629140 0.52579808
vt 0.80629140 0.52579808
vt 0.78716624 0.87120432
vt 0.78716624 0.87120432
vt 0.80532718 0.99185461
vt 0.78716624 0.87120432
vt 0.77762485 0.87120432
vt 0.77762485 0.87120432
vt 0.80216664 0.99185461
vt 0.77762485 0.87120432
vt 0.77484345 0.86259848
vt 0.77484345 0.86259848
vt 0.78166884 0.68133056
vt 0.80124533 0.98900402
vt 0.78333765 0.80549675
vt 0.80822688 0.52579808
vt 0.78145337 0.80549675
vt 0.80765861 0.52579808
vt 0.80765861 0.54367620
vt 0.80822688 0.54367620
vt 0.78333765 0.86478066
vt 0.80822688 0.54367620
vt 0.78145337 0.86478066
vt 0.80765861 0.54367620
vt 0.80765861 0.52579808
vt 0.80822688 0.52579808
vt 0.78787154 0.83907896
vt 0.80556077 0.98121339
vt 0.78787154 0.83324897
vt 0.80193305 0.98121339
vt 0.77691960 0.83907896
vt 0.80193305 0.98121339
vt 0.77691960 0.83324897
vt 0.80556077 0.98121339
vt 0.85662186 0.79905546
vt 0.85662186 0.79905546
vt 0.84903520 0.63025212
vt 0.84903520 0.63025212
vt 0.84151763 0.79905546
vt 0.83393097 0.63025212
vt 0.83393097 0.63025212
vt 0.85298043 0.86478066
vt 0.82922888 0.54367620
vt 0.82922888 0.54367620
vt 0.85454571 0.85993773
vt 0.85454571 0.85993773
vt 0.82970095 0.54221576
vt 0.82970095 0.54221576
vt 0.84903520 0.69379520
vt 0.82833374 0.98900402
vt 0.82741243 0.99185461
vt 0.85384041 0.87120432
vt 0.84359372 0.85993773
vt 0.84359372 0.85993773
vt 0.82639819 0.54221576
vt 0.82639819 0.54221576
vt 0.84515899 0.86478066
vt 0.84515899 0.86478066
vt 0.82687020 0.54367620
vt 0.82687020 0.54367620
vt 0.82425195 0.99185461
vt 0.84429908 0.87120432
vt 0.83393097 0.69379520
vt 0.82333058 0.98900402
vt 0.85662186 0.86259848
vt 0.85662186 0.86259848
vt 0.84903520 0.69379520
vt 0.82833374 0.98900402
vt 0.85454571 0.80549675
vt 0.85454571 0.80549675
vt 0.82970095 0.52579808
vt 0.82970095 0.52579808
vt 0.84359372 0.80549675
vt 0.82639819 0.52579808
vt 0.82639819 0.52579808
vt 0.85384041 0.87120432
vt 0.82741243 0.99185461
vt 0.85384041 0.87120432
vt 0.84429908 0.87120432
vt 0.84429908 0.87120432
vt 0.82425195 0.99185461
vt 0.84429908 0.87120432
vt 0.84151763 0.86259848
vt 0.84151763 0.86259848
vt 0.83393097 0.69379520
vt 0.82333058 0.98900402
vt 0.54168528 0.99606127
vt 0.82922888 0.54367620
vt 0.82922888 0.54367620
vt 0.51426846 0.99606127
vt 0.82687020 0.54367620
vt 0.82687020 0.54367620
vt 0.50878167 0.98495448
vt 0.82639819 0.54221576
vt 0.82639819 0.54221576
vt 0.85001183 0.80549675
vt 0.82833368 0.52579808
vt 0.84812760 0.80549675
vt 0.82776546 0.52579808
vt 0.82776546 0.54367620
vt 0.82833368 0.54367620
vt 0.85001183 0.86478066
vt 0.82833368 0.54367620
vt 0.84812760 0.86478066
vt 0.82776546 0.54367620
vt 0.82776546 0.52579808
vt 0.82833368 0.52579808
vt 0.85454571 0.83907896
vt 0.82764602 0.98121339
vt 0.85454571 0.83324897
vt 0.82401830 0.98121339
vt 0.84359372 0.83907896
vt 0.82401830 0.98121339
vt 0.84359372 0.83324897
vt 0.82764602 0.98121339
vt 0.80552453 0.57868975
vt 0.80368674 0.73849827
vt 0.80552453 0.57868975
vt 0.81508952 0.54208404
vt 0.81508952 0.54208404
vt 0.80609417 0.85950100
vt 0.80609417 0.85950100
vt 0.80552453 0.68224877
vt 0.81079942 0.98937172
vt 0.80552453 0.68224877
vt 0.81079942 0.98937172
vt 0.80368674 0.86370867
vt 0.80368674 0.86370867
vt 0.81508952 0.50559348
vt 0.80609417 0.73849827
vt 0.80576289 0.79187113
vt 0.81251949 0.99305087
vt 0.81077617 0.97344232
vt 0.80887949 0.87481570
vt 0.80887949 0.87481570
vt 0.81251949 0.99305087
vt 0.81077617 0.97344232
vt 0.81628251 0.54453444
vt 0.81628251 0.54453444
vt 0.81005013 0.86762661
vt 0.81508952 0.50559348
vt 0.80609417 0.73849827
vt 0.80609417 0.73849827
vt 0.81618381 0.51559931
vt 0.81618381 0.51559931
vt 0.80972290 0.77167767
vt 0.80954552 0.95239234
vt 0.81618381 0.50952077
vt 0.80972290 0.75152117
vt 0.80972290 0.75152117
vt 0.81618381 0.52633756
vt 0.80954552 0.96920913
vt 0.80972290 0.80728573
vt 0.81618381 0.52633756
vt 0.80954552 0.96920913
vt 0.53832215 0.88051397
vt 0.81618381 0.53838140
vt 0.81618381 0.53838140
vt 0.80972290 0.84722298
vt 0.81618381 0.53838140
vt 0.81618381 0.53838140
vt 0.53832215 0.98116118
vt 0.81679052 0.54025865
vt 0.81679052 0.54025865
vt 0.81173480 0.85344803
vt 0.81173480 0.85344803
vt 0.81241930 0.89142942
vt 0.81369203 0.99855399
vt 0.81628251 0.54453444
vt 0.81628251 0.54453444
vt 0.81005013 0.86762661
vt 0.81005013 0.86762661
vt 0.81005013 0.86762661
vt 0.81241930 0.89142942
vt 0.81369203 0.99855399
vt 0.81241930 0.89142942
vt 0.81248689 0.87676072
vt 0.81248689 0.87676072
vt 0.81438357 0.97538733
vt 0.81248689 0.87676072
vt 0.81248689 0.87676072
vt 0.81125128 0.88320440
vt 0.81125128 0.88320440
vt 0.81125128 0.88320440
vt 0.81125128 0.88320440
vt 0.81125128 0.88320440
vt 0.81508952 0.54208404
vt 0.81508952 0.54208404
vt 0.80609417 0.85950100
vt 0.80609417 0.85950100
vt 0.81248689 0.87676072
vt 0.81248689 0.87676072
vt 0.81438357 0.97538733
vt 0.82546335 0.57868975
vt 0.82779419 0.73849827
vt 0.82546335 0.57868975
vt 0.82090753 0.54208404
vt 0.82090753 0.54208404
vt 0.82538676 0.85950100
vt 0.82538676 0.85950100
vt 0.82546335 0.68224877
vt 0.81878483 0.98937172
vt 0.82546335 0.68224877
vt 0.81878483 0.98937172
vt 0.82779419 0.86370867
vt 0.82779419 0.86370867
vt 0.82090753 0.50559348
vt 0.82538676 0.73849827
vt 0.81574047 0.87851489
vt 0.81574047 0.87851489
vt 0.81574047 0.87851489
vt 0.81574047 0.87851489
vt 0.81574047 0.87851489
vt 0.81574047 0.87851489
vt 0.81799853 0.54535156
vt 0.81799853 0.54535156
vt 0.81574047 0.87033606
vt 0.82571816 0.79187113
vt 0.82571816 0.79187113
vt 0.81706482 0.99305087
vt 0.82449818 0.97344232
vt 0.82260150 0.87481570
vt 0.82260150 0.87481570
vt 0.81706482 0.99305087
vt 0.82449818 0.97344232
vt 0.81799853 0.54535156
vt 0.81799853 0.54535156
vt 0.81574047 0.87033606
vt 0.81971455 0.54453444
vt 0.81971455 0.54453444
vt 0.82143092 0.86762661
vt 0.82090753 0.50559348
vt 0.82538676 0.73849827
vt 0.82538676 0.73849827
vt 0.81981325 0.51559931
vt 0.81981325 0.51559931
vt 0.82175815 0.77167767
vt 0.81981325 0.50952077
vt 0.81317496 0.95239234
vt 0.82175815 0.75152117
vt 0.82175815 0.75152117
vt 0.81981325 0.52633756
vt 0.81317496 0.96920913
vt 0.82175815 0.80728573
vt 0.82175815 0.80728573
vt 0.81981325 0.51559931
vt 0.81981325 0.51559931
vt 0.58467978 0.79077673
vt 0.81981325 0.52633756
vt 0.81317496 0.96920913
vt 0.58467978 0.88051397
vt 0.81981325 0.53838140
vt 0.81981325 0.53838140
vt 0.82175815 0.84722298
vt 0.82175815 0.84722298
vt 0.81981325 0.53838140
vt 0.81981325 0.53838140
vt 0.58467978 0.98116118
vt 0.81920654 0.54025865
vt 0.81920654 0.54025865
vt 0.57693005 0.99684894
vt 0.81479216 0.99894810
vt 0.81479216 0.99894810
vt 0.81574047 0.89261919
vt 0.81920654 0.54025865
vt 0.81920654 0.54025865
vt 0.81974614 0.85344803
vt 0.81974614 0.85344803
vt 0.81479216 0.99894810
vt 0.81479216 0.99894810
vt 0.81906170 0.89142942
vt 0.81589228 0.99855399
vt 0.81971455 0.54453444
vt 0.81971455 0.54453444
vt 0.82143092 0.86762661
vt 0.82143092 0.86762661
vt 0.82143092 0.86762661
vt 0.81906170 0.89142942
vt 0.81589228 0.99855399
vt 0.81906170 0.89142942
vt 0.81899416 0.87676072
vt 0.81899416 0.87676072
vt 0.82089084 0.97538733
vt 0.81899416 0.87676072
vt 0.81899416 0.87676072
vt 0.82022971 0.88320440
vt 0.82022971 0.88320440
vt 0.82022971 0.88320440
vt 0.82022971 0.88320440
vt 0.82022971 0.88320440
vt 0.82090753 0.54208404
vt 0.82090753 0.54208404
vt 0.82538676 0.85950100
vt 0.82538676 0.85950100
vt 0.81899416 0.87676072
vt 0.81899416 0.87676072
vt 0.82089084 0.97538733
vt 0.82779419 0.73849827
vt 0.82020754 0.56969500
vt 0.82020754 0.56969500
vt 0.82538676 0.84126151
vt 0.82090753 0.53658360
vt 0.82090753 0.53658360
vt 0.82020754 0.67666590
vt 0.81878483 0.98333007
vt 0.82779419 0.84546918
vt 0.82020754 0.67666590
vt 0.81878483 0.98333007
vt 0.82538676 0.73849827
vt 0.82090753 0.50559348
vt 0.82571816 0.78368461
vt 0.82571816 0.78368461
vt 0.82571816 0.78368461
vt 0.82571816 0.78368461
vt 0.82260150 0.85657626
vt 0.82260150 0.85657626
vt 0.81706482 0.98700917
vt 0.81706482 0.98700917
vt 0.81706482 0.98700917
vt 0.81706482 0.98700917
vt 0.82143092 0.84938711
vt 0.81971455 0.53903401
vt 0.81971455 0.53903401
vt 0.82538676 0.73849827
vt 0.82538676 0.73849827
vt 0.82090753 0.50559348
vt 0.82175815 0.77167767
vt 0.82175815 0.77167767
vt 0.81981325 0.51559931
vt 0.81981325 0.51559931
vt 0.82175815 0.75152117
vt 0.82175815 0.75152117
vt 0.81317496 0.95239234
vt 0.81981325 0.50952077
vt 0.82175815 0.78976732
vt 0.82175815 0.78976732
vt 0.81317496 0.96392620
vt 0.81981325 0.52105463
vt 0.82175815 0.82898349
vt 0.82175815 0.82898349
vt 0.81981325 0.53288096
vt 0.81981325 0.53288096
vt 0.57693005 0.95088303
vt 0.81920654 0.53475815
vt 0.81920654 0.53475815
vt 0.81974614 0.83520848
vt 0.81974614 0.83520848
vt 0.81920654 0.53475815
vt 0.81920654 0.53475815
vt 0.82143092 0.84938711
vt 0.82143092 0.84938711
vt 0.81971455 0.53903401
vt 0.81971455 0.53903401
vt 0.80368674 0.73849827
vt 0.79610008 0.56969500
vt 0.79610008 0.56969500
vt 0.80609417 0.84126151
vt 0.81508952 0.53658360
vt 0.81508952 0.53658360
vt 0.81079942 0.98333007
vt 0.79610008 0.67666590
vt 0.80368674 0.84546918
vt 0.81079942 0.98333007
vt 0.79610008 0.67666590
vt 0.80609417 0.73849827
vt 0.81508952 0.50559348
vt 0.81574047 0.86027533
vt 0.81574047 0.86027533
vt 0.81479216 0.98823446
vt 0.81479216 0.98823446
vt 0.81479216 0.98823446
vt 0.81479216 0.98823446
vt 0.81574047 0.85209656
vt 0.81574047 0.85209656
vt 0.81799853 0.53985107
vt 0.81799853 0.53985107
vt 0.80576289 0.78368461
vt 0.80576289 0.78368461
vt 0.80576289 0.78368461
vt 0.80887949 0.85657626
vt 0.81251949 0.98700917
vt 0.81251949 0.98700917
vt 0.81251949 0.98700917
vt 0.81251949 0.98700917
vt 0.81574047 0.85209656
vt 0.81574047 0.85209656
vt 0.81799853 0.53985107
vt 0.81799853 0.53985107
vt 0.81005013 0.84938711
vt 0.81628251 0.53903401
vt 0.81628251 0.53903401
vt 0.80609417 0.73849827
vt 0.80609417 0.73849827
vt 0.81508952 0.50559348
vt 0.80972290 0.77167767
vt 0.80972290 0.77167767
vt 0.81618381 0.51559931
vt 0.81618381 0.51559931
vt 0.80972290 0.75152117
vt 0.80972290 0.75152117
vt 0.81618381 0.50952077
vt 0.80954552 0.95239234
vt 0.82538676 0.84126151
vt 0.82538676 0.84126151
vt 0.82538676 0.84126151
vt 0.82538676 0.84126151
vt 0.82538676 0.84126151
vt 0.82090753 0.53658360
vt 0.82090753 0.53658360
vt 0.80972290 0.78976732
vt 0.80972290 0.78976732
vt 0.81618381 0.52105463
vt 0.80954552 0.96392620
vt 0.80972290 0.82898349
vt 0.81618381 0.53288096
vt 0.81618381 0.53288096
vt 0.81173480 0.83520848
vt 0.81173480 0.83520848
vt 0.81679052 0.53475815
vt 0.81679052 0.53475815
vt 0.81005013 0.84938711
vt 0.81628251 0.53903401
vt 0.81628251 0.53903401
vt 0.80609417 0.84126151
vt 0.80609417 0.84126151
vt 0.80609417 0.84126151
vt 0.81508952 0.53658360
vt 0.81508952 0.53658360
vt 0.32041949 0.53949738
vt 0.32041949 0.53949738
vt 0.32034689 0.50863403
vt 0.32034689 0.50863403
vt 0.32041949 0.53949738
vt 0.34262440 0.82988966
vt 0.32034689 0.50863403
vt 0.34240907 0.73837143
vt 0.34812942 0.73837143
vt 0.35192275 0.51266813
vt 0.34791413 0.82988966
vt 0.35170746 0.60418636
vt 0.32227600 0.50863403
vt 0.35192275 0.51266813
vt 0.32220340 0.53949738
vt 0.35170746 0.60418636
vt 0.34948042 0.83752978
vt 0.34611040 0.89294779
vt 0.34948042 0.82533234
vt 0.31084472 0.98351026
vt 0.31274140 0.68857861
vt 0.31084472 0.83529764
vt 0.31274140 0.54036605
vt 0.31139520 0.98391902
vt 0.31030202 0.99866897
vt 0.31856415 0.68162835
vt 0.31139520 0.96434069
vt 0.31856415 0.66205001
vt 0.31019023 0.99812949
vt 0.31019023 0.99812949
vt 0.31845236 0.68108881
vt 0.31845236 0.68108881
vt 0.31845236 0.66258943
vt 0.31845236 0.66258943
vt 0.33786491 0.87648422
vt 0.33976158 0.58155262
vt 0.31524661 0.83039826
vt 0.31714329 0.53546667
vt 0.33397892 0.59171402
vt 0.33208224 0.88664567
vt 0.31014487 0.54297006
vt 0.30824819 0.83790165
vt 0.29629683 0.53949738
vt 0.29629683 0.53949738
vt 0.29636946 0.50863403
vt 0.29636946 0.50863403
vt 0.27109399 0.82988966
vt 0.29629683 0.53949738
vt 0.27130935 0.73837143
vt 0.29636946 0.50863403
vt 0.26938227 0.51266813
vt 0.26558894 0.73837143
vt 0.26959762 0.60418636
vt 0.26580429 0.82988966
vt 0.26938227 0.51266813
vt 0.29444033 0.50863403
vt 0.26959762 0.60418636
vt 0.29451296 0.53949738
vt 0.26423800 0.83752978
vt 0.26086798 0.89294779
vt 0.26423800 0.82533234
vt 0.30477035 0.68857861
vt 0.30287367 0.98351026
vt 0.30477035 0.54036605
vt 0.30287367 0.83529764
vt 0.30949211 0.68162835
vt 0.30232316 0.98391902
vt 0.30122998 0.99866897
vt 0.30949211 0.66205001
vt 0.30232316 0.96434069
vt 0.30960396 0.68108881
vt 0.30960396 0.68108881
vt 0.30134183 0.99812949
vt 0.30134183 0.99812949
vt 0.30960396 0.66258943
vt 0.30960396 0.66258943
vt 0.27775013 0.58155262
vt 0.27585346 0.87648422
vt 0.30036843 0.53546667
vt 0.29847175 0.83039826
vt 0.28163615 0.88664567
vt 0.28353283 0.59171402
vt 0.30547023 0.83790165
vt 0.30736691 0.54297006
vt 0.32041949 0.53949732
vt 0.32041949 0.53949732
vt 0.32034689 0.50863403
vt 0.32034689 0.50863403
vt 0.32041949 0.53949732
vt 0.34262440 0.82988960
vt 0.32034689 0.50863403
vt 0.34240907 0.73837143
vt 0.34812942 0.73837143
vt 0.35192275 0.51266813
vt 0.34791413 0.82988960
vt 0.35170746 0.60418630
vt 0.32227600 0.50863403
vt 0.35192275 0.51266813
vt 0.32220340 0.53949732
vt 0.35170746 0.60418630
vt 0.34948042 0.83752978
vt 0.34611040 0.89294779
vt 0.34948042 0.82533228
vt 0.34611040 0.89294779
vt 0.31084472 0.98351026
vt 0.31274140 0.68857861
vt 0.31084472 0.83529764
vt 0.31274140 0.54036605
vt 0.31856415 0.68162835
vt 0.31030202 0.99866897
vt 0.31856415 0.68162835
vt 0.31856415 0.66205001
vt 0.31856415 0.66205001
vt 0.31019023 0.99812937
vt 0.31019023 0.99812937
vt 0.31845236 0.68108869
vt 0.31845236 0.68108869
vt 0.31845236 0.66258943
vt 0.31845236 0.66258943
vt 0.31019023 0.99812937
vt 0.31019023 0.99812937
vt 0.31845236 0.68108869
vt 0.31845236 0.68108869
vt 0.31845236 0.66258943
vt 0.31845236 0.66258943
vt 0.33786491 0.87648422
vt 0.33976158 0.58155262
vt 0.31524661 0.83039820
vt 0.31714329 0.53546655
vt 0.33397892 0.59171402
vt 0.33208224 0.88664567
vt 0.31014487 0.54297006
vt 0.30824819 0.83790165
vt 0.29629683 0.53949732
vt 0.29629683 0.53949732
vt 0.29636946 0.50863403
vt 0.29636946 0.50863403
vt 0.27109399 0.82988960
vt 0.29629683 0.53949732
vt 0.27130935 0.73837143
vt 0.29636946 0.50863403
vt 0.26938227 0.51266813
vt 0.26558894 0.73837143
vt 0.26959762 0.60418630
vt 0.26580429 0.82988960
vt 0.26938227 0.51266813
vt 0.29444033 0.50863403
vt 0.26959762 0.60418630
vt 0.29451296 0.53949732
vt 0.26423800 0.83752978
vt 0.26086798 0.89294779
vt 0.26423800 0.82533228
vt 0.26086798 0.89294779
vt 0.30477035 0.68857861
vt 0.30287367 0.98351026
vt 0.30477035 0.54036605
vt 0.30287367 0.83529764
vt 0.30949211 0.68162835
vt 0.30949211 0.68162835
vt 0.30122998 0.99866897
vt 0.30949211 0.66205001
vt 0.30949211 0.66205001
vt 0.30960396 0.68108869
vt 0.30960396 0.68108869
vt 0.30134183 0.99812937
vt 0.30134183 0.99812937
vt 0.30960396 0.66258943
vt 0.30960396 0.66258943
vt 0.30960396 0.68108869
vt 0.30960396 0.68108869
vt 0.30134183 0.99812937
vt 0.30134183 0.99812937
vt 0.30960396 0.66258943
vt 0.30960396 0.66258943
vt 0.27775013 0.58155262
vt 0.27585346 0.87648422
vt 0.30036843 0.53546655
vt 0.29847175 0.83039820
vt 0.28163615 0.88664567
vt 0.28353283 0.59171402
vt 0.30547023 0.83790165
vt 0.30736691 0.54297006
vt 0.32604435 0.54023695
vt 0.32604435 0.54023695
vt 0.32598108 0.50863403
vt 0.32598108 0.50863403
vt 0.32604435 0.54023695
vt 0.34855017 0.60387129
vt 0.32598108 0.50863403
vt 0.34836257 0.51015985
vt 0.35334644 0.51015985
vt 0.36409986 0.73837143
vt 0.35315880 0.60387129
vt 0.36391222 0.83208287
vt 0.32766181 0.50863403
vt 0.36409986 0.73837143
vt 0.32759854 0.54023695
vt 0.36391222 0.83208287
vt 0.36500776 0.82850164
vt 0.36163774 0.89294779
vt 0.36500776 0.83752978
vt 0.35704938 0.89294779
vt 0.35917044 0.63177109
vt 0.36895543 0.87940693
vt 0.35235959 0.93777198
vt 0.35917044 0.64177120
vt 0.36895543 0.88940698
vt 0.35063440 0.64128530
vt 0.36041939 0.88892108
vt 0.35063440 0.63225710
vt 0.34878150 0.93728608
vt 0.35559234 0.64128530
vt 0.35559234 0.64128530
vt 0.36537734 0.88892108
vt 0.35559234 0.63225710
vt 0.35559234 0.63225710
vt 0.32604435 0.54023695
vt 0.32604435 0.54023695
vt 0.32598108 0.50863403
vt 0.32598108 0.50863403
vt 0.32604435 0.54023695
vt 0.34855017 0.60387129
vt 0.32598108 0.50863403
vt 0.34836257 0.51015985
vt 0.35334644 0.51015985
vt 0.36409986 0.73837143
vt 0.35315880 0.60387129
vt 0.36391222 0.83208287
vt 0.32766181 0.50863403
vt 0.36409986 0.73837143
vt 0.32759854 0.54023695
vt 0.36391222 0.83208287
vt 0.36500776 0.82850164
vt 0.36163774 0.89294779
vt 0.36500776 0.83752978
vt 0.35704938 0.89294779
vt 0.35917044 0.63177109
vt 0.36895543 0.87940693
vt 0.35235959 0.93777198
vt 0.35917044 0.64177120
vt 0.36895543 0.88940698
vt 0.35063440 0.64128530
vt 0.36041939 0.88892108
vt 0.35063440 0.63225710
vt 0.34878150 0.93728608
vt 0.35559234 0.64128530
vt 0.35559234 0.64128530
vt 0.36537734 0.88892108
vt 0.35559234 0.63225710
vt 0.35559234 0.63225710
vt 0.31212693 0.69820291
vt 0.31307527 0.99787623
vt 0.31212693 0.69820291
vt 0.30928195 0.96468455
vt 0.31212693 0.69744891
vt 0.31212693 0.69744891
vt 0.31307527 0.99712223
vt 0.30928195 0.96393055
vt 0.31544161 0.68759179
vt 0.31259662 0.95407343
vt 0.30942008 0.62587100
vt 0.31544161 0.68833172
vt 0.31259662 0.95481336
vt 0.30942008 0.62661093
vt 0.29684979 0.96468455
vt 0.29969478 0.69820291
vt 0.29969478 0.69820291
vt 0.30064312 0.99787623
vt 0.29684979 0.96393055
vt 0.29969478 0.69744891
vt 0.30064312 0.99712223
vt 0.29969478 0.69744891
vt 0.29049179 0.62626731
vt 0.29366833 0.95446974
vt 0.29651332 0.68798810
vt 0.29049179 0.62700766
vt 0.29366833 0.95521009
vt 0.29651332 0.68872845
vt 0.31318924 0.99696106
vt 0.31224090 0.69728774
vt 0.31224090 0.69728774
vt 0.30939591 0.96376938
vt 0.31200641 0.69664514
vt 0.31200641 0.69664514
vt 0.31295475 0.99631846
vt 0.30916142 0.96312678
vt 0.31530273 0.68680501
vt 0.31245774 0.95328665
vt 0.30928120 0.62508422
vt 0.31557155 0.68743360
vt 0.31272656 0.95391524
vt 0.30955002 0.62571281
vt 0.29696810 0.96376938
vt 0.30076143 0.99696106
vt 0.29981309 0.69728774
vt 0.29981309 0.69728774
vt 0.29673365 0.96312678
vt 0.29957864 0.69664514
vt 0.29957864 0.69664514
vt 0.30052698 0.99631846
vt 0.29036030 0.62547976
vt 0.29353684 0.95368218
vt 0.29638183 0.68720055
vt 0.29062775 0.62610888
vt 0.29380429 0.95431131
vt 0.29664928 0.68782967
vt 0.31212693 0.69653356
vt 0.31307527 0.99620688
vt 0.31212693 0.69653356
vt 0.30928195 0.96301520
vt 0.31212693 0.69623154
vt 0.31212693 0.69623154
vt 0.31307527 0.99590486
vt 0.30928195 0.96271318
vt 0.31544161 0.68640524
vt 0.31259662 0.95288688
vt 0.30942008 0.62468445
vt 0.31544161 0.68669635
vt 0.31259662 0.95317799
vt 0.30942008 0.62497556
vt 0.29684979 0.96301520
vt 0.29969478 0.69653356
vt 0.29969478 0.69653356
vt 0.30064312 0.99620688
vt 0.29684979 0.96271318
vt 0.29969478 0.69623154
vt 0.30064312 0.99590486
vt 0.29969478 0.69623154
vt 0.29049179 0.62507933
vt 0.29366833 0.95328176
vt 0.29651332 0.68680012
vt 0.29049179 0.62537092
vt 0.29366833 0.95357335
vt 0.29651332 0.68709171
vt 0.31198046 0.69622022
vt 0.31198046 0.69622022
vt 0.31292880 0.99589354
vt 0.30913547 0.96270186
vt 0.31321523 0.99589354
vt 0.31226689 0.69622022
vt 0.31226689 0.69622022
vt 0.30942190 0.96270186
vt 0.31560078 0.68639445
vt 0.31275579 0.95287609
vt 0.30957925 0.62467366
vt 0.31527239 0.68639445
vt 0.31242740 0.95287609
vt 0.30925086 0.62467366
vt 0.29670987 0.96270186
vt 0.29955485 0.69622022
vt 0.29955485 0.69622022
vt 0.30050319 0.99589354
vt 0.29699627 0.96270186
vt 0.30078959 0.99589354
vt 0.29984125 0.69622022
vt 0.29984125 0.69622022
vt 0.29066011 0.62506855
vt 0.29383665 0.95327097
vt 0.29668164 0.68678933
vt 0.29033342 0.62506855
vt 0.29350996 0.95327097
vt 0.29635495 0.68678933
vt 0.31212693 0.69623154
vt 0.31212693 0.69623154
vt 0.31307527 0.99590486
vt 0.30928195 0.96271318
vt 0.31212693 0.69653356
vt 0.31307527 0.99620688
vt 0.31212693 0.69653356
vt 0.30928195 0.96301520
vt 0.31544161 0.68669635
vt 0.31259662 0.95317799
vt 0.30942008 0.62497556
vt 0.31544161 0.68640524
vt 0.31259662 0.95288688
vt 0.30942008 0.62468445
vt 0.29684979 0.96271318
vt 0.29969478 0.69623154
vt 0.30064312 0.99590486
vt 0.29969478 0.69623154
vt 0.29684979 0.96301520
vt 0.29969478 0.69653356
vt 0.29969478 0.69653356
vt 0.30064312 0.99620688
vt 0.29049179 0.62537092
vt 0.29366833 0.95357335
vt 0.29651332 0.68709171
vt 0.29049179 0.62507933
vt 0.29366833 0.95328176
vt 0.29651332 0.68680012
vt 0.31325689 0.99631846
vt 0.31230855 0.69664514
vt 0.31230855 0.69664514
vt 0.30946356 0.96312678
vt 0.31193787 0.69728762
vt 0.31193787 0.69728762
vt 0.31288621 0.99696094
vt 0.30909288 0.96376926
vt 0.31522247 0.68743360
vt 0.31237748 0.95391524
vt 0.30920094 0.62571281
vt 0.31564742 0.68680501
vt 0.31280243 0.95328665
vt 0.30962589 0.62508422
vt 0.29704234 0.96312678
vt 0.30083567 0.99631846
vt 0.29988733 0.69664514
vt 0.29988733 0.69664514
vt 0.29667172 0.96376926
vt 0.29951671 0.69728762
vt 0.29951671 0.69728762
vt 0.30046505 0.99696094
vt 0.29029047 0.62610888
vt 0.29346702 0.95431131
vt 0.29631200 0.68782967
vt 0.29071325 0.62547976
vt 0.29388979 0.95368218
vt 0.29673478 0.68720055
vt 0.31212693 0.69744891
vt 0.31212693 0.69744891
vt 0.31307527 0.99712223
vt 0.30928195 0.96393055
vt 0.31212693 0.69820291
vt 0.31307527 0.99787623
vt 0.31212693 0.69820291
vt 0.30928195 0.96468455
vt 0.31544161 0.68833160
vt 0.31259662 0.95481324
vt 0.30942008 0.62661082
vt 0.31544161 0.68759179
vt 0.31259662 0.95407343
vt 0.30942008 0.62587100
vt 0.29684979 0.96393055
vt 0.29969478 0.69744891
vt 0.30064312 0.99712223
vt 0.29969478 0.69744891
vt 0.29684979 0.96468455
vt 0.29969478 0.69820291
vt 0.29969478 0.69820291
vt 0.30064312 0.99787623
vt 0.29049179 0.62700766
vt 0.29366833 0.95521009
vt 0.29651332 0.68872845
vt 0.29049179 0.62626719
vt 0.29366833 0.95446962
vt 0.29651332 0.68798798
vt 0.31163383 0.68743491
vt 0.31163383 0.68743491
vt 0.31159851 0.68672562
vt 0.31159851 0.68672562
vt 0.31340009 0.68020558
vt 0.30737856 0.61848480
vt 0.31341624 0.68092495
vt 0.30739471 0.61920416
vt 0.30018786 0.68743491
vt 0.30018786 0.68743491
vt 0.30022320 0.68672562
vt 0.30022320 0.68672562
vt 0.29247251 0.61874676
vt 0.29849404 0.68046755
vt 0.29245558 0.61946583
vt 0.29847711 0.68118662
vt 0.31178167 0.68652201
vt 0.31178167 0.68652201
vt 0.31145382 0.68591738
vt 0.31145382 0.68591738
vt 0.31325245 0.67941302
vt 0.30723092 0.61769223
vt 0.31356403 0.68002450
vt 0.30754250 0.61830372
vt 0.30034089 0.68652201
vt 0.30034089 0.68652201
vt 0.30007312 0.68591738
vt 0.30007312 0.68591738
vt 0.29232392 0.61795366
vt 0.29834545 0.67967445
vt 0.29260737 0.61856467
vt 0.29862890 0.68028545
vt 0.31162691 0.68577605
vt 0.31162691 0.68577605
vt 0.31161276 0.68549192
vt 0.31161276 0.68549192
vt 0.31340826 0.67900455
vt 0.30738673 0.61728376
vt 0.31341475 0.67928749
vt 0.30739322 0.61756670
vt 0.30019480 0.68577605
vt 0.30019480 0.68577605
vt 0.30020893 0.68549192
vt 0.30020893 0.68549192
vt 0.29246408 0.61754441
vt 0.29848561 0.67926520
vt 0.29245728 0.61782748
vt 0.29847881 0.67954826
vt 0.31143567 0.68547106
vt 0.31143567 0.68547106
vt 0.31179944 0.68547106
vt 0.31179944 0.68547106
vt 0.31359011 0.67898810
vt 0.30756858 0.61726731
vt 0.31322631 0.67898810
vt 0.30720478 0.61726731
vt 0.30002224 0.68547106
vt 0.30002224 0.68547106
vt 0.30038607 0.68547106
vt 0.30038607 0.68547106
vt 0.29264584 0.61752790
vt 0.29866737 0.67924869
vt 0.29228204 0.61752790
vt 0.29830357 0.67924869
vt 0.31161276 0.68549192
vt 0.31161276 0.68549192
vt 0.31162691 0.68577605
vt 0.31162691 0.68577605
vt 0.31341475 0.67928749
vt 0.30739322 0.61756670
vt 0.31340826 0.67900455
vt 0.30738673 0.61728376
vt 0.30020893 0.68549192
vt 0.30020893 0.68549192
vt 0.30019480 0.68577605
vt 0.30019480 0.68577605
vt 0.29245731 0.61782748
vt 0.29847884 0.67954826
vt 0.29246408 0.61754441
vt 0.29848561 0.67926520
vt 0.31183121 0.68591738
vt 0.31183121 0.68591738
vt 0.31139040 0.68652195
vt 0.31139040 0.68652195
vt 0.31317359 0.68002439
vt 0.30715206 0.61830360
vt 0.31363064 0.67941302
vt 0.30760911 0.61769223
vt 0.30045652 0.68591738
vt 0.30045652 0.68591738
vt 0.29995573 0.68652195
vt 0.29995573 0.68652195
vt 0.29222479 0.61856467
vt 0.29824632 0.68028545
vt 0.29270992 0.61795366
vt 0.29873145 0.67967445
vt 0.31159851 0.68672550
vt 0.31159851 0.68672550
vt 0.31163383 0.68743491
vt 0.31163383 0.68743491
vt 0.31341624 0.68092495
vt 0.30739471 0.61920416
vt 0.31340009 0.68020558
vt 0.30737856 0.61848480
vt 0.30022320 0.68672550
vt 0.30022320 0.68672550
vt 0.30018786 0.68743491
vt 0.30018786 0.68743491
vt 0.29245558 0.61946571
vt 0.29847711 0.68118650
vt 0.29247251 0.61874676
vt 0.29849404 0.68046755
vt 0.34705862 0.96460199
vt 0.36507696 0.90201199
vt 0.35453928 0.66943002
vt 0.35453928 0.66943002
vt 0.34590828 0.66855913
vt 0.34590828 0.66855913
vt 0.33842763 0.96373111
vt 0.35644597 0.90114111
vt 0.36507696 0.89231545
vt 0.34851775 0.59726000
vt 0.35453928 0.65973347
vt 0.34590828 0.65905154
vt 0.35644597 0.89163351
vt 0.33988675 0.59657806
vt 0.35454717 0.90109652
vt 0.33652884 0.96368653
vt 0.34400949 0.66851455
vt 0.33537853 0.66851455
vt 0.34591621 0.90109652
vt 0.32789788 0.96368653
vt 0.33798796 0.59654588
vt 0.35454717 0.89160132
vt 0.34400949 0.65901935
vt 0.33537853 0.65901935
vt 0.32935700 0.59654588
vt 0.34591621 0.89160132
vt 0.34401739 0.90114111
vt 0.32599905 0.96373111
vt 0.33347970 0.66855913
vt 0.33347970 0.66855913
vt 0.32484874 0.66943002
vt 0.32484874 0.66943002
vt 0.33538643 0.90201199
vt 0.31736809 0.96460199
vt 0.32745817 0.59657806
vt 0.34401739 0.89163351
vt 0.33347970 0.65905154
vt 0.32484874 0.65973347
vt 0.31882721 0.59726000
vt 0.33538643 0.89231545
vt 0.34705862 0.96460193
vt 0.36507696 0.90201193
vt 0.35453928 0.66942996
vt 0.35453928 0.66942996
vt 0.34590828 0.66855913
vt 0.34590828 0.66855913
vt 0.33842763 0.96373111
vt 0.35644597 0.90114111
vt 0.36507696 0.89331144
vt 0.34851775 0.59825599
vt 0.35453928 0.66072947
vt 0.34590828 0.66002810
vt 0.35644597 0.89261007
vt 0.33988675 0.59755462
vt 0.35454717 0.90109652
vt 0.33652884 0.96368653
vt 0.34400949 0.66851455
vt 0.33537853 0.66851455
vt 0.34591621 0.90109652
vt 0.32789788 0.96368653
vt 0.33798796 0.59752119
vt 0.35454717 0.89257663
vt 0.34400949 0.65999466
vt 0.33537853 0.65999466
vt 0.32935700 0.59752119
vt 0.34591621 0.89257663
vt 0.34401739 0.90114111
vt 0.32599905 0.96373111
vt 0.33347970 0.66855913
vt 0.33347970 0.66855913
vt 0.32484874 0.66942996
vt 0.32484874 0.66942996
vt 0.33538643 0.90201193
vt 0.31736809 0.96460193
vt 0.32745817 0.59755462
vt 0.34401739 0.89261007
vt 0.33347970 0.66002810
vt 0.32484874 0.66072947
vt 0.31882721 0.59825599
vt 0.33538643 0.89331144
vt 0.35470718 0.66068619
vt 0.35470718 0.66068619
vt 0.34607485 0.65987688
vt 0.34607485 0.65987688
vt 0.34861684 0.59174806
vt 0.35463837 0.65422153
vt 0.34600711 0.65355128
vt 0.33998558 0.59107780
vt 0.34400949 0.65979439
vt 0.33537853 0.65979439
vt 0.33798796 0.59100729
vt 0.34400949 0.65348077
vt 0.33537853 0.65348077
vt 0.32935700 0.59100729
vt 0.33331320 0.65987688
vt 0.33331320 0.65987688
vt 0.32468086 0.66068619
vt 0.32468086 0.66068619
vt 0.32735935 0.59107780
vt 0.33338088 0.65355128
vt 0.32474968 0.65422153
vt 0.31872815 0.59174806
vt 0.35470718 0.66068619
vt 0.35470718 0.66068619
vt 0.34607485 0.65987688
vt 0.34607485 0.65987688
vt 0.34862387 0.59241211
vt 0.35464540 0.65488559
vt 0.34601408 0.65420103
vt 0.33999255 0.59172755
vt 0.34400949 0.65979439
vt 0.33537853 0.65979439
vt 0.33798796 0.59165585
vt 0.34400949 0.65412933
vt 0.33537853 0.65412933
vt 0.32935700 0.59165585
vt 0.33331320 0.65987688
vt 0.33331320 0.65987688
vt 0.32468086 0.66068619
vt 0.32468086 0.66068619
vt 0.32735243 0.59172755
vt 0.33337396 0.65420103
vt 0.32474262 0.65488559
vt 0.31872109 0.59241211
vt 0.09810093 0.50228119
vt 0.09810093 0.50228119
vt 0.04471148 0.26570582
vt 0.00647708 0.50228119
vt 0.09810093 0.73455393
vt 0.72882175 0.73808312
vt 0.09810093 0.73455393
vt 0.72882175 0.73808312
vt 0.72882175 0.73808312
vt 0.09810093 0.73455393
vt 0.72882175 0.73808312
vt 0.09810093 0.50228119
vt 0.09810093 0.50228119
vt 0.09810093 0.50228119
vt 0.04471148 0.26570582
vt 0.00647708 0.50228119
vt 0.09707997 0.26292497
vt 0.11815536 0.50228119
vt 0.07495288 0.26292497
vt 0.10310151 0.25991416
vt 0.11815536 0.50228119
vt 0.08097441 0.25991416
vt 0.08097441 0.49218690
vt 0.72184157 0.50384480
vt 0.05156118 0.77512914
vt 0.05165512 0.84733951
vt 0.05168761 0.85505682
vt 0.06095612 0.71576548
vt 0.05178155 0.92726719
vt 0.05124635 0.77512914
vt 0.05154833 0.85638994
vt 0.06092219 0.71609014
vt 0.06240262 0.84543246
vt 0.06230869 0.77322203
vt 0.06350704 0.71626341
vt 0.06225445 0.92931157
vt 0.06216051 0.85710114
vt 0.06261348 0.77322203
vt 0.06353997 0.71659225
vt 0.06229574 0.85845131
vt 0.02046712 0.81750327
vt 0.02056106 0.88971364
vt 0.02060437 0.88121718
vt 0.02069831 0.95342755
vt 0.05338506 0.72213745
vt 0.02015731 0.81750327
vt 0.02046712 0.88255888
vt 0.05335163 0.72246426
vt 0.03002232 0.88971364
vt 0.02992839 0.81750327
vt 0.02988506 0.95342755
vt 0.05562271 0.72213745
vt 0.02979112 0.88121718
vt 0.03023820 0.81750327
vt 0.05565615 0.72246426
vt 0.02992839 0.88255888
vt 0.08744460 0.85044867
vt 0.09038354 0.88851905
vt 0.08760060 0.92647713
vt 0.09053954 0.96454751
vt 0.06970357 0.73316151
vt 0.08714341 0.85044867
vt 0.08746679 0.92783278
vt 0.06967098 0.73349172
vt 0.10034401 0.89149833
vt 0.09740507 0.85342795
vt 0.10022515 0.96133369
vt 0.07206272 0.73237872
vt 0.09728621 0.92326325
vt 0.09772340 0.85342795
vt 0.07209700 0.73270196
vt 0.09742693 0.92459029
vt 0.10491840 0.74207240
vt 0.10501234 0.81428277
vt 0.10478044 0.81904334
vt 0.07388812 0.70699352
vt 0.10487438 0.89125371
vt 0.10157120 0.74207240
vt 0.10157120 0.82038957
vt 0.07310644 0.70732141
vt 0.10491840 0.74207240
vt 0.10501234 0.81428277
vt 0.10478184 0.81598192
vt 0.07388847 0.70624787
vt 0.10487578 0.88819230
vt 0.10157120 0.74207240
vt 0.10157120 0.81731826
vt 0.07310644 0.70657337
vt 0.09081032 0.76313633
vt 0.08331760 0.81543171
vt 0.09096631 0.83916479
vt 0.08347359 0.89146018
vt 0.05274802 0.49380529
vt 0.09050909 0.76313633
vt 0.09083253 0.84052020
vt 0.05271543 0.49413544
vt 0.09327809 0.81841099
vt 0.10077081 0.76611561
vt 0.09315921 0.88824630
vt 0.05510718 0.49302250
vt 0.10065193 0.83595091
vt 0.10108912 0.76611561
vt 0.05514146 0.49334574
vt 0.10079265 0.83727795
vt 0.06239259 0.84733951
vt 0.06229866 0.77512914
vt 0.06226616 0.92726684
vt 0.06350989 0.71576536
vt 0.06217222 0.85505646
vt 0.06261348 0.77512914
vt 0.06354382 0.71609002
vt 0.06231151 0.85638934
vt 0.05155113 0.77322179
vt 0.05164506 0.84543216
vt 0.05169933 0.85710114
vt 0.05179327 0.92931157
vt 0.06095897 0.71626341
vt 0.05124635 0.77322179
vt 0.05156409 0.85845095
vt 0.06092603 0.71659219
vt 0.03002232 0.88971329
vt 0.02992839 0.81750292
vt 0.02988504 0.95342755
vt 0.05562271 0.72213745
vt 0.02979111 0.88121718
vt 0.03023818 0.81750292
vt 0.05565615 0.72246420
vt 0.02992839 0.88255864
vt 0.02046712 0.81750292
vt 0.02056106 0.88971329
vt 0.02060436 0.88121718
vt 0.02069830 0.95342755
vt 0.05338506 0.72213745
vt 0.02015728 0.81750292
vt 0.02046712 0.88255864
vt 0.05335163 0.72246420
vt 0.09751615 0.88472545
vt 0.09742220 0.85044843
vt 0.07205786 0.73316151
vt 0.09736016 0.96075416
vt 0.09726622 0.92647713
vt 0.09772342 0.85044843
vt 0.07209045 0.73349166
vt 0.09740002 0.92783254
vt 0.08746175 0.85342723
vt 0.08755570 0.88770431
vt 0.08758064 0.92326325
vt 0.06969871 0.73237872
vt 0.08767459 0.95754033
vt 0.08714343 0.85342723
vt 0.08743989 0.92459029
vt 0.06966443 0.73270196
vt 0.11230716 0.81743741
vt 0.11221322 0.74522704
vt 0.07110570 0.66653866
vt 0.11215118 0.89346582
vt 0.11205724 0.82125539
vt 0.11251442 0.74522704
vt 0.07113829 0.66686887
vt 0.11219102 0.82261115
vt 0.10225275 0.74820620
vt 0.10234670 0.82041663
vt 0.10237165 0.81804222
vt 0.06874655 0.66575605
vt 0.10246558 0.89025265
vt 0.10193445 0.74820620
vt 0.10223091 0.81936890
vt 0.06871226 0.66607916
vt 0.10533644 0.78183740
vt 0.10543038 0.85404783
vt 0.10519835 0.84954613
vt 0.07398991 0.71442318
vt 0.10529229 0.92175657
vt 0.10174646 0.78183740
vt 0.10174646 0.85088617
vt 0.07314913 0.71474957
vt 0.10533421 0.78024656
vt 0.10542816 0.85245699
vt 0.10519782 0.85116762
vt 0.07398979 0.71481812
vt 0.10529176 0.92337799
vt 0.10174646 0.78024656
vt 0.10174646 0.85251123
vt 0.07314913 0.71514541
vt 0.03261605 0.81646889
vt 0.03252211 0.74425852
vt 0.03275331 0.88018256
vt 0.07439729 0.67537534
vt 0.03265937 0.80797219
vt 0.03600207 0.74425852
vt 0.07521148 0.67570215
vt 0.03600207 0.80931389
vt 0.03261605 0.81646889
vt 0.03252211 0.74425852
vt 0.03275331 0.88018256
vt 0.07439729 0.67537534
vt 0.03265937 0.80797219
vt 0.03600207 0.74425852
vt 0.07521148 0.67570215
vt 0.03600207 0.80931389
vt 0.03261605 0.85593587
vt 0.03252211 0.78372550
vt 0.03275331 0.93780464
vt 0.07439729 0.68941057
vt 0.03265937 0.86559427
vt 0.03600207 0.78372550
vt 0.07521148 0.68973726
vt 0.03600207 0.86693549
vt 0.03261605 0.85593587
vt 0.03252211 0.78372550
vt 0.03275331 0.93780464
vt 0.07439729 0.68941057
vt 0.03265937 0.86559427
vt 0.03600207 0.78372550
vt 0.07521148 0.68973726
vt 0.03600207 0.86693549
vt 0.03261605 0.81357664
vt 0.03252211 0.74136627
vt 0.03275331 0.88910633
vt 0.07439729 0.67754894
vt 0.03265937 0.81689596
vt 0.03600207 0.74136627
vt 0.07521148 0.67787570
vt 0.03600207 0.81823742
vt 0.03261605 0.81357664
vt 0.03252211 0.74136627
vt 0.03275331 0.88910633
vt 0.07439729 0.67754894
vt 0.03265937 0.81689596
vt 0.03600207 0.74136627
vt 0.07521148 0.67787570
vt 0.03600207 0.81823742
vt 0.03261605 0.87073660
vt 0.03252211 0.79852617
vt 0.03275331 0.94626629
vt 0.07439729 0.69147164
vt 0.03265937 0.87405586
vt 0.03600207 0.79852617
vt 0.07521148 0.69179845
vt 0.03600207 0.87539768
vt 0.03261605 0.87073660
vt 0.03252211 0.79852617
vt 0.03275331 0.94626629
vt 0.07439729 0.69147164
vt 0.03265937 0.87405586
vt 0.03600207 0.79852617
vt 0.07521148 0.69179845
vt 0.03600207 0.87539768
vt 0.44095692 0.61516643
vt 0.45361835 0.99665558
vt 0.47227317 0.99665558
vt 0.44903880 0.61516643
vt 0.44095692 0.61516643
vt 0.45118064 0.96299917
vt 0.45361835 0.99665558
vt 0.46728733 0.96299917
vt 0.47227317 0.99665558
vt 0.44903880 0.61516643
vt 0.44095692 0.52477759
vt 0.44903880 0.52477759
vt 0.44095692 0.52477759
vt 0.45118064 0.78285903
vt 0.46728733 0.78285903
vt 0.44903880 0.52477759
vt 0.44522405 0.99665558
vt 0.43732026 0.61516643
vt 0.44393292 0.96299917
vt 0.44522405 0.99665558
vt 0.43732026 0.61516643
vt 0.43732026 0.52477759
vt 0.44393292 0.78285903
vt 0.43732026 0.52477759
vt 0.41810831 0.99665558
vt 0.42557284 0.61516643
vt 0.41749099 0.61516643
vt 0.39945349 0.99665558
vt 0.42052102 0.96299917
vt 0.41810831 0.99665558
vt 0.42557284 0.61516643
vt 0.41749099 0.61516643
vt 0.40441430 0.96299917
vt 0.39945349 0.99665558
vt 0.42557284 0.52477759
vt 0.41749099 0.52477759
vt 0.42052102 0.78285903
vt 0.42557284 0.52477759
vt 0.41749099 0.52477759
vt 0.40441430 0.78285903
vt 0.42920956 0.61516643
vt 0.42650265 0.99665558
vt 0.42920956 0.61516643
vt 0.42776874 0.96299917
vt 0.42650265 0.99665558
vt 0.42920956 0.52477759
vt 0.42920956 0.52477759
vt 0.42776874 0.78285903
vt 0.44095692 0.61516601
vt 0.45361835 0.99665463
vt 0.47227317 0.99665463
vt 0.44903880 0.61516601
vt 0.44095692 0.61516583
vt 0.45118064 0.96299803
vt 0.45361835 0.99665421
vt 0.46728733 0.96299803
vt 0.47227317 0.99665421
vt 0.44903880 0.61516583
vt 0.44095692 0.52477700
vt 0.44903880 0.52477700
vt 0.44095692 0.52477682
vt 0.45118064 0.78285748
vt 0.46728733 0.78285748
vt 0.44903880 0.52477682
vt 0.44522405 0.99665463
vt 0.43732026 0.61516601
vt 0.44393292 0.96299803
vt 0.44522405 0.99665421
vt 0.43732026 0.61516583
vt 0.43732026 0.52477700
vt 0.44393292 0.78285748
vt 0.43732026 0.52477682
vt 0.41810831 0.99665463
vt 0.42557284 0.61516601
vt 0.41749099 0.61516601
vt 0.39945349 0.99665463
vt 0.42052102 0.96299803
vt 0.41810831 0.99665421
vt 0.42557284 0.61516583
vt 0.41749099 0.61516583
vt 0.40441430 0.96299803
vt 0.39945349 0.99665421
vt 0.42557284 0.52477700
vt 0.41749099 0.52477700
vt 0.42052102 0.78285748
vt 0.42557284 0.52477682
vt 0.41749099 0.52477682
vt 0.40441430 0.78285748
vt 0.42920956 0.61516601
vt 0.42650265 0.99665463
vt 0.42920956 0.61516583
vt 0.42776874 0.96299803
vt 0.42650265 0.99665421
vt 0.42920956 0.52477700
vt 0.42920956 0.52477682
vt 0.42776874 0.78285748
vt 0.41255704 0.60702717
vt 0.38664222 0.99636084
vt 0.41255704 0.60702717
vt 0.38664222 0.99636084
vt 0.41255704 0.50386649
vt 0.41255704 0.50386673
vt 0.38561508 0.74118435
vt 0.40805814 0.50386649
vt 0.38561508 0.74118477
vt 0.40805814 0.50386673
vt 0.38561508 0.94677812
vt 0.40805814 0.60702717
vt 0.37625769 0.99636084
vt 0.38561508 0.94677812
vt 0.40805814 0.60702717
vt 0.37625769 0.99636084
vt 0.41255704 0.60702705
vt 0.38664222 0.99636042
vt 0.41255704 0.60702705
vt 0.38664222 0.99636042
vt 0.41255704 0.50386631
vt 0.41255704 0.50386631
vt 0.38561508 0.74118394
vt 0.40805814 0.50386631
vt 0.38561508 0.74118394
vt 0.40805814 0.50386631
vt 0.38561508 0.94677776
vt 0.40805814 0.60702705
vt 0.37625769 0.99636042
vt 0.38561508 0.94677776
vt 0.40805814 0.60702705
vt 0.37625769 0.99636042
vt 0.45389357 0.60702717
vt 0.48205674 0.99636084
vt 0.45389357 0.60702717
vt 0.48205674 0.99636084
vt 0.45389357 0.50386673
vt 0.45389357 0.50386673
vt 0.45839232 0.50386673
vt 0.48592842 0.74118477
vt 0.45839232 0.50386673
vt 0.48592842 0.74118477
vt 0.45839232 0.60702717
vt 0.49244082 0.99636084
vt 0.48592842 0.94677812
vt 0.45839232 0.60702717
vt 0.49244082 0.99636084
vt 0.48592842 0.94677812
vt 0.45389357 0.60702705
vt 0.48205674 0.99636042
vt 0.45389357 0.60702705
vt 0.48205674 0.99636042
vt 0.45389357 0.50386631
vt 0.45389357 0.50386631
vt 0.45839232 0.50386631
vt 0.48592842 0.74118394
vt 0.45839232 0.50386631
vt 0.48592842 0.74118394
vt 0.45839232 0.60702705
vt 0.49244082 0.99636042
vt 0.48592842 0.94677776
vt 0.45839232 0.60702705
vt 0.49244082 0.99636042
vt 0.48592842 0.94677776
f 3975/3975 27/27 2/2
f 3975/3975 2/2 5/5
f 23/23 9/9 7/7
f 23/23 7/7 17/17
f 16/16 4/4 1/1
f 16/16 1/1 12/12
f 21/21 8/8 10/10
f 21/21 10/10 24/24
f 24/24 18/18 19/19
f 24/24 19/19 22/22
f 21/21 24/24 22/22
f 21/21 22/22 20/20
f 3977/3977 3974/3974 26/26
f 3977/3977 26/26 28/28
f 46/46 40/40 29/29
f 46/46 29/29 32/32
f 11/11 33/33 36/36
f 11/11 36/36 14/14
f 43/43 45/45 31/31
f 43/43 31/31 30/30
f 45/45 44/44 41/41
f 45/45 41/41 39/39
f 43/43 42/42 44/44
f 43/43 44/44 45/45
f 51/51 47/47 49/49
f 51/51 49/49 55/55
f 53/53 65/65 59/59
f 53/53 59/59 48/48
f 38/38 34/34 25/25
f 38/38 25/25 3972/3972
f 56/56 60/60 68/68
f 56/56 68/68 57/57
f 63/63 3990/3990 61/61
f 63/63 61/61 58/58
f 66/66 67/67 68/68
f 66/66 68/68 60/60
f 114/114 91/91 119/119
f 120/120 94/94 87/87
f 120/120 87/87 126/126
f 125/125 85/85 75/75
f 92/92 115/115 134/134
f 92/92 134/134 110/110
f 81/81 104/104 97/97
f 81/81 97/97 71/71
f 89/89 102/102 105/105
f 89/89 105/105 82/82
f 78/78 100/100 101/101
f 78/78 101/101 88/88
f 70/70 96/96 99/99
f 70/70 99/99 77/77
f 104/104 128/128 109/109
f 104/104 109/109 97/97
f 128/128 125/125 75/75
f 128/128 75/75 109/109
f 103/103 124/124 130/130
f 103/103 130/130 106/106
f 123/123 121/121 127/127
f 123/123 127/127 129/129
f 100/100 118/118 122/122
f 100/100 122/122 101/101
f 118/118 114/114 119/119
f 118/118 119/119 122/122
f 95/95 107/107 116/116
f 95/95 116/116 98/98
f 108/108 72/72 112/112
f 108/108 112/112 117/117
f 74/74 84/84 79/79
f 74/74 79/79 132/132
f 113/113 73/73 131/131
f 113/113 131/131 133/133
f 86/86 93/93 111/111
f 86/86 111/111 80/80
f 78/78 88/88 144/144
f 78/78 144/144 140/140
f 69/69 76/76 138/138
f 69/69 138/138 135/135
f 90/90 83/83 143/143
f 90/90 143/143 146/146
f 81/81 71/71 137/137
f 81/81 137/137 141/141
f 141/141 137/137 148/148
f 141/141 148/148 153/153
f 140/140 144/144 156/156
f 140/140 156/156 151/151
f 145/145 142/142 154/154
f 145/145 154/154 157/157
f 136/136 139/139 150/150
f 136/136 150/150 147/147
f 152/152 158/158 155/155
f 152/152 155/155 149/149
f 206/206 184/184 216/216
f 214/214 181/181 174/174
f 214/214 174/174 222/222
f 223/223 176/176 162/162
f 183/183 204/204 229/229
f 183/183 229/229 203/203
f 173/173 198/198 185/185
f 173/173 185/185 159/159
f 178/178 193/193 197/197
f 178/178 197/197 172/172
f 165/165 189/189 195/195
f 165/165 195/195 179/179
f 160/160 186/186 190/190
f 160/160 190/190 167/167
f 198/198 226/226 199/199
f 198/198 199/199 185/185
f 226/226 223/223 162/162
f 226/226 162/162 199/199
f 192/192 217/217 224/224
f 192/192 224/224 196/196
f 218/218 213/213 221/221
f 218/218 221/221 225/225
f 188/188 209/209 219/219
f 188/188 219/219 194/194
f 210/210 205/205 215/215
f 210/210 215/215 220/220
f 187/187 201/201 212/212
f 187/187 212/212 191/191
f 200/200 164/164 208/208
f 200/200 208/208 211/211
f 162/162 176/176 170/170
f 162/162 170/170 227/227
f 207/207 163/163 228/228
f 207/207 228/228 230/230
f 175/175 182/182 202/202
f 175/175 202/202 169/169
f 166/166 180/180 243/243
f 166/166 243/243 234/234
f 161/161 168/168 237/237
f 161/161 237/237 233/233
f 177/177 171/171 238/238
f 177/177 238/238 241/241
f 173/173 159/159 231/231
f 173/173 231/231 240/240
f 240/240 231/231 246/246
f 240/240 246/246 253/253
f 235/235 244/244 256/256
f 235/235 256/256 249/249
f 242/242 239/239 252/252
f 242/242 252/252 255/255
f 232/232 236/236 250/250
f 232/232 250/250 247/247
f 248/248 254/254 251/251
f 248/248 251/251 245/245
f 261/261 258/258 275/275
f 261/261 275/275 265/265
f 266/266 276/276 273/273
f 266/266 273/273 269/269
f 260/260 263/263 268/268
f 260/260 268/268 272/272
f 257/257 259/259 271/271
f 257/257 271/271 274/274
f 264/264 262/262 267/267
f 264/264 267/267 270/270
f 281/281 278/278 295/295
f 281/281 295/295 285/285
f 286/286 296/296 293/293
f 286/286 293/293 289/289
f 280/280 283/283 288/288
f 280/280 288/288 292/292
f 277/277 279/279 291/291
f 277/277 291/291 294/294
f 284/284 282/282 287/287
f 284/284 287/287 290/290
f 302/302 297/297 314/314
f 302/302 314/314 306/306
f 307/307 315/315 312/312
f 307/307 312/312 310/310
f 299/299 304/304 309/309
f 299/299 309/309 311/311
f 298/298 300/300 313/313
f 298/298 313/313 316/316
f 303/303 301/301 305/305
f 303/303 305/305 308/308
f 322/322 317/317 334/334
f 322/322 334/334 326/326
f 327/327 335/335 332/332
f 327/327 332/332 330/330
f 319/319 324/324 329/329
f 319/319 329/329 331/331
f 318/318 320/320 333/333
f 318/318 333/333 336/336
f 323/323 321/321 325/325
f 323/323 325/325 328/328
f 1318/1318 721/721 452/452
f 1318/1318 452/452 1059/1059
f 785/785 399/399 344/344
f 785/785 344/344 725/725
f 778/778 391/391 348/348
f 778/778 348/348 730/730
f 769/769 384/384 351/351
f 769/769 351/351 733/733
f 761/761 376/376 354/354
f 761/761 354/354 737/737
f 758/758 718/718 448/448
f 758/758 448/448 503/503
f 766/766 380/380 358/358
f 766/766 358/358 742/742
f 774/774 387/387 362/362
f 774/774 362/362 746/746
f 782/782 395/395 366/366
f 782/782 366/366 750/750
f 723/723 342/342 370/370
f 723/723 370/370 753/753
f 740/740 355/355 374/374
f 740/740 374/374 760/760
f 743/743 359/359 377/377
f 743/743 377/377 763/763
f 736/736 352/352 381/381
f 736/736 381/381 768/768
f 748/748 363/363 385/385
f 748/748 385/385 772/772
f 731/731 349/349 388/388
f 731/731 388/388 775/775
f 752/752 367/367 392/392
f 752/752 392/392 780/780
f 728/728 345/345 396/396
f 728/728 396/396 784/784
f 756/756 371/371 400/400
f 756/756 400/400 788/788
f 812/812 790/790 401/401
f 812/812 401/401 413/413
f 795/795 592/592 580/580
f 795/795 580/580 807/807
f 806/806 814/814 419/419
f 806/806 419/419 424/424
f 816/816 798/798 404/404
f 816/816 404/404 420/420
f 799/799 801/801 415/415
f 799/799 415/415 405/405
f 803/803 809/809 412/412
f 803/803 412/412 416/416
f 719/719 339/339 403/403
f 719/719 403/403 791/791
f 340/340 938/938 411/411
f 340/340 411/411 427/427
f 1315/1315 1055/1055 591/591
f 1315/1315 591/591 794/794
f 343/343 398/398 427/427
f 343/343 427/427 422/422
f 347/347 390/390 423/423
f 347/347 423/423 408/408
f 350/350 383/383 407/407
f 350/350 407/407 418/418
f 353/353 375/375 418/418
f 353/353 418/418 414/414
f 428/428 563/563 596/596
f 428/428 596/596 506/506
f 356/356 378/378 417/417
f 361/361 386/386 407/407
f 364/364 393/393 421/421
f 369/369 340/340 427/427
f 372/372 353/353 414/414
f 375/375 357/357 418/418
f 379/379 350/350 418/418
f 382/382 360/360 406/406
f 386/386 346/346 407/407
f 389/389 365/365 422/422
f 394/394 343/343 422/422
f 397/397 368/368 426/426
f 1210/1210 1058/1058 451/451
f 1210/1210 451/451 621/621
f 893/893 833/833 435/435
f 893/893 435/435 556/556
f 884/884 836/836 438/438
f 884/884 438/438 542/542
f 877/877 841/841 442/442
f 877/877 442/442 526/526
f 868/868 844/844 445/445
f 868/868 445/445 510/510
f 872/872 848/848 477/477
f 872/872 477/477 522/522
f 881/881 853/853 485/485
f 881/881 485/485 538/538
f 888/888 856/856 493/493
f 888/888 493/493 553/553
f 822/822 860/860 500/500
f 822/822 500/500 433/433
f 846/846 866/866 508/508
f 846/846 508/508 446/446
f 850/850 870/870 511/511
f 850/850 511/511 478/478
f 843/843 875/875 523/523
f 843/843 523/523 443/443
f 855/855 879/879 527/527
f 855/855 527/527 486/486
f 839/839 883/883 539/539
f 839/839 539/539 439/439
f 858/858 886/886 543/543
f 858/858 543/543 494/494
f 835/835 891/891 554/554
f 835/835 554/554 436/436
f 863/863 895/895 557/557
f 863/863 557/557 501/501
f 910/910 595/595 562/562
f 910/910 562/562 824/824
f 695/695 707/707 581/581
f 695/695 581/581 593/593
f 828/828 614/614 606/606
f 828/828 606/606 912/912
f 915/915 607/607 565/565
f 915/915 565/565 901/901
f 903/903 566/566 601/601
f 903/903 601/601 905/905
f 906/906 602/602 594/594
f 906/906 594/594 908/908
f 820/820 827/827 564/564
f 820/820 564/564 430/430
f 431/431 616/616 573/573
f 431/431 573/573 1027/1027
f 1206/1206 693/693 590/590
f 1206/1206 590/590 1054/1054
f 434/434 608/608 616/616
f 434/434 616/616 555/555
f 437/437 567/567 608/608
f 437/437 608/608 540/540
f 441/441 605/605 569/569
f 441/441 569/569 524/524
f 444/444 596/596 603/603
f 444/444 603/603 509/509
f 373/373 338/338 717/717
f 373/373 717/717 757/757
f 476/476 604/604 521/521
f 483/483 568/568 537/537
f 491/491 608/608 552/552
f 499/499 616/616 431/431
f 506/506 596/596 444/444
f 509/509 603/603 475/475
f 520/520 603/603 440/440
f 525/525 570/570 484/484
f 536/536 567/567 437/437
f 541/541 609/609 492/492
f 552/552 608/608 434/434
f 555/555 616/616 499/499
f 1435/1435 897/897 694/694
f 1435/1435 694/694 1207/1207
f 450/450 577/577 691/691
f 450/450 691/691 619/619
f 600/600 704/704 710/710
f 600/600 710/710 611/611
f 585/585 700/700 702/702
f 585/585 702/702 598/598
f 589/589 715/715 697/697
f 589/589 697/697 583/583
f 579/579 706/706 714/714
f 579/579 714/714 587/587
f 898/898 830/830 708/708
f 898/898 708/708 696/696
f 613/613 712/712 690/690
f 613/613 690/690 575/575
f 498/498 561/561 688/688
f 498/498 688/688 656/656
f 466/466 551/551 684/684
f 466/466 684/684 628/628
f 490/490 547/547 680/680
f 490/490 680/680 652/652
f 462/462 535/535 676/676
f 462/462 676/676 632/632
f 482/482 531/531 672/672
f 482/482 672/672 648/648
f 457/457 518/518 668/668
f 457/457 668/668 636/636
f 474/474 515/515 664/664
f 474/474 664/664 644/644
f 470/470 505/505 659/659
f 470/470 659/659 639/639
f 454/454 496/496 654/654
f 454/454 654/654 624/624
f 548/548 487/487 650/650
f 548/548 650/650 682/682
f 532/532 479/479 645/645
f 532/532 645/645 673/673
f 517/517 472/472 642/642
f 517/517 642/642 666/666
f 657/657 617/617 817/817
f 657/657 817/817 864/864
f 513/513 468/468 638/638
f 513/513 638/638 662/662
f 528/528 455/455 634/634
f 528/528 634/634 670/670
f 545/545 460/460 629/629
f 545/545 629/629 677/677
f 559/559 464/464 625/625
f 559/559 625/625 685/685
f 1438/1438 1211/1211 622/622
f 1438/1438 622/622 821/821
f 936/936 1314/1314 793/793
f 936/936 793/793 409/409
f 449/449 720/720 792/792
f 449/449 792/792 576/576
f 599/599 610/610 810/810
f 599/599 810/810 804/804
f 584/584 597/597 802/802
f 584/584 802/802 800/800
f 588/588 582/582 797/797
f 588/588 797/797 815/815
f 578/578 586/586 813/813
f 578/578 813/813 805/805
f 410/410 796/796 808/808
f 410/410 808/808 425/425
f 612/612 574/574 789/789
f 612/612 789/789 811/811
f 497/497 755/755 787/787
f 497/497 787/787 560/560
f 465/465 727/727 783/783
f 465/465 783/783 550/550
f 489/489 751/751 779/779
f 489/489 779/779 546/546
f 461/461 732/732 776/776
f 461/461 776/776 534/534
f 481/481 747/747 771/771
f 481/481 771/771 530/530
f 458/458 735/735 767/767
f 458/458 767/767 519/519
f 473/473 744/744 764/764
f 473/473 764/764 514/514
f 469/469 739/739 759/759
f 469/469 759/759 504/504
f 453/453 724/724 754/754
f 453/453 754/754 495/495
f 549/549 781/781 749/749
f 549/549 749/749 488/488
f 533/533 773/773 745/745
f 533/533 745/745 480/480
f 516/516 765/765 741/741
f 516/516 741/741 471/471
f 447/447 618/618 658/658
f 447/447 658/658 502/502
f 512/512 762/762 738/738
f 512/512 738/738 467/467
f 529/529 770/770 734/734
f 529/529 734/734 456/456
f 544/544 777/777 729/729
f 544/544 729/729 459/459
f 558/558 786/786 726/726
f 558/558 726/726 463/463
f 939/939 341/341 722/722
f 939/939 722/722 1319/1319
f 1028/1028 1438/1438 821/821
f 1028/1028 821/821 432/432
f 572/572 615/615 831/831
f 572/572 831/831 899/899
f 1025/1025 571/571 896/896
f 1025/1025 896/896 1434/1434
f 620/620 692/692 826/826
f 620/620 826/826 819/819
f 703/703 907/907 909/909
f 703/703 909/909 709/709
f 699/699 902/902 904/904
f 699/699 904/904 701/701
f 716/716 914/914 900/900
f 716/716 900/900 698/698
f 705/705 829/829 913/913
f 705/705 913/913 713/713
f 711/711 911/911 825/825
f 711/711 825/825 689/689
f 655/655 687/687 894/894
f 655/655 894/894 862/862
f 627/627 683/683 890/890
f 627/627 890/890 834/834
f 651/651 679/679 887/887
f 651/651 887/887 859/859
f 631/631 675/675 882/882
f 631/631 882/882 838/838
f 647/647 671/671 878/878
f 647/647 878/878 854/854
f 635/635 667/667 874/874
f 635/635 874/874 842/842
f 643/643 663/663 871/871
f 643/643 871/871 851/851
f 640/640 660/660 867/867
f 640/640 867/867 847/847
f 337/337 372/372 414/414
f 337/337 414/414 402/402
f 623/623 653/653 861/861
f 623/623 861/861 823/823
f 681/681 649/649 857/857
f 681/681 857/857 889/889
f 674/674 646/646 852/852
f 674/674 852/852 880/880
f 665/665 641/641 849/849
f 665/665 849/849 873/873
f 865/865 818/818 429/429
f 865/865 429/429 507/507
f 661/661 637/637 845/845
f 661/661 845/845 869/869
f 669/669 633/633 840/840
f 669/669 840/840 876/876
f 678/678 630/630 837/837
f 678/678 837/837 885/885
f 686/686 626/626 832/832
f 686/686 832/832 892/892
f 1317/1317 1057/1057 1037/1037
f 1317/1317 1037/1037 1325/1325
f 1389/1389 1329/1329 923/923
f 1389/1389 923/923 978/978
f 1380/1380 1332/1332 926/926
f 1380/1380 926/926 971/971
f 1373/1373 1337/1337 930/930
f 1373/1373 930/930 964/964
f 1365/1365 1341/1341 934/934
f 1365/1365 934/934 958/958
f 1360/1360 1093/1093 1032/1032
f 1360/1360 1032/1032 1312/1312
f 1368/1368 1344/1344 942/942
f 1368/1368 942/942 961/961
f 1376/1376 1348/1348 945/945
f 1376/1376 945/945 968/968
f 1384/1384 1352/1352 948/948
f 1384/1384 948/948 975/975
f 1323/1323 1357/1357 952/952
f 1323/1323 952/952 919/919
f 1338/1338 1358/1358 954/954
f 1338/1338 954/954 933/933
f 1343/1343 1363/1363 957/957
f 1343/1343 957/957 941/941
f 1334/1334 1366/1366 960/960
f 1334/1334 960/960 929/929
f 1346/1346 1370/1370 963/963
f 1346/1346 963/963 944/944
f 1331/1331 1375/1375 967/967
f 1331/1331 967/967 925/925
f 1350/1350 1378/1378 970/970
f 1350/1350 970/970 947/947
f 1326/1326 1382/1382 974/974
f 1326/1326 974/974 922/922
f 1354/1354 1386/1386 977/977
f 1354/1354 977/977 951/951
f 1411/1411 992/992 982/982
f 1411/1411 982/982 1393/1393
f 1395/1395 1407/1407 1166/1166
f 1395/1395 1166/1166 1178/1178
f 1409/1409 1005/1005 1002/1002
f 1409/1409 1002/1002 1417/1417
f 1415/1415 1001/1001 987/987
f 1415/1415 987/987 1401/1401
f 1399/1399 986/986 997/997
f 1399/1399 997/997 1405/1405
f 1403/1403 996/996 993/993
f 1403/1403 993/993 1413/1413
f 1310/1310 1390/1390 980/980
f 1310/1310 980/980 916/916
f 921/921 1003/1003 988/988
f 921/921 988/988 938/938
f 1321/1321 1397/1397 1179/1179
f 1321/1321 1179/1179 1060/1060
f 924/924 1000/1000 1003/1003
f 924/924 1003/1003 979/979
f 927/927 983/983 998/998
f 927/927 998/998 972/972
f 931/931 994/994 984/984
f 931/931 984/984 965/965
f 935/935 991/991 995/995
f 935/935 995/995 959/959
f 1008/1008 1097/1097 1181/1181
f 1008/1008 1181/1181 1150/1150
f 943/943 995/995 962/962
f 946/946 985/985 969/969
f 950/950 1000/1000 976/976
f 953/953 1003/1003 921/921
f 956/956 991/991 935/935
f 959/959 995/995 943/943
f 962/962 995/995 932/932
f 966/966 985/985 946/946
f 969/969 985/985 928/928
f 973/973 999/999 949/949
f 976/976 1000/1000 924/924
f 979/979 1003/1003 953/953
f 1209/1209 1217/1217 1036/1036
f 1209/1209 1036/1036 1056/1056
f 1501/1501 1143/1143 1013/1013
f 1501/1501 1013/1013 1442/1442
f 1495/1495 1129/1129 1016/1016
f 1495/1495 1016/1016 1447/1447
f 1486/1486 1113/1113 1019/1019
f 1486/1486 1019/1019 1450/1450
f 1479/1479 1099/1099 1023/1023
f 1479/1479 1023/1023 1455/1455
f 1483/1483 1110/1110 1067/1067
f 1483/1483 1067/1067 1459/1459
f 1490/1490 1125/1125 1074/1074
f 1490/1490 1074/1074 1462/1462
f 1498/1498 1140/1140 1082/1082
f 1498/1498 1082/1082 1467/1467
f 1423/1423 1009/1009 1089/1089
f 1423/1423 1089/1089 1471/1471
f 1453/1453 1022/1022 1095/1095
f 1453/1453 1095/1095 1473/1473
f 1457/1457 1066/1066 1098/1098
f 1457/1457 1098/1098 1477/1477
f 1448/1448 1018/1018 1109/1109
f 1448/1448 1109/1109 1480/1480
f 1460/1460 1073/1073 1112/1112
f 1460/1460 1112/1112 1484/1484
f 1445/1445 1015/1015 1124/1124
f 1445/1445 1124/1124 1489/1489
f 1465/1465 1081/1081 1128/1128
f 1465/1465 1128/1128 1493/1493
f 1441/1441 1012/1012 1139/1139
f 1441/1441 1139/1139 1496/1496
f 1468/1468 1088/1088 1142/1142
f 1468/1468 1142/1142 1499/1499
f 1515/1515 1428/1428 1151/1151
f 1515/1515 1151/1151 1182/1182
f 1287/1287 1177/1177 1165/1165
f 1287/1287 1165/1165 1299/1299
f 1432/1432 1521/1521 1194/1194
f 1432/1432 1194/1194 1201/1201
f 1520/1520 1510/1510 1157/1157
f 1520/1520 1157/1157 1193/1193
f 1507/1507 1513/1513 1191/1191
f 1507/1507 1191/1191 1156/1156
f 1512/1512 1518/1518 1183/1183
f 1512/1512 1183/1183 1190/1190
f 1418/1418 1006/1006 1149/1149
f 1418/1418 1149/1149 1426/1426
f 1011/1011 1027/1027 1158/1158
f 1011/1011 1158/1158 1199/1199
f 1213/1213 1061/1061 1180/1180
f 1213/1213 1180/1180 1289/1289
f 1014/1014 1144/1144 1199/1199
f 1014/1014 1199/1199 1192/1192
f 1017/1017 1130/1130 1192/1192
f 1017/1017 1192/1192 1155/1155
f 1020/1020 1115/1115 1153/1153
f 1020/1020 1153/1153 1188/1188
f 1024/1024 1100/1100 1189/1189
f 1024/1024 1189/1189 1181/1181
f 955/955 1361/1361 1313/1313
f 955/955 1313/1313 917/917
f 1068/1068 1111/1111 1189/1189
f 1076/1076 1126/1126 1154/1154
f 1083/1083 1141/1141 1192/1192
f 1090/1090 1011/1011 1199/1199
f 1097/1097 1024/1024 1181/1181
f 1100/1100 1068/1068 1189/1189
f 1111/1111 1021/1021 1189/1189
f 1114/1114 1075/1075 1152/1152
f 1127/1127 1017/1017 1155/1155
f 1130/1130 1083/1083 1192/1192
f 1141/1141 1014/1014 1192/1192
f 1144/1144 1090/1090 1199/1199
f 1439/1439 1212/1212 1288/1288
f 1439/1439 1288/1288 1505/1505
f 1030/1030 1203/1203 1283/1283
f 1030/1030 1283/1283 1161/1161
f 1184/1184 1197/1197 1305/1305
f 1184/1184 1305/1305 1295/1295
f 1169/1169 1186/1186 1296/1296
f 1169/1169 1296/1296 1290/1290
f 1173/1173 1171/1171 1292/1292
f 1173/1173 1292/1292 1306/1306
f 1167/1167 1175/1175 1308/1308
f 1167/1167 1308/1308 1300/1300
f 1504/1504 1286/1286 1298/1298
f 1504/1504 1298/1298 1431/1431
f 1195/1195 1163/1163 1284/1284
f 1195/1195 1284/1284 1302/1302
f 1084/1084 1246/1246 1278/1278
f 1084/1084 1278/1278 1145/1145
f 1046/1046 1218/1218 1274/1274
f 1046/1046 1274/1274 1135/1135
f 1077/1077 1242/1242 1270/1270
f 1077/1077 1270/1270 1131/1131
f 1043/1043 1223/1223 1267/1267
f 1043/1043 1267/1267 1121/1121
f 1069/1069 1238/1238 1262/1262
f 1069/1069 1262/1262 1116/1116
f 1039/1039 1226/1226 1258/1258
f 1039/1039 1258/1258 1106/1106
f 1062/1062 1234/1234 1254/1254
f 1062/1062 1254/1254 1101/1101
f 1050/1050 1231/1231 1251/1251
f 1050/1050 1251/1251 1091/1091
f 1034/1034 1214/1214 1248/1248
f 1034/1034 1248/1248 1086/1086
f 1138/1138 1276/1276 1244/1244
f 1138/1138 1244/1244 1080/1080
f 1123/1123 1269/1269 1241/1241
f 1123/1123 1241/1241 1072/1072
f 1107/1107 1260/1260 1236/1236
f 1107/1107 1236/1236 1064/1064
f 1253/1253 1475/1475 1421/1421
f 1253/1253 1421/1421 1205/1205
f 1103/1103 1256/1256 1232/1232
f 1103/1103 1232/1232 1052/1052
f 1119/1119 1264/1264 1228/1228
f 1119/1119 1228/1228 1041/1041
f 1133/1133 1273/1273 1225/1225
f 1133/1133 1225/1225 1044/1044
f 1147/1147 1281/1281 1221/1221
f 1147/1147 1221/1221 1048/1048
f 1436/1436 1424/1424 1216/1216
f 1436/1436 1216/1216 1208/1208
f 940/940 990/990 1396/1396
f 940/940 1396/1396 1320/1320
f 1031/1031 1162/1162 1391/1391
f 1031/1031 1391/1391 1311/1311
f 1185/1185 1402/1402 1412/1412
f 1185/1185 1412/1412 1198/1198
f 1170/1170 1398/1398 1404/1404
f 1170/1170 1404/1404 1187/1187
f 1174/1174 1414/1414 1400/1400
f 1174/1174 1400/1400 1172/1172
f 1168/1168 1408/1408 1416/1416
f 1168/1168 1416/1416 1176/1176
f 989/989 1004/1004 1406/1406
f 989/989 1406/1406 1394/1394
f 1196/1196 1410/1410 1392/1392
f 1196/1196 1392/1392 1164/1164
f 1085/1085 1146/1146 1387/1387
f 1085/1085 1387/1387 1355/1355
f 1047/1047 1136/1136 1383/1383
f 1047/1047 1383/1383 1327/1327
f 1078/1078 1132/1132 1379/1379
f 1078/1078 1379/1379 1351/1351
f 1042/1042 1120/1120 1374/1374
f 1042/1042 1374/1374 1330/1330
f 1070/1070 1117/1117 1371/1371
f 1070/1070 1371/1371 1347/1347
f 1038/1038 1105/1105 1367/1367
f 1038/1038 1367/1367 1335/1335
f 1063/1063 1102/1102 1362/1362
f 1063/1063 1362/1362 1342/1342
f 1051/1051 1092/1092 1359/1359
f 1051/1051 1359/1359 1339/1339
f 1035/1035 1087/1087 1356/1356
f 1035/1035 1356/1356 1322/1322
f 1137/1137 1079/1079 1353/1353
f 1137/1137 1353/1353 1385/1385
f 1122/1122 1071/1071 1349/1349
f 1122/1122 1349/1349 1377/1377
f 1108/1108 1065/1065 1345/1345
f 1108/1108 1345/1345 1369/1369
f 1033/1033 1094/1094 1252/1252
f 1033/1033 1252/1252 1204/1204
f 1104/1104 1053/1053 1340/1340
f 1104/1104 1340/1340 1364/1364
f 1118/1118 1040/1040 1336/1336
f 1118/1118 1336/1336 1372/1372
f 1134/1134 1045/1045 1333/1333
f 1134/1134 1333/1333 1381/1381
f 1148/1148 1049/1049 1328/1328
f 1148/1148 1328/1328 1388/1388
f 937/937 1316/1316 1324/1324
f 937/937 1324/1324 920/920
f 1026/1026 1010/1010 1425/1425
f 1026/1026 1425/1425 1437/1437
f 1159/1159 1503/1503 1430/1430
f 1159/1159 1430/1430 1200/1200
f 1029/1029 1440/1440 1506/1506
f 1029/1029 1506/1506 1160/1160
f 1202/1202 1419/1419 1427/1427
f 1202/1202 1427/1427 1282/1282
f 1294/1294 1304/1304 1517/1517
f 1294/1294 1517/1517 1511/1511
f 1291/1291 1297/1297 1514/1514
f 1291/1291 1514/1514 1508/1508
f 1307/1307 1293/1293 1509/1509
f 1307/1307 1509/1509 1519/1519
f 1301/1301 1309/1309 1522/1522
f 1301/1301 1522/1522 1433/1433
f 1303/1303 1285/1285 1429/1429
f 1303/1303 1429/1429 1516/1516
f 1247/1247 1469/1469 1500/1500
f 1247/1247 1500/1500 1279/1279
f 1219/1219 1441/1441 1496/1496
f 1219/1219 1496/1496 1275/1275
f 1243/1243 1464/1464 1492/1492
f 1243/1243 1492/1492 1271/1271
f 1222/1222 1444/1444 1488/1488
f 1222/1222 1488/1488 1266/1266
f 1239/1239 1461/1461 1485/1485
f 1239/1239 1485/1485 1263/1263
f 1227/1227 1449/1449 1481/1481
f 1227/1227 1481/1481 1259/1259
f 1235/1235 1456/1456 1476/1476
f 1235/1235 1476/1476 1255/1255
f 1230/1230 1452/1452 1472/1472
f 1230/1230 1472/1472 1250/1250
f 918/918 981/981 991/991
f 918/918 991/991 956/956
f 1215/1215 1422/1422 1470/1470
f 1215/1215 1470/1470 1249/1249
f 1277/1277 1497/1497 1466/1466
f 1277/1277 1466/1466 1245/1245
f 1268/1268 1491/1491 1463/1463
f 1268/1268 1463/1463 1240/1240
f 1261/1261 1482/1482 1458/1458
f 1261/1261 1458/1458 1237/1237
f 1474/1474 1096/1096 1007/1007
f 1474/1474 1007/1007 1420/1420
f 1257/1257 1478/1478 1454/1454
f 1257/1257 1454/1454 1233/1233
f 1265/1265 1487/1487 1451/1451
f 1265/1265 1451/1451 1229/1229
f 1272/1272 1494/1494 1446/1446
f 1272/1272 1446/1446 1224/1224
f 1280/1280 1502/1502 1443/1443
f 1280/1280 1443/1443 1220/1220
f 1608/1608 1523/1523 1684/1684
f 1608/1608 1684/1684 1763/1763
f 1620/1620 1538/1538 1524/1524
f 1620/1620 1524/1524 1609/1609
f 1624/1624 1551/1551 1536/1536
f 1624/1624 1536/1536 1616/1616
f 1631/1631 1561/1561 1539/1539
f 1631/1631 1539/1539 1621/1621
f 1637/1637 1572/1572 1552/1552
f 1637/1637 1552/1552 1625/1625
f 1614/1614 1535/1535 1554/1554
f 1614/1614 1554/1554 1626/1626
f 1627/1627 1555/1555 1562/1562
f 1627/1627 1562/1562 1632/1632
f 1610/1610 1529/1529 1571/1571
f 1610/1610 1571/1571 1634/1634
f 1640/1640 1796/1796 1733/1733
f 1640/1640 1733/1733 1575/1575
f 1647/1647 1638/1638 1574/1574
f 1647/1647 1574/1574 1586/1586
f 1657/1657 1653/1653 1594/1594
f 1657/1657 1594/1594 1605/1605
f 1651/1651 1649/1649 1587/1587
f 1651/1651 1587/1587 1593/1593
f 1642/1642 1654/1654 1604/1604
f 1642/1642 1604/1604 1580/1580
f 1612/1612 1534/1534 1585/1585
f 1612/1612 1585/1585 1644/1644
f 1685/1685 1525/1525 1576/1576
f 1685/1685 1576/1576 1736/1736
f 1526/1526 1686/1686 1737/1737
f 1526/1526 1737/1737 1577/1577
f 1525/1525 1540/1540 1588/1588
f 1525/1525 1588/1588 1576/1576
f 1532/1532 1568/1568 1601/1601
f 1532/1532 1601/1601 1583/1583
f 1537/1537 1553/1553 1606/1606
f 1537/1537 1606/1606 1595/1595
f 1540/1540 1563/1563 1588/1588
f 1541/1541 1526/1526 1577/1577
f 1541/1541 1577/1577 1589/1589
f 1545/1545 1557/1557 1596/1596
f 1548/1548 1545/1545 1596/1596
f 1548/1548 1596/1596 1600/1600
f 1553/1553 1573/1573 1606/1606
f 1556/1556 1537/1537 1595/1595
f 1558/1558 1564/1564 1590/1590
f 1558/1558 1590/1590 1597/1597
f 1563/1563 1556/1556 1595/1595
f 1563/1563 1595/1595 1588/1588
f 1564/1564 1542/1542 1590/1590
f 1567/1567 1548/1548 1600/1600
f 1573/1573 1531/1531 1582/1582
f 1573/1573 1582/1582 1606/1606
f 1530/1530 1613/1613 1645/1645
f 1530/1530 1645/1645 1581/1581
f 1584/1584 1602/1602 1655/1655
f 1584/1584 1655/1655 1643/1643
f 1598/1598 1591/1591 1646/1646
f 1598/1598 1646/1646 1650/1650
f 1603/1603 1599/1599 1652/1652
f 1603/1603 1652/1652 1656/1656
f 1592/1592 1578/1578 1639/1639
f 1592/1592 1639/1639 1648/1648
f 1579/1579 1738/1738 1798/1798
f 1579/1579 1798/1798 1641/1641
f 1533/1533 1611/1611 1635/1635
f 1533/1533 1635/1635 1569/1569
f 1559/1559 1628/1628 1633/1633
f 1559/1559 1633/1633 1566/1566
f 1547/1547 1617/1617 1629/1629
f 1547/1547 1629/1629 1560/1560
f 1570/1570 1636/1636 1623/1623
f 1570/1570 1623/1623 1550/1550
f 1565/1565 1630/1630 1618/1618
f 1565/1565 1618/1618 1543/1543
f 1549/1549 1622/1622 1615/1615
f 1549/1549 1615/1615 1546/1546
f 1544/1544 1619/1619 1607/1607
f 1544/1544 1607/1607 1527/1527
f 1528/1528 1608/1608 1763/1763
f 1528/1528 1763/1763 1688/1688
f 1756/1756 1763/1763 1684/1684
f 1756/1756 1684/1684 1658/1658
f 1770/1770 1757/1757 1659/1659
f 1770/1770 1659/1659 1673/1673
f 1774/1774 1766/1766 1671/1671
f 1774/1774 1671/1671 1692/1692
f 1781/1781 1771/1771 1674/1674
f 1781/1781 1674/1674 1702/1702
f 1787/1787 1775/1775 1693/1693
f 1787/1787 1693/1693 1713/1713
f 1764/1764 1776/1776 1695/1695
f 1764/1764 1695/1695 1670/1670
f 1778/1778 1783/1783 1703/1703
f 1778/1778 1703/1703 1696/1696
f 1758/1758 1784/1784 1712/1712
f 1758/1758 1712/1712 1664/1664
f 1790/1790 1716/1716 1734/1734
f 1790/1790 1734/1734 1797/1797
f 1802/1802 1728/1728 1715/1715
f 1802/1802 1715/1715 1788/1788
f 1811/1811 1753/1753 1742/1742
f 1811/1811 1742/1742 1806/1806
f 1805/1805 1741/1741 1727/1727
f 1805/1805 1727/1727 1801/1801
f 1792/1792 1721/1721 1752/1752
f 1792/1792 1752/1752 1809/1809
f 1760/1760 1793/1793 1725/1725
f 1760/1760 1725/1725 1669/1669
f 1762/1762 1800/1800 1735/1735
f 1762/1762 1735/1735 1683/1683
f 1685/1685 1736/1736 1717/1717
f 1685/1685 1717/1717 1660/1660
f 1661/1661 1718/1718 1737/1737
f 1661/1661 1737/1737 1686/1686
f 1660/1660 1717/1717 1729/1729
f 1660/1660 1729/1729 1675/1675
f 1667/1667 1724/1724 1749/1749
f 1667/1667 1749/1749 1709/1709
f 1672/1672 1743/1743 1754/1754
f 1672/1672 1754/1754 1694/1694
f 1675/1675 1729/1729 1704/1704
f 1676/1676 1730/1730 1718/1718
f 1676/1676 1718/1718 1661/1661
f 1680/1680 1745/1745 1699/1699
f 1689/1689 1748/1748 1744/1744
f 1689/1689 1744/1744 1679/1679
f 1694/1694 1754/1754 1714/1714
f 1697/1697 1743/1743 1672/1672
f 1698/1698 1744/1744 1730/1730
f 1698/1698 1730/1730 1705/1705
f 1704/1704 1729/1729 1743/1743
f 1704/1704 1743/1743 1697/1697
f 1705/1705 1730/1730 1676/1676
f 1708/1708 1748/1748 1689/1689
f 1714/1714 1754/1754 1723/1723
f 1714/1714 1723/1723 1666/1666
f 1687/1687 1740/1740 1800/1800
f 1687/1687 1800/1800 1762/1762
f 1665/1665 1722/1722 1795/1795
f 1665/1665 1795/1795 1761/1761
f 1726/1726 1794/1794 1810/1810
f 1726/1726 1810/1810 1750/1750
f 1747/1747 1808/1808 1804/1804
f 1747/1747 1804/1804 1732/1732
f 1751/1751 1812/1812 1807/1807
f 1751/1751 1807/1807 1746/1746
f 1731/1731 1803/1803 1789/1789
f 1731/1731 1789/1789 1719/1719
f 1720/1720 1791/1791 1799/1799
f 1720/1720 1799/1799 1739/1739
f 1668/1668 1710/1710 1785/1785
f 1668/1668 1785/1785 1759/1759
f 1700/1700 1707/1707 1782/1782
f 1700/1700 1782/1782 1777/1777
f 1682/1682 1701/1701 1779/1779
f 1682/1682 1779/1779 1767/1767
f 1711/1711 1691/1691 1773/1773
f 1711/1711 1773/1773 1786/1786
f 1706/1706 1677/1677 1768/1768
f 1706/1706 1768/1768 1780/1780
f 1690/1690 1681/1681 1765/1765
f 1690/1690 1765/1765 1772/1772
f 1678/1678 1662/1662 1755/1755
f 1678/1678 1755/1755 1769/1769
f 1663/1663 1688/1688 1763/1763
f 1663/1663 1763/1763 1756/1756
f 1817/1817 1881/1881 1889/1889
f 1817/1817 1889/1889 1830/1830
f 1836/1836 1830/1830 1889/1889
f 1836/1836 1889/1889 1886/1886
f 1828/1828 1834/1834 1871/1871
f 1828/1828 1871/1871 1874/1874
f 1847/1847 1850/1850 1842/1842
f 1847/1847 1842/1842 1844/1844
f 1854/1854 1851/1851 1839/1839
f 1854/1854 1839/1839 1837/1837
f 1848/1848 1855/1855 1838/1838
f 1848/1848 1838/1838 1841/1841
f 1852/1852 1845/1845 1843/1843
f 1852/1852 1843/1843 1840/1840
f 1813/1813 1819/1819 1851/1851
f 1813/1813 1851/1851 1854/1854
f 1821/1821 1832/1832 1846/1846
f 1821/1821 1846/1846 1853/1853
f 1833/1833 1827/1827 1850/1850
f 1833/1833 1850/1850 1847/1847
f 1826/1826 1815/1815 1856/1856
f 1826/1826 1856/1856 1849/1849
f 1825/1825 1863/1863 1858/1858
f 1825/1825 1858/1858 1814/1814
f 1833/1833 1862/1862 1864/1864
f 1833/1833 1864/1864 1827/1827
f 1820/1820 1860/1860 1861/1861
f 1820/1820 1861/1861 1831/1831
f 1813/1813 1857/1857 1859/1859
f 1813/1813 1859/1859 1819/1819
f 1823/1823 1836/1836 1886/1886
f 1823/1823 1886/1886 1884/1884
f 1873/1873 1869/1869 1866/1866
f 1873/1873 1866/1866 1876/1876
f 1824/1824 1818/1818 1867/1867
f 1824/1824 1867/1867 1870/1870
f 1816/1816 1829/1829 1875/1875
f 1816/1816 1875/1875 1865/1865
f 1835/1835 1822/1822 1868/1868
f 1835/1835 1868/1868 1872/1872
f 1877/1877 1879/1879 1882/1882
f 1877/1877 1882/1882 1891/1891
f 1892/1892 1883/1883 1885/1885
f 1892/1892 1885/1885 1893/1893
f 1894/1894 1887/1887 1890/1890
f 1894/1894 1890/1890 1896/1896
f 1895/1895 1888/1888 1880/1880
f 1895/1895 1880/1880 1878/1878
f 1884/1884 1881/1881 1817/1817
f 1884/1884 1817/1817 1823/1823
f 1906/1906 1912/1912 1903/1903
f 1903/1903 1936/1936 1932/1932
f 1903/1903 1932/1932 1906/1906
f 1900/1900 1902/1902 1911/1911
f 1900/1900 1911/1911 1909/1909
f 1910/1910 1913/1913 1908/1908
f 1910/1910 1908/1908 1905/1905
f 1899/1899 1897/1897 1937/1937
f 1937/1937 1934/1934 1901/1901
f 1937/1937 1901/1901 1899/1899
f 1926/1926 1920/1920 1945/1945
f 1945/1945 1942/1942 1929/1929
f 1945/1945 1929/1929 1926/1926
f 1927/1927 1930/1930 1925/1925
f 1927/1927 1925/1925 1922/1922
f 1921/1921 1923/1923 1917/1917
f 1921/1921 1917/1917 1915/1915
f 1919/1919 1914/1914 1916/1916
f 1916/1916 1946/1946 1943/1943
f 1916/1916 1943/1943 1919/1919
f 1931/1931 1935/1935 1938/1938
f 1898/1898 1904/1904 1907/1907
f 1907/1907 1933/1933 1939/1939
f 1907/1907 1939/1939 1898/1898
f 1940/1940 1944/1944 1947/1947
f 1924/1924 1928/1928 1941/1941
f 1941/1941 1948/1948 1918/1918
f 1941/1941 1918/1918 1924/1924
f 2133/2133 1951/1951 1960/1960
f 1960/1960 1957/1957 2136/2136
f 2136/2136 1952/1952 2133/2133
f 1960/1960 2136/2136 2133/2133
f 2288/2288 2307/2307 1962/1962
f 2288/2288 1962/1962 2165/2165
f 2259/2259 2247/2247 2245/2245
f 2245/2245 2252/2252 2255/2255
f 2255/2255 2257/2257 2259/2259
f 2245/2245 2255/2255 2259/2259
f 1981/1981 1968/1968 1964/1964
f 1964/1964 1970/1970 1974/1974
f 1974/1974 1978/1978 1981/1981
f 1964/1964 1974/1974 1981/1981
f 3018/3018 3012/3012 3107/3107
f 3107/3107 3114/3114 3117/3117
f 3117/3117 1996/1996 3018/3018
f 3107/3107 3117/3117 3018/3018
f 2482/2482 1983/1983 2492/2492
f 2492/2492 2490/2490 2488/2488
f 2488/2488 2485/2485 2482/2482
f 2492/2492 2488/2488 2482/2482
f 3149/3149 3045/3045 3021/3021
f 3149/3149 3021/3021 3123/3123
f 3095/3095 2010/2010 1988/1988
f 3095/3095 1988/1988 3003/3003
f 1999/1999 2002/2002 2008/2008
f 2008/2008 2610/2610 2005/2005
f 2005/2005 2607/2607 1999/1999
f 2008/2008 2005/2005 1999/1999
f 2690/2690 2017/2017 2014/2014
f 2014/2014 2020/2020 2687/2687
f 2687/2687 2023/2023 2690/2690
f 2014/2014 2687/2687 2690/2690
f 2787/2787 2781/2781 2784/2784
f 2784/2784 2796/2796 2793/2793
f 2793/2793 2790/2790 2029/2029
f 2029/2029 2026/2026 2787/2787
f 2787/2787 2784/2784 2793/2793
f 2793/2793 2029/2029 2787/2787
f 2030/2030 2033/2033 2045/2045
f 2045/2045 2042/2042 2039/2039
f 2039/2039 2036/2036 2030/2030
f 2045/2045 2039/2039 2030/2030
f 2048/2048 2051/2051 2949/2949
f 2949/2949 2946/2946 2943/2943
f 2943/2943 2054/2054 2048/2048
f 2949/2949 2943/2943 2048/2048
f 2061/2061 2074/2074 3254/3254
f 2061/2061 3254/3254 3185/3185
f 2066/2066 2063/2063 2075/2075
f 2075/2075 2078/2078 2081/2081
f 2081/2081 3199/3199 2066/2066
f 2075/2075 2081/2081 2066/2066
f 2108/2108 2099/2099 2123/2123
f 2108/2108 2123/2123 2126/2126
f 2084/2084 2112/2112 2096/2096
f 2084/2084 2096/2096 2086/2086
f 2089/2089 2111/2111 2131/2131
f 2089/2089 2131/2131 2088/2088
f 2121/2121 2098/2098 2097/2097
f 2121/2121 2097/2097 2113/2113
f 2109/2109 2127/2127 2130/2130
f 2109/2109 2130/2130 2110/2110
f 2116/2116 2120/2120 1950/1950
f 2116/2116 1950/1950 2132/2132
f 2119/2119 2115/2115 2085/2085
f 2119/2119 2085/2085 2087/2087
f 2093/2093 2091/2091 2122/2122
f 2093/2093 2122/2122 2114/2114
f 2106/2106 2102/2102 2128/2128
f 2106/2106 2128/2128 2124/2124
f 2103/2103 2119/2119 2087/2087
f 2103/2103 2087/2087 2129/2129
f 2091/2091 2107/2107 2125/2125
f 2091/2091 2125/2125 2122/2122
f 2115/2115 2093/2093 2114/2114
f 2115/2115 2114/2114 2085/2085
f 2095/2095 2117/2117 2134/2134
f 2095/2095 2134/2134 1954/1954
f 2118/2118 2100/2100 1958/1958
f 2118/2118 1958/1958 1949/1949
f 2092/2092 2094/2094 1953/1953
f 2092/2092 1953/1953 2137/2137
f 2105/2105 2090/2090 2135/2135
f 2105/2105 2135/2135 1956/1956
f 2101/2101 2104/2104 1955/1955
f 2101/2101 1955/1955 1959/1959
f 2150/2150 2152/2152 2156/2156
f 2150/2150 2156/2156 2154/2154
f 2151/2151 2155/2155 2153/2153
f 2151/2151 2153/2153 2157/2157
f 2138/2138 2144/2144 2143/2143
f 2138/2138 2143/2143 2149/2149
f 2147/2147 2141/2141 2148/2148
f 2147/2147 2148/2148 2142/2142
f 2139/2139 2140/2140 2146/2146
f 2139/2139 2146/2146 2145/2145
f 2160/2160 2170/2170 2179/2179
f 2160/2160 2179/2179 2159/2159
f 2168/2168 2176/2176 2178/2178
f 2168/2168 2178/2178 2169/2169
f 2310/2310 2305/2305 2182/2182
f 2182/2182 2185/2185 1963/1963
f 1963/1963 2308/2308 2310/2310
f 2182/2182 1963/1963 2310/2310
f 2166/2166 2163/2163 2177/2177
f 2166/2166 2177/2177 2174/2174
f 2163/2163 2172/2172 2158/2158
f 2163/2163 2158/2158 2177/2177
f 2292/2292 2300/2300 2175/2175
f 2292/2292 2175/2175 2167/2167
f 2171/2171 2161/2161 2183/2183
f 2171/2171 2183/2183 2180/2180
f 2162/2162 2164/2164 1961/1961
f 2162/2162 1961/1961 2184/2184
f 2295/2295 2283/2283 2158/2158
f 2295/2295 2158/2158 2172/2172
f 2193/2193 2320/2320 2322/2322
f 2193/2193 2322/2322 2195/2195
f 2190/2190 2187/2187 2191/2191
f 2190/2190 2191/2191 2188/2188
f 2192/2192 2319/2319 2321/2321
f 2192/2192 2321/2321 2194/2194
f 2174/2174 2299/2299 2289/2289
f 2174/2174 2289/2289 2166/2166
f 2181/2181 2304/2304 2296/2296
f 2181/2181 2296/2296 2173/2173
f 2221/2221 2240/2240 2235/2235
f 2221/2221 2235/2235 2211/2211
f 2197/2197 2198/2198 2210/2210
f 2197/2197 2210/2210 2226/2226
f 2201/2201 2199/2199 2241/2241
f 2201/2201 2241/2241 2222/2222
f 2236/2236 2225/2225 2209/2209
f 2236/2236 2209/2209 2212/2212
f 2220/2220 2223/2223 2242/2242
f 2220/2220 2242/2242 2237/2237
f 2229/2229 2246/2246 2248/2248
f 2229/2229 2248/2248 2231/2231
f 2230/2230 2200/2200 2196/2196
f 2230/2230 2196/2196 2228/2228
f 2208/2208 2224/2224 2234/2234
f 2208/2208 2234/2234 2205/2205
f 2218/2218 2239/2239 2243/2243
f 2218/2218 2243/2243 2213/2213
f 2213/2213 2243/2243 2200/2200
f 2213/2213 2200/2200 2230/2230
f 2204/2204 2233/2233 2238/2238
f 2204/2204 2238/2238 2217/2217
f 2228/2228 2196/2196 2224/2224
f 2228/2228 2224/2224 2208/2208
f 2206/2206 2250/2250 2244/2244
f 2206/2206 2244/2244 2227/2227
f 2232/2232 2249/2249 2261/2261
f 2232/2232 2261/2261 2215/2215
f 2202/2202 2253/2253 2251/2251
f 2202/2202 2251/2251 2207/2207
f 2216/2216 2256/2256 2254/2254
f 2216/2216 2254/2254 2203/2203
f 2214/2214 2260/2260 2258/2258
f 2214/2214 2258/2258 2219/2219
f 2275/2275 2279/2279 2280/2280
f 2275/2275 2280/2280 2276/2276
f 2274/2274 2281/2281 2277/2277
f 2274/2274 2277/2277 2278/2278
f 2263/2263 2273/2273 2267/2267
f 2263/2263 2267/2267 2269/2269
f 2270/2270 2266/2266 2272/2272
f 2270/2270 2272/2272 2264/2264
f 2262/2262 2268/2268 2271/2271
f 2262/2262 2271/2271 2265/2265
f 2284/2284 2282/2282 2301/2301
f 2284/2284 2301/2301 2293/2293
f 2291/2291 2294/2294 2302/2302
f 2291/2291 2302/2302 2298/2298
f 2289/2289 2299/2299 2303/2303
f 2289/2289 2303/2303 2285/2285
f 2285/2285 2303/2303 2283/2283
f 2285/2285 2283/2283 2295/2295
f 2297/2297 2306/2306 2312/2312
f 2297/2297 2312/2312 2287/2287
f 2286/2286 2311/2311 2309/2309
f 2286/2286 2309/2309 2290/2290
f 2316/2316 2315/2315 2318/2318
f 2316/2316 2318/2318 2313/2313
f 2347/2347 2365/2365 2362/2362
f 2347/2347 2362/2362 2338/2338
f 2323/2323 2325/2325 2335/2335
f 2323/2323 2335/2335 2351/2351
f 2328/2328 2327/2327 2370/2370
f 2328/2328 2370/2370 2350/2350
f 2360/2360 2352/2352 2336/2336
f 2360/2360 2336/2336 2337/2337
f 2348/2348 2349/2349 2369/2369
f 2348/2348 2369/2369 2366/2366
f 2355/2355 1965/1965 1969/1969
f 2355/2355 1969/1969 2359/2359
f 2358/2358 2326/2326 2324/2324
f 2358/2358 2324/2324 2354/2354
f 2332/2332 2353/2353 2361/2361
f 2332/2332 2361/2361 2330/2330
f 2346/2346 2364/2364 2368/2368
f 2346/2346 2368/2368 2342/2342
f 2341/2341 2367/2367 2326/2326
f 2341/2341 2326/2326 2358/2358
f 2330/2330 2361/2361 2363/2363
f 2330/2330 2363/2363 2345/2345
f 2354/2354 2324/2324 2353/2353
f 2354/2354 2353/2353 2332/2332
f 2334/2334 1972/1972 1966/1966
f 2334/2334 1966/1966 2356/2356
f 2357/2357 1967/1967 1979/1979
f 2357/2357 1979/1979 2339/2339
f 2331/2331 1975/1975 1971/1971
f 2331/2331 1971/1971 2333/2333
f 2344/2344 1977/1977 1973/1973
f 2344/2344 1973/1973 2329/2329
f 2340/2340 1980/1980 1976/1976
f 2340/2340 1976/1976 2343/2343
f 2383/2383 2387/2387 2389/2389
f 2383/2383 2389/2389 2385/2385
f 2384/2384 2390/2390 2386/2386
f 2384/2384 2386/2386 2388/2388
f 2371/2371 2382/2382 2376/2376
f 2371/2371 2376/2376 2377/2377
f 2380/2380 2375/2375 2381/2381
f 2380/2380 2381/2381 2374/2374
f 2372/2372 2378/2378 2379/2379
f 2372/2372 2379/2379 2373/2373
f 2393/2393 2392/2392 2412/2412
f 2393/2393 2412/2412 2403/2403
f 2401/2401 2402/2402 2411/2411
f 2401/2401 2411/2411 2409/2409
f 2415/2415 2538/2538 1985/1985
f 1985/1985 2541/2541 2418/2418
f 2418/2418 2421/2421 2415/2415
f 1985/1985 2418/2418 2415/2415
f 2399/2399 2407/2407 2410/2410
f 2399/2399 2410/2410 2396/2396
f 2396/2396 2410/2410 2391/2391
f 2396/2396 2391/2391 2405/2405
f 2525/2525 2400/2400 2408/2408
f 2525/2525 2408/2408 2533/2533
f 2404/2404 2413/2413 2419/2419
f 2404/2404 2419/2419 2394/2394
f 2395/2395 2420/2420 2416/2416
f 2395/2395 2416/2416 2397/2397
f 2528/2528 2405/2405 2391/2391
f 2528/2528 2391/2391 2516/2516
f 2431/2431 2552/2552 2550/2550
f 2431/2431 2550/2550 2429/2429
f 2426/2426 2424/2424 2427/2427
f 2426/2426 2427/2427 2423/2423
f 2430/2430 2551/2551 2549/2549
f 2430/2430 2549/2549 2428/2428
f 2521/2521 2398/2398 2417/2417
f 2521/2521 2417/2417 2540/2540
f 2399/2399 2522/2522 2532/2532
f 2399/2399 2532/2532 2407/2407
f 2406/2406 2529/2529 2537/2537
f 2406/2406 2537/2537 2414/2414
f 2457/2457 2447/2447 2471/2471
f 2457/2457 2471/2471 2476/2476
f 2433/2433 2462/2462 2446/2446
f 2433/2433 2446/2446 2434/2434
f 2437/2437 2458/2458 2477/2477
f 2437/2437 2477/2477 2435/2435
f 2472/2472 2448/2448 2445/2445
f 2472/2472 2445/2445 2461/2461
f 2456/2456 2473/2473 2478/2478
f 2456/2456 2478/2478 2459/2459
f 2465/2465 2467/2467 1982/1982
f 2465/2465 1982/1982 2481/2481
f 2466/2466 2464/2464 2432/2432
f 2466/2466 2432/2432 2436/2436
f 2444/2444 2440/2440 2469/2469
f 2444/2444 2469/2469 2460/2460
f 2453/2453 2449/2449 2479/2479
f 2453/2453 2479/2479 2474/2474
f 2449/2449 2466/2466 2436/2436
f 2449/2449 2436/2436 2479/2479
f 2441/2441 2454/2454 2475/2475
f 2441/2441 2475/2475 2470/2470
f 2464/2464 2444/2444 2460/2460
f 2464/2464 2460/2460 2432/2432
f 2442/2442 2463/2463 2480/2480
f 2442/2442 2480/2480 2483/2483
f 2468/2468 2451/2451 2494/2494
f 2468/2468 2494/2494 1984/1984
f 2438/2438 2443/2443 2484/2484
f 2438/2438 2484/2484 2486/2486
f 2452/2452 2439/2439 2487/2487
f 2452/2452 2487/2487 2489/2489
f 2450/2450 2455/2455 2491/2491
f 2450/2450 2491/2491 2493/2493
f 2508/2508 2509/2509 2513/2513
f 2508/2508 2513/2513 2512/2512
f 2507/2507 2511/2511 2510/2510
f 2507/2507 2510/2510 2514/2514
f 2496/2496 2502/2502 2500/2500
f 2496/2496 2500/2500 2506/2506
f 2503/2503 2497/2497 2505/2505
f 2503/2503 2505/2505 2499/2499
f 2495/2495 2498/2498 2504/2504
f 2495/2495 2504/2504 2501/2501
f 2517/2517 2526/2526 2534/2534
f 2517/2517 2534/2534 2515/2515
f 2524/2524 2531/2531 2535/2535
f 2524/2524 2535/2535 2527/2527
f 2522/2522 2518/2518 2536/2536
f 2522/2522 2536/2536 2532/2532
f 2518/2518 2528/2528 2516/2516
f 2518/2518 2516/2516 2536/2536
f 2530/2530 2520/2520 1987/1987
f 2530/2530 1987/1987 2539/2539
f 2519/2519 2523/2523 2542/2542
f 2519/2519 2542/2542 1986/1986
f 2546/2546 2543/2543 2548/2548
f 2546/2546 2548/2548 2545/2545
f 2580/2580 2571/2571 2595/2595
f 2580/2580 2595/2595 2599/2599
f 2553/2553 2583/2583 2568/2568
f 2553/2553 2568/2568 2556/2556
f 2560/2560 2581/2581 2602/2602
f 2560/2560 2602/2602 2557/2557
f 2594/2594 2570/2570 2569/2569
f 2594/2594 2569/2569 2584/2584
f 2579/2579 2598/2598 2603/2603
f 2579/2579 2603/2603 2582/2582
f 2586/2586 2591/2591 2001/2001
f 2586/2586 2001/2001 1997/1997
f 2592/2592 2588/2588 2554/2554
f 2592/2592 2554/2554 2558/2558
f 2567/2567 2564/2564 2597/2597
f 2567/2567 2597/2597 2585/2585
f 2578/2578 2574/2574 2604/2604
f 2578/2578 2604/2604 2601/2601
f 2574/2574 2593/2593 2559/2559
f 2574/2574 2559/2559 2604/2604
f 2563/2563 2577/2577 2600/2600
f 2563/2563 2600/2600 2596/2596
f 2589/2589 2567/2567 2585/2585
f 2589/2589 2585/2585 2555/2555
f 2566/2566 2587/2587 1998/1998
f 2566/2566 1998/1998 2606/2606
f 2590/2590 2572/2572 2006/2006
f 2590/2590 2006/2006 2000/2000
f 2562/2562 2565/2565 2605/2605
f 2562/2562 2605/2605 2004/2004
f 2576/2576 2561/2561 2003/2003
f 2576/2576 2003/2003 2609/2609
f 2573/2573 2575/2575 2608/2608
f 2573/2573 2608/2608 2007/2007
f 2624/2624 2625/2625 2629/2629
f 2624/2624 2629/2629 2628/2628
f 2623/2623 2627/2627 2626/2626
f 2623/2623 2626/2626 2630/2630
f 2611/2611 2617/2617 2616/2616
f 2611/2611 2616/2616 2622/2622
f 2619/2619 2613/2613 2621/2621
f 2619/2619 2621/2621 2615/2615
f 2612/2612 2614/2614 2620/2620
f 2612/2612 2620/2620 2618/2618
f 2659/2659 2679/2679 2675/2675
f 2659/2659 2675/2675 2650/2650
f 2631/2631 2634/2634 2647/2647
f 2631/2631 2647/2647 2662/2662
f 2638/2638 2635/2635 2682/2682
f 2638/2638 2682/2682 2660/2660
f 2674/2674 2663/2663 2648/2648
f 2674/2674 2648/2648 2649/2649
f 2658/2658 2661/2661 2683/2683
f 2658/2658 2683/2683 2678/2678
f 2667/2667 2013/2013 2015/2015
f 2667/2667 2015/2015 2670/2670
f 2672/2672 2636/2636 2633/2633
f 2672/2672 2633/2633 2669/2669
f 2646/2646 2665/2665 2676/2676
f 2646/2646 2676/2676 2641/2641
f 2656/2656 2680/2680 2684/2684
f 2656/2656 2684/2684 2653/2653
f 2653/2653 2684/2684 2637/2637
f 2653/2653 2637/2637 2673/2673
f 2642/2642 2677/2677 2681/2681
f 2642/2642 2681/2681 2657/2657
f 2668/2668 2632/2632 2664/2664
f 2668/2668 2664/2664 2645/2645
f 2643/2643 2018/2018 2012/2012
f 2643/2643 2012/2012 2666/2666
f 2671/2671 2016/2016 2689/2689
f 2671/2671 2689/2689 2652/2652
f 2639/2639 2685/2685 2019/2019
f 2639/2639 2019/2019 2644/2644
f 2654/2654 2021/2021 2686/2686
f 2654/2654 2686/2686 2640/2640
f 2651/2651 2688/2688 2022/2022
f 2651/2651 2022/2022 2655/2655
f 2704/2704 2708/2708 2709/2709
f 2704/2704 2709/2709 2705/2705
f 2703/2703 2710/2710 2706/2706
f 2703/2703 2706/2706 2707/2707
f 2691/2691 2702/2702 2696/2696
f 2691/2691 2696/2696 2697/2697
f 2699/2699 2695/2695 2701/2701
f 2699/2699 2701/2701 2693/2693
f 2692/2692 2698/2698 2700/2700
f 2692/2692 2700/2700 2694/2694
f 2711/2711 2756/2756 2754/2754
f 2711/2711 2754/2754 2717/2717
f 2716/2716 2753/2753 2759/2759
f 2716/2716 2759/2759 2721/2721
f 2722/2722 2760/2760 2762/2762
f 2722/2722 2762/2762 2726/2726
f 2727/2727 2763/2763 2765/2765
f 2727/2727 2765/2765 2731/2731
f 2732/2732 2766/2766 2769/2769
f 2732/2732 2769/2769 2737/2737
f 2738/2738 2770/2770 2774/2774
f 2738/2738 2774/2774 2744/2744
f 2718/2718 2714/2714 2783/2783
f 2718/2718 2783/2783 2779/2779
f 2743/2743 2773/2773 2777/2777
f 2743/2743 2777/2777 2749/2749
f 2748/2748 2776/2776 2757/2757
f 2748/2748 2757/2757 2712/2712
f 2715/2715 2720/2720 2755/2755
f 2715/2715 2755/2755 2758/2758
f 2720/2720 2725/2725 2761/2761
f 2720/2720 2761/2761 2755/2755
f 2725/2725 2730/2730 2764/2764
f 2725/2725 2764/2764 2761/2761
f 2730/2730 2736/2736 2768/2768
f 2730/2730 2768/2768 2764/2764
f 2735/2735 2741/2741 2771/2771
f 2735/2735 2771/2771 2767/2767
f 2742/2742 2747/2747 2775/2775
f 2742/2742 2775/2775 2772/2772
f 2747/2747 2752/2752 2778/2778
f 2747/2747 2778/2778 2775/2775
f 2752/2752 2715/2715 2758/2758
f 2752/2752 2758/2758 2778/2778
f 2713/2713 2751/2751 2795/2795
f 2713/2713 2795/2795 2782/2782
f 2745/2745 2739/2739 2788/2788
f 2745/2745 2788/2788 2791/2791
f 2734/2734 2729/2729 2025/2025
f 2734/2734 2025/2025 2028/2028
f 2723/2723 2719/2719 2780/2780
f 2723/2723 2780/2780 2785/2785
f 2750/2750 2746/2746 2792/2792
f 2750/2750 2792/2792 2794/2794
f 2740/2740 2733/2733 2027/2027
f 2740/2740 2027/2027 2789/2789
f 2728/2728 2724/2724 2786/2786
f 2728/2728 2786/2786 2024/2024
f 2811/2811 2813/2813 2810/2810
f 2811/2811 2810/2810 2809/2809
f 2799/2799 2800/2800 2807/2807
f 2799/2799 2807/2807 2805/2805
f 2806/2806 2808/2808 2804/2804
f 2806/2806 2804/2804 2802/2802
f 2801/2801 2803/2803 2798/2798
f 2801/2801 2798/2798 2797/2797
f 2815/2815 2816/2816 2814/2814
f 2815/2815 2814/2814 2812/2812
f 2845/2845 2835/2835 2862/2862
f 2845/2845 2862/2862 2866/2866
f 2819/2819 2849/2849 2832/2832
f 2819/2819 2832/2832 2820/2820
f 2824/2824 2846/2846 2869/2869
f 2824/2824 2869/2869 2823/2823
f 2861/2861 2834/2834 2833/2833
f 2861/2861 2833/2833 2850/2850
f 2844/2844 2865/2865 2870/2870
f 2844/2844 2870/2870 2847/2847
f 2853/2853 2858/2858 2035/2035
f 2853/2853 2035/2035 2031/2031
f 2856/2856 2852/2852 2818/2818
f 2856/2856 2818/2818 2822/2822
f 2829/2829 2826/2826 2860/2860
f 2829/2829 2860/2860 2848/2848
f 2841/2841 2837/2837 2868/2868
f 2841/2841 2868/2868 2864/2864
f 2836/2836 2855/2855 2821/2821
f 2836/2836 2821/2821 2867/2867
f 2825/2825 2840/2840 2863/2863
f 2825/2825 2863/2863 2859/2859
f 2851/2851 2829/2829 2848/2848
f 2851/2851 2848/2848 2817/2817
f 2831/2831 2854/2854 2032/2032
f 2831/2831 2032/2032 2038/2038
f 2857/2857 2838/2838 2046/2046
f 2857/2857 2046/2046 2034/2034
f 2828/2828 2830/2830 2037/2037
f 2828/2828 2037/2037 2041/2041
f 2843/2843 2827/2827 2040/2040
f 2843/2843 2040/2040 2044/2044
f 2839/2839 2842/2842 2043/2043
f 2839/2839 2043/2043 2047/2047
f 2883/2883 2885/2885 2889/2889
f 2883/2883 2889/2889 2887/2887
f 2884/2884 2888/2888 2886/2886
f 2884/2884 2886/2886 2890/2890
f 2872/2872 2878/2878 2876/2876
f 2872/2872 2876/2876 2882/2882
f 2880/2880 2874/2874 2881/2881
f 2880/2880 2881/2881 2875/2875
f 2871/2871 2873/2873 2879/2879
f 2871/2871 2879/2879 2877/2877
f 2918/2918 2908/2908 2934/2934
f 2918/2918 2934/2934 2938/2938
f 2893/2893 2923/2923 2905/2905
f 2893/2893 2905/2905 2894/2894
f 2897/2897 2919/2919 2941/2941
f 2897/2897 2941/2941 2896/2896
f 2933/2933 2907/2907 2906/2906
f 2933/2933 2906/2906 2924/2924
f 2917/2917 2937/2937 2942/2942
f 2917/2917 2942/2942 2920/2920
f 2927/2927 2931/2931 2053/2053
f 2927/2927 2053/2053 2049/2049
f 2929/2929 2925/2925 2891/2891
f 2929/2929 2891/2891 2895/2895
f 2901/2901 2898/2898 2932/2932
f 2901/2901 2932/2932 2921/2921
f 2914/2914 2910/2910 2940/2940
f 2914/2914 2940/2940 2936/2936
f 2909/2909 2929/2929 2895/2895
f 2909/2909 2895/2895 2939/2939
f 2898/2898 2913/2913 2935/2935
f 2898/2898 2935/2935 2932/2932
f 2926/2926 2902/2902 2922/2922
f 2926/2926 2922/2922 2892/2892
f 2904/2904 2928/2928 2050/2050
f 2904/2904 2050/2050 2056/2056
f 2930/2930 2911/2911 2950/2950
f 2930/2930 2950/2950 2052/2052
f 2900/2900 2903/2903 2055/2055
f 2900/2900 2055/2055 2945/2945
f 2915/2915 2899/2899 2944/2944
f 2915/2915 2944/2944 2947/2947
f 2912/2912 2916/2916 2948/2948
f 2912/2912 2948/2948 2951/2951
f 2964/2964 2966/2966 2970/2970
f 2964/2964 2970/2970 2968/2968
f 2965/2965 2969/2969 2967/2967
f 2965/2965 2967/2967 2971/2971
f 2953/2953 2959/2959 2957/2957
f 2953/2953 2957/2957 2963/2963
f 2961/2961 2955/2955 2962/2962
f 2961/2961 2962/2962 2956/2956
f 2952/2952 2954/2954 2960/2960
f 2952/2952 2960/2960 2958/2958
f 3027/3027 3073/3073 3067/3067
f 3027/3027 3067/3067 3036/3036
f 2972/2972 2981/2981 2979/2979
f 2972/2972 2979/2979 2974/2974
f 3026/3026 2975/2975 3043/3043
f 3026/3026 3043/3043 2995/2995
f 2986/2986 2977/2977 2983/2983
f 2986/2986 2983/2983 2973/2973
f 2976/2976 2985/2985 2997/2997
f 2976/2976 2997/2997 3044/3044
f 3048/3048 3034/3034 3066/3066
f 3048/3048 3066/3066 3070/3070
f 2980/2980 2982/2982 2988/2988
f 2980/2980 2988/2988 2992/2992
f 2978/2978 3029/3029 2991/2991
f 2978/2978 2991/2991 2984/2984
f 3046/3046 3084/3084 2996/2996
f 2998/2998 3089/3089 3096/3096
f 2998/2998 3096/3096 3005/3005
f 3103/3103 3092/3092 3000/3000
f 3103/3103 3000/3000 1991/1991
f 1994/1994 3115/3115 3121/3121
f 1994/1994 3121/3121 3019/3019
f 3006/3006 3002/3002 2987/2987
f 3006/3006 2987/2987 2999/2999
f 3009/3009 3015/3015 3046/3046
f 3009/3009 3046/3046 2987/2987
f 1990/1990 2011/2011 3104/3104
f 1990/1990 3104/3104 1993/1993
f 2987/2987 3075/3075 3101/3101
f 2987/2987 3101/3101 3009/3009
f 3001/3001 3004/3004 1989/1989
f 3001/3001 1989/1989 1992/1992
f 3093/3093 3075/3075 2987/2987
f 3093/3093 2987/2987 3002/3002
f 3015/3015 3022/3022 3046/3046
f 3014/3014 3017/3017 1995/1995
f 3014/3014 1995/1995 3020/3020
f 3013/3013 3007/3007 3010/3010
f 3013/3013 3010/3010 3016/3016
f 3024/3024 3031/3031 3119/3119
f 3024/3024 3119/3119 3126/3126
f 3042/3042 3039/3039 3030/3030
f 3042/3042 3030/3030 3023/3023
f 3040/3040 3037/3037 3068/3068
f 3028/3028 3037/3037 2990/2990
f 2993/2993 2989/2989 3035/3035
f 2993/2993 3035/3035 3049/3049
f 3071/3071 3025/3025 2994/2994
f 3071/3071 2994/2994 3082/3082
f 3099/3099 3106/3106 3011/3011
f 3099/3099 3011/3011 3008/3008
f 3032/3032 3040/3040 3068/3068
f 3032/3032 3068/3068 3120/3120
f 3047/3047 3033/3033 3038/3038
f 3047/3047 3038/3038 3041/3041
f 3131/3131 3140/3140 3067/3067
f 3131/3131 3067/3067 3073/3073
f 3050/3050 3052/3052 3057/3057
f 3050/3050 3057/3057 3059/3059
f 3130/3130 3086/3086 3147/3147
f 3130/3130 3147/3147 3053/3053
f 3064/3064 3051/3051 3061/3061
f 3064/3064 3061/3061 3055/3055
f 3054/3054 3148/3148 3088/3088
f 3054/3054 3088/3088 3063/3063
f 3152/3152 3069/3069 3065/3065
f 3152/3152 3065/3065 3138/3138
f 3058/3058 3080/3080 3076/3076
f 3058/3058 3076/3076 3060/3060
f 3056/3056 3062/3062 3079/3079
f 3056/3056 3079/3079 3133/3133
f 3150/3150 3087/3087 3084/3084
f 3150/3150 3084/3084 3046/3046
f 3097/3097 3090/3090 3075/3075
f 3097/3097 3075/3075 3093/3093
f 3100/3100 3074/3074 3149/3149
f 3100/3100 3149/3149 3110/3110
f 3091/3091 3102/3102 2009/2009
f 3091/3091 2009/2009 3094/3094
f 3111/3111 3150/3150 3124/3124
f 3108/3108 3122/3122 3116/3116
f 3108/3108 3116/3116 3112/3112
f 3109/3109 3113/3113 3105/3105
f 3109/3109 3105/3105 3098/3098
f 3128/3128 3125/3125 3118/3118
f 3128/3128 3118/3118 3135/3135
f 3146/3146 3127/3127 3134/3134
f 3146/3146 3134/3134 3143/3143
f 3144/3144 3068/3068 3141/3141
f 3132/3132 3078/3078 3141/3141
f 3081/3081 3153/3153 3139/3139
f 3081/3081 3139/3139 3077/3077
f 3072/3072 3083/3083 3085/3085
f 3072/3072 3085/3085 3129/3129
f 3136/3136 3120/3120 3068/3068
f 3136/3136 3068/3068 3144/3144
f 3151/3151 3145/3145 3142/3142
f 3151/3151 3142/3142 3137/3137
f 3174/3174 3225/3225 3227/3227
f 3174/3174 3227/3227 3176/3176
f 3155/3155 3163/3163 3160/3160
f 3155/3155 3160/3160 3156/3156
f 3209/3209 3159/3159 3265/3265
f 3209/3209 3265/3265 3179/3179
f 3165/3165 3157/3157 3162/3162
f 3165/3165 3162/3162 3154/3154
f 3158/3158 3166/3166 3182/3182
f 3158/3158 3182/3182 3264/3264
f 3161/3161 3164/3164 3173/3173
f 3161/3161 3173/3173 3175/3175
f 3157/3157 3206/3206 3171/3171
f 3157/3157 3171/3171 3162/3162
f 3263/3263 3242/3242 3177/3177
f 3181/3181 3249/3249 3256/3256
f 3181/3181 3256/3256 3188/3188
f 3259/3259 3202/3202 3273/3273
f 3259/3259 3273/3273 3280/3280
f 3200/3200 2083/2083 3276/3276
f 3200/3200 3276/3276 3204/3204
f 3187/3187 3184/3184 3169/3169
f 3187/3187 3169/3169 3180/3180
f 3191/3191 3196/3196 3261/3261
f 3191/3191 3261/3261 3168/3168
f 2057/2057 2069/2069 2072/2072
f 2057/2057 2072/2072 2060/2060
f 3186/3186 3190/3190 2059/2059
f 3186/3186 2059/2059 2062/2062
f 3170/3170 3235/3235 3267/3267
f 3170/3170 3267/3267 3192/3192
f 3195/3195 3203/3203 3260/3260
f 3197/3197 2067/2067 3201/3201
f 3197/3197 3201/3201 3205/3205
f 3198/3198 3194/3194 2065/2065
f 3198/3198 2065/2065 2068/2068
f 3277/3277 3236/3236 3223/3223
f 3277/3277 3223/3223 3229/3229
f 3232/3232 3208/3208 3178/3178
f 3232/3232 3178/3178 3244/3244
f 3269/3269 2077/2077 2064/2064
f 3269/3269 2064/2064 3193/3193
f 3228/3228 3226/3226 3237/3237
f 3228/3228 3237/3237 3239/3239
f 3211/3211 3212/3212 3217/3217
f 3211/3211 3217/3217 3220/3220
f 3278/3278 3246/3246 3284/3284
f 3278/3278 3284/3284 3215/3215
f 3221/3221 3210/3210 3218/3218
f 3221/3221 3218/3218 3213/3213
f 3214/3214 3283/3283 3250/3250
f 3214/3214 3250/3250 3222/3222
f 3216/3216 3240/3240 3238/3238
f 3216/3216 3238/3238 3219/3219
f 3213/3213 3218/3218 3236/3236
f 3213/3213 3236/3236 3277/3277
f 3282/3282 3245/3245 3241/3241
f 3282/3282 3241/3241 3262/3262
f 3255/3255 3248/3248 3234/3234
f 3255/3255 3234/3234 3252/3252
f 3266/3266 3234/3234 3281/3281
f 3266/3266 3281/3281 3270/3270
f 3253/3253 2073/2073 2070/2070
f 3253/3253 2070/2070 3257/3257
f 3258/3258 2071/2071 2058/2058
f 3258/3258 2058/2058 3189/3189
f 3270/3270 3281/3281 3274/3274
f 3272/3272 3275/3275 2082/2082
f 3272/3272 2082/2082 2080/2080
f 3271/3271 2079/2079 2076/2076
f 3271/3271 2076/2076 3268/3268
f 3231/3231 3243/3243 3247/3247
f 3231/3231 3247/3247 3279/3279
f 3172/3172 3207/3207 3230/3230
f 3172/3172 3230/3230 3224/3224
f 3298/3298 3300/3300 3296/3296
f 3298/3298 3296/3296 3294/3294
f 3288/3288 3286/3286 3299/3299
f 3288/3288 3299/3299 3297/3297
f 3291/3291 3289/3289 3285/3285
f 3291/3291 3285/3285 3287/3287
f 3293/3293 3295/3295 3290/3290
f 3293/3293 3290/3290 3292/3292
f 3435/3435 3437/3437 3388/3388
f 3435/3435 3388/3388 3386/3386
f 3345/3345 3303/3303 3301/3301
f 3345/3345 3301/3301 3343/3343
f 3438/3438 3440/3440 3348/3348
f 3438/3438 3348/3348 3346/3346
f 3313/3313 3357/3357 3352/3352
f 3313/3313 3352/3352 3309/3309
f 3316/3316 3318/3318 3402/3402
f 3316/3316 3402/3402 3400/3400
f 3446/3446 3443/3443 3393/3393
f 3446/3446 3393/3393 3396/3396
f 3398/3398 3449/3449 3358/3358
f 3398/3398 3358/3358 3314/3314
f 3310/3310 3312/3312 3317/3317
f 3310/3310 3317/3317 3315/3315
f 3459/3459 3461/3461 3363/3363
f 3459/3459 3363/3363 3361/3361
f 3326/3326 3321/3321 3319/3319
f 3326/3326 3319/3319 3324/3324
f 3339/3339 3335/3335 3337/3337
f 3339/3339 3337/3337 3341/3341
f 3329/3329 3340/3340 3342/3342
f 3329/3329 3342/3342 3327/3327
f 3334/3334 3330/3330 3328/3328
f 3334/3334 3328/3328 3332/3332
f 3336/3336 3333/3333 3331/3331
f 3336/3336 3331/3331 3338/3338
f 3349/3349 3306/3306 3304/3304
f 3349/3349 3304/3304 3347/3347
f 3464/3464 3366/3366 3368/3368
f 3464/3464 3368/3368 3466/3466
f 3355/3355 3448/3448 3452/3452
f 3355/3355 3452/3452 3359/3359
f 3350/3350 3356/3356 3360/3360
f 3350/3350 3360/3360 3353/3353
f 3411/3411 3320/3320 3322/3322
f 3411/3411 3322/3322 3413/3413
f 3414/3414 3416/3416 3325/3325
f 3414/3414 3325/3325 3323/3323
f 3367/3367 3365/3365 3362/3362
f 3367/3367 3362/3362 3364/3364
f 3382/3382 3378/3378 3380/3380
f 3382/3382 3380/3380 3384/3384
f 3372/3372 3381/3381 3383/3383
f 3372/3372 3383/3383 3370/3370
f 3375/3375 3371/3371 3369/3369
f 3375/3375 3369/3369 3373/3373
f 3377/3377 3376/3376 3374/3374
f 3377/3377 3374/3374 3379/3379
f 3441/3441 3439/3439 3389/3389
f 3441/3441 3389/3389 3391/3391
f 3436/3436 3434/3434 3385/3385
f 3436/3436 3385/3385 3387/3387
f 3344/3344 3302/3302 3388/3388
f 3344/3344 3388/3388 3437/3437
f 3354/3354 3311/3311 3308/3308
f 3354/3354 3308/3308 3351/3351
f 3394/3394 3444/3444 3455/3455
f 3394/3394 3455/3455 3404/3404
f 3407/3407 3401/3401 3403/3403
f 3407/3407 3403/3403 3409/3409
f 3405/3405 3456/3456 3450/3450
f 3405/3405 3450/3450 3399/3399
f 3395/3395 3406/3406 3408/3408
f 3395/3395 3408/3408 3397/3397
f 3417/3417 3415/3415 3410/3410
f 3417/3417 3410/3410 3412/3412
f 3430/3430 3432/3432 3428/3428
f 3430/3430 3428/3428 3426/3426
f 3420/3420 3418/3418 3433/3433
f 3420/3420 3433/3433 3431/3431
f 3425/3425 3423/3423 3419/3419
f 3425/3425 3419/3419 3421/3421
f 3427/3427 3429/3429 3422/3422
f 3427/3427 3422/3422 3424/3424
f 3453/3453 3457/3457 3451/3451
f 3453/3453 3451/3451 3447/3447
f 3442/3442 3445/3445 3458/3458
f 3442/3442 3458/3458 3454/3454
f 3465/3465 3462/3462 3460/3460
f 3465/3465 3460/3460 3463/3463
f 3483/3483 3517/3517 3519/3519
f 3483/3483 3519/3519 3485/3485
f 3480/3480 3482/3482 3478/3478
f 3480/3480 3478/3478 3476/3476
f 3470/3470 3468/3468 3481/3481
f 3470/3470 3481/3481 3479/3479
f 3473/3473 3471/3471 3467/3467
f 3473/3473 3467/3467 3469/3469
f 3475/3475 3477/3477 3472/3472
f 3475/3475 3472/3472 3474/3474
f 3518/3518 3520/3520 3486/3486
f 3518/3518 3486/3486 3484/3484
f 3523/3523 3529/3529 3495/3495
f 3523/3523 3495/3495 3489/3489
f 3497/3497 3492/3492 3494/3494
f 3497/3497 3494/3494 3500/3500
f 3490/3490 3496/3496 3499/3499
f 3490/3490 3499/3499 3487/3487
f 3532/3532 3527/3527 3493/3493
f 3532/3532 3493/3493 3498/3498
f 3514/3514 3510/3510 3512/3512
f 3514/3514 3512/3512 3516/3516
f 3504/3504 3513/3513 3515/3515
f 3504/3504 3515/3515 3502/3502
f 3507/3507 3503/3503 3501/3501
f 3507/3507 3501/3501 3505/3505
f 3509/3509 3508/3508 3506/3506
f 3509/3509 3506/3506 3511/3511
f 3531/3531 3534/3534 3528/3528
f 3531/3531 3528/3528 3526/3526
f 3524/3524 3521/3521 3533/3533
f 3524/3524 3533/3533 3530/3530
f 3569/3569 3584/3584 3578/3578
f 3569/3569 3578/3578 3563/3563
f 3542/3542 3538/3538 3547/3547
f 3542/3542 3547/3547 3544/3544
f 3553/3553 3558/3558 3561/3561
f 3553/3553 3561/3561 3549/3549
f 3597/3597 3611/3611 3608/3608
f 3597/3597 3608/3608 3592/3592
f 3570/3570 3566/3566 3575/3575
f 3570/3570 3575/3575 3572/3572
f 3581/3581 3586/3586 3589/3589
f 3581/3581 3589/3589 3577/3577
f 3623/3623 3638/3638 3636/3636
f 3623/3623 3636/3636 3621/3621
f 3598/3598 3594/3594 3603/3603
f 3598/3598 3603/3603 3600/3600
f 3609/3609 3614/3614 3617/3617
f 3609/3609 3617/3617 3605/3605
f 3652/3652 3668/3668 3663/3663
f 3652/3652 3663/3663 3649/3649
f 3626/3626 3622/3622 3631/3631
f 3626/3626 3631/3631 3628/3628
f 3637/3637 3642/3642 3645/3645
f 3637/3637 3645/3645 3633/3633
f 3681/3681 3696/3696 3690/3690
f 3681/3681 3690/3690 3675/3675
f 3654/3654 3650/3650 3659/3659
f 3654/3654 3659/3659 3656/3656
f 3665/3665 3670/3670 3673/3673
f 3665/3665 3673/3673 3661/3661
f 3708/3708 3724/3724 3719/3719
f 3708/3708 3719/3719 3705/3705
f 3682/3682 3678/3678 3687/3687
f 3682/3682 3687/3687 3684/3684
f 3693/3693 3698/3698 3701/3701
f 3693/3693 3701/3701 3689/3689
f 3710/3710 3706/3706 3715/3715
f 3710/3710 3715/3715 3712/3712
f 3721/3721 3726/3726 3729/3729
f 3721/3721 3729/3729 3717/3717
f 3535/3535 3551/3551 3740/3740
f 3535/3535 3740/3740 3731/3731
f 3539/3539 3543/3543 3735/3735
f 3539/3539 3735/3735 3733/3733
f 3554/3554 3540/3540 3734/3734
f 3554/3554 3734/3734 3741/3741
f 3564/3564 3580/3580 3756/3756
f 3564/3564 3756/3756 3747/3747
f 3546/3546 3537/3537 3732/3732
f 3546/3546 3732/3732 3737/3737
f 3545/3545 3548/3548 3738/3738
f 3545/3545 3738/3738 3736/3736
f 3559/3559 3556/3556 3742/3742
f 3559/3559 3742/3742 3744/3744
f 3550/3550 3562/3562 3746/3746
f 3550/3550 3746/3746 3739/3739
f 3560/3560 3557/3557 3743/3743
f 3560/3560 3743/3743 3745/3745
f 3567/3567 3571/3571 3751/3751
f 3567/3567 3751/3751 3749/3749
f 3582/3582 3568/3568 3750/3750
f 3582/3582 3750/3750 3757/3757
f 3591/3591 3607/3607 3772/3772
f 3591/3591 3772/3772 3763/3763
f 3574/3574 3565/3565 3748/3748
f 3574/3574 3748/3748 3753/3753
f 3573/3573 3576/3576 3754/3754
f 3573/3573 3754/3754 3752/3752
f 3587/3587 3583/3583 3758/3758
f 3587/3587 3758/3758 3760/3760
f 3579/3579 3590/3590 3762/3762
f 3579/3579 3762/3762 3755/3755
f 3588/3588 3585/3585 3759/3759
f 3588/3588 3759/3759 3761/3761
f 3595/3595 3599/3599 3767/3767
f 3595/3595 3767/3767 3765/3765
f 3610/3610 3596/3596 3766/3766
f 3610/3610 3766/3766 3773/3773
f 3620/3620 3635/3635 3788/3788
f 3620/3620 3788/3788 3780/3780
f 3602/3602 3593/3593 3764/3764
f 3602/3602 3764/3764 3769/3769
f 3601/3601 3604/3604 3770/3770
f 3601/3601 3770/3770 3768/3768
f 3615/3615 3612/3612 3774/3774
f 3615/3615 3774/3774 3776/3776
f 3606/3606 3618/3618 3778/3778
f 3606/3606 3778/3778 3771/3771
f 3616/3616 3613/3613 3775/3775
f 3616/3616 3775/3775 3777/3777
f 3625/3625 3627/3627 3783/3783
f 3625/3625 3783/3783 3782/3782
f 3639/3639 3624/3624 3781/3781
f 3639/3639 3781/3781 3789/3789
f 3648/3648 3662/3662 3803/3803
f 3648/3648 3803/3803 3796/3796
f 3630/3630 3619/3619 3779/3779
f 3630/3630 3779/3779 3785/3785
f 3629/3629 3632/3632 3786/3786
f 3629/3629 3786/3786 3784/3784
f 3643/3643 3640/3640 3790/3790
f 3643/3643 3790/3790 3792/3792
f 3634/3634 3646/3646 3794/3794
f 3634/3634 3794/3794 3787/3787
f 3644/3644 3641/3641 3791/3791
f 3644/3644 3791/3791 3793/3793
f 3653/3653 3655/3655 3799/3799
f 3653/3653 3799/3799 3798/3798
f 3667/3667 3651/3651 3797/3797
f 3667/3667 3797/3797 3806/3806
f 3677/3677 3691/3691 3819/3819
f 3677/3677 3819/3819 3812/3812
f 3658/3658 3647/3647 3795/3795
f 3658/3658 3795/3795 3801/3801
f 3657/3657 3660/3660 3802/3802
f 3657/3657 3802/3802 3800/3800
f 3671/3671 3666/3666 3805/3805
f 3671/3671 3805/3805 3808/3808
f 3664/3664 3674/3674 3810/3810
f 3664/3664 3810/3810 3804/3804
f 3672/3672 3669/3669 3807/3807
f 3672/3672 3807/3807 3809/3809
f 3680/3680 3683/3683 3815/3815
f 3680/3680 3815/3815 3814/3814
f 3695/3695 3679/3679 3813/3813
f 3695/3695 3813/3813 3822/3822
f 3704/3704 3718/3718 3835/3835
f 3704/3704 3835/3835 3828/3828
f 3686/3686 3676/3676 3811/3811
f 3686/3686 3811/3811 3817/3817
f 3685/3685 3688/3688 3818/3818
f 3685/3685 3818/3818 3816/3816
f 3699/3699 3694/3694 3821/3821
f 3699/3699 3821/3821 3824/3824
f 3692/3692 3702/3702 3826/3826
f 3692/3692 3826/3826 3820/3820
f 3700/3700 3697/3697 3823/3823
f 3700/3700 3823/3823 3825/3825
f 3709/3709 3711/3711 3831/3831
f 3709/3709 3831/3831 3830/3830
f 3723/3723 3707/3707 3829/3829
f 3723/3723 3829/3829 3838/3838
f 3714/3714 3703/3703 3827/3827
f 3714/3714 3827/3827 3833/3833
f 3713/3713 3716/3716 3834/3834
f 3713/3713 3834/3834 3832/3832
f 3727/3727 3722/3722 3837/3837
f 3727/3727 3837/3837 3840/3840
f 3720/3720 3730/3730 3842/3842
f 3720/3720 3842/3842 3836/3836
f 3728/3728 3725/3725 3839/3839
f 3728/3728 3839/3839 3841/3841
f 3902/3902 3862/3862 3858/3858
f 3902/3902 3858/3858 3898/3898
f 3855/3855 3851/3851 3844/3844
f 3855/3855 3844/3844 3850/3850
f 3916/3916 3876/3876 3870/3870
f 3916/3916 3870/3870 3910/3910
f 3868/3868 3864/3864 3857/3857
f 3868/3868 3857/3857 3861/3861
f 3882/3882 3878/3878 3869/3869
f 3882/3882 3869/3869 3875/3875
f 3895/3895 3890/3890 3884/3884
f 3895/3895 3884/3884 3891/3891
f 3908/3908 3901/3901 3897/3897
f 3908/3908 3897/3897 3904/3904
f 3922/3922 3915/3915 3909/3909
f 3922/3922 3909/3909 3918/3918
f 3889/3889 3849/3849 3843/3843
f 3889/3889 3843/3843 3883/3883
f 3846/3846 3853/3853 3928/3928
f 3846/3846 3928/3928 3924/3924
f 3854/3854 3847/3847 3925/3925
f 3854/3854 3925/3925 3929/3929
f 3852/3852 3856/3856 3930/3930
f 3852/3852 3930/3930 3927/3927
f 3859/3859 3865/3865 3934/3934
f 3859/3859 3934/3934 3931/3931
f 3866/3866 3860/3860 3932/3932
f 3866/3866 3932/3932 3935/3935
f 3863/3863 3867/3867 3936/3936
f 3863/3863 3936/3936 3933/3933
f 3872/3872 3879/3879 3942/3942
f 3872/3872 3942/3942 3938/3938
f 3880/3880 3873/3873 3939/3939
f 3880/3880 3939/3939 3943/3943
f 3877/3877 3881/3881 3944/3944
f 3877/3877 3944/3944 3941/3941
f 3886/3886 3845/3845 3923/3923
f 3886/3886 3923/3923 3946/3946
f 3848/3848 3888/3888 3948/3948
f 3848/3848 3948/3948 3926/3926
f 3893/3893 3885/3885 3945/3945
f 3893/3893 3945/3945 3950/3950
f 3887/3887 3894/3894 3951/3951
f 3887/3887 3951/3951 3947/3947
f 3896/3896 3892/3892 3949/3949
f 3896/3896 3949/3949 3952/3952
f 3899/3899 3859/3859 3931/3931
f 3899/3899 3931/3931 3953/3953
f 3860/3860 3900/3900 3954/3954
f 3860/3860 3954/3954 3932/3932
f 3905/3905 3899/3899 3953/3953
f 3905/3905 3953/3953 3956/3956
f 3900/3900 3906/3906 3957/3957
f 3900/3900 3957/3957 3954/3954
f 3907/3907 3903/3903 3955/3955
f 3907/3907 3955/3955 3958/3958
f 3911/3911 3871/3871 3937/3937
f 3911/3911 3937/3937 3959/3959
f 3874/3874 3913/3913 3961/3961
f 3874/3874 3961/3961 3940/3940
f 3919/3919 3912/3912 3960/3960
f 3919/3919 3960/3960 3964/3964
f 3914/3914 3920/3920 3965/3965
f 3914/3914 3965/3965 3962/3962
f 3921/3921 3917/3917 3963/3963
f 3921/3921 3963/3963 3966/3966
f 3541/3541 3555/3555 3552/3552
f 3541/3541 3552/3552 3536/3536
f 15/15 3970/3970 3967/3967
f 15/15 3967/3967 3/3
f 3976/3976 6/6 3968/3968
f 3976/3976 3968/3968 3980/3980
f 3984/3984 3987/3987 64/64
f 3984/3984 64/64 52/52
f 13/13 35/35 3981/3981
f 13/13 3981/3981 3969/3969
f 37/37 3971/3971 3978/3978
f 37/37 3978/3978 3982/3982
f 3976/3976 3980/3980 3979/3979
f 3976/3976 3979/3979 3973/3973
f 3983/3983 50/50 54/54
f 3983/3983 54/54 3985/3985
f 3986/3986 3988/3988 3989/3989
f 3986/3986 3989/3989 62/62
f 3991/3991 3993/3993 3997/3997
f 3991/3991 3997/3997 3996/3996
f 4004/4004 4006/4006 4003/4003
f 4004/4004 4003/4003 4000/4000
f 3999/3999 4002/4002 3995/3995
f 3999/3999 3995/3995 3992/3992
f 4005/4005 3998/3998 3994/3994
f 4005/4005 3994/3994 4001/4001
f 4007/4007 4009/4009 4013/4013
f 4007/4007 4013/4013 4012/4012
f 4020/4020 4022/4022 4019/4019
f 4020/4020 4019/4019 4016/4016
f 4015/4015 4017/4017 4010/4010
f 4015/4015 4010/4010 4008/4008
f 4021/4021 4014/4014 4011/4011
f 4021/4021 4011/4011 4018/4018
f 4023/4023 4025/4025 4029/4029
f 4023/4023 4029/4029 4028/4028
f 4036/4036 4038/4038 4035/4035
f 4036/4036 4035/4035 4032/4032
f 4031/4031 4033/4033 4026/4026
f 4031/4031 4026/4026 4024/4024
f 4037/4037 4030/4030 4027/4027
f 4037/4037 4027/4027 4034/4034
f 4039/4039 4041/4041 4045/4045
f 4039/4039 4045/4045 4044/4044
f 4052/4052 4053/4053 4049/4049
f 4052/4052 4049/4049 4047/4047
f 4048/4048 4051/4051 4043/4043
f 4048/4048 4043/4043 4040/4040
f 4054/4054 4046/4046 4042/4042
f 4054/4054 4042/4042 4050/4050
f 4055/4055 4057/4057 4061/4061
f 4055/4055 4061/4061 4060/4060
f 4068/4068 4070/4070 4067/4067
f 4068/4068 4067/4067 4064/4064
f 4063/4063 4065/4065 4058/4058
f 4063/4063 4058/4058 4056/4056
f 4069/4069 4062/4062 4059/4059
f 4069/4069 4059/4059 4066/4066
f 4072/4072 4075/4075 4078/4078
f 4072/4072 4078/4078 4076/4076
f 4084/4084 4085/4085 4081/4081
f 4084/4084 4081/4081 4079/4079
f 4080/4080 4082/4082 4073/4073
f 4080/4080 4073/4073 4071/4071
f 4086/4086 4077/4077 4074/4074
f 4086/4086 4074/4074 4083/4083
f 4088/4088 4091/4091 4094/4094
f 4088/4088 4094/4094 4092/4092
f 4100/4100 4101/4101 4097/4097
f 4100/4100 4097/4097 4095/4095
f 4096/4096 4098/4098 4089/4089
f 4096/4096 4089/4089 4087/4087
f 4102/4102 4093/4093 4090/4090
f 4102/4102 4090/4090 4099/4099
f 4104/4104 4107/4107 4110/4110
f 4104/4104 4110/4110 4108/4108
f 4116/4116 4117/4117 4113/4113
f 4116/4116 4113/4113 4111/4111
f 4112/4112 4115/4115 4106/4106
f 4112/4112 4106/4106 4103/4103
f 4118/4118 4109/4109 4105/4105
f 4118/4118 4105/4105 4114/4114
f 4120/4120 4123/4123 4126/4126
f 4120/4120 4126/4126 4124/4124
f 4132/4132 4133/4133 4129/4129
f 4132/4132 4129/4129 4127/4127
f 4128/4128 4131/4131 4122/4122
f 4128/4128 4122/4122 4119/4119
f 4134/4134 4125/4125 4121/4121
f 4134/4134 4121/4121 4130/4130
f 4135/4135 4137/4137 4141/4141
f 4135/4135 4141/4141 4140/4140
f 4148/4148 4149/4149 4145/4145
f 4148/4148 4145/4145 4143/4143
f 4144/4144 4147/4147 4139/4139
f 4144/4144 4139/4139 4136/4136
f 4150/4150 4142/4142 4138/4138
f 4150/4150 4138/4138 4146/4146
f 4152/4152 4155/4155 4158/4158
f 4152/4152 4158/4158 4156/4156
f 4164/4164 4166/4166 4163/4163
f 4164/4164 4163/4163 4160/4160
f 4159/4159 4161/4161 4153/4153
f 4159/4159 4153/4153 4151/4151
f 4165/4165 4157/4157 4154/4154
f 4165/4165 4154/4154 4162/4162
f 4168/4168 4171/4171 4174/4174
f 4168/4168 4174/4174 4172/4172
f 4180/4180 4182/4182 4179/4179
f 4180/4180 4179/4179 4176/4176
f 4175/4175 4177/4177 4169/4169
f 4175/4175 4169/4169 4167/4167
f 4181/4181 4173/4173 4170/4170
f 4181/4181 4170/4170 4178/4178
f 4184/4184 4187/4187 4190/4190
f 4184/4184 4190/4190 4188/4188
f 4196/4196 4198/4198 4195/4195
f 4196/4196 4195/4195 4192/4192
f 4191/4191 4193/4193 4185/4185
f 4191/4191 4185/4185 4183/4183
f 4197/4197 4189/4189 4186/4186
f 4197/4197 4186/4186 4194/4194
f 4200/4200 4203/4203 4206/4206
f 4200/4200 4206/4206 4204/4204
f 4212/4212 4214/4214 4211/4211
f 4212/4212 4211/4211 4208/4208
f 4207/4207 4209/4209 4201/4201
f 4207/4207 4201/4201 4199/4199
f 4213/4213 4205/4205 4202/4202
f 4213/4213 4202/4202 4210/4210
f 4216/4216 4221/4221 4223/4223
f 4216/4216 4223/4223 4217/4217
f 4218/4218 4224/4224 4230/4230
f 4218/4218 4230/4230 4226/4226
f 4219/4219 4215/4215 4225/4225
f 4219/4219 4225/4225 4227/4227
f 4222/4222 4220/4220 4228/4228
f 4222/4222 4228/4228 4229/4229
f 4232/4232 4235/4235 4238/4238
f 4232/4232 4238/4238 4236/4236
f 4231/4231 4256/4256 4259/4259
f 4231/4231 4259/4259 4234/4234
f 4239/4239 4242/4242 4248/4248
f 4239/4239 4248/4248 4244/4244
f 4241/4241 4250/4250 4253/4253
f 4241/4241 4253/4253 4246/4246
f 4245/4245 4252/4252 4249/4249
f 4245/4245 4249/4249 4240/4240
f 4247/4247 4254/4254 4251/4251
f 4247/4247 4251/4251 4243/4243
f 4255/4255 4260/4260 4261/4261
f 4255/4255 4261/4261 4257/4257
f 4264/4264 4265/4265 4271/4271
f 4264/4264 4271/4271 4269/4269
f 4266/4266 4274/4274 4278/4278
f 4266/4266 4278/4278 4272/4272
f 4267/4267 4275/4275 4273/4273
f 4267/4267 4273/4273 4263/4263
f 4270/4270 4277/4277 4276/4276
f 4270/4270 4276/4276 4268/4268
f 4280/4280 4284/4284 4286/4286
f 4280/4280 4286/4286 4283/4283
f 4282/4282 4307/4307 4304/4304
f 4282/4282 4304/4304 4279/4279
f 4287/4287 4292/4292 4296/4296
f 4287/4287 4296/4296 4290/4290
f 4289/4289 4294/4294 4301/4301
f 4289/4289 4301/4301 4298/4298
f 4293/4293 4288/4288 4297/4297
f 4293/4293 4297/4297 4300/4300
f 4295/4295 4291/4291 4299/4299
f 4295/4295 4299/4299 4302/4302
f 4303/4303 4305/4305 4309/4309
f 4303/4303 4309/4309 4308/4308
f 4313/4313 4322/4322 4320/4320
f 4313/4313 4320/4320 4316/4316
f 4325/4325 4311/4311 4315/4315
f 4325/4325 4315/4315 4318/4318
f 4321/4321 4324/4324 4317/4317
f 4321/4321 4317/4317 4319/4319
f 4329/4329 4338/4338 4336/4336
f 4329/4329 4336/4336 4332/4332
f 4341/4341 4327/4327 4331/4331
f 4341/4341 4331/4331 4334/4334
f 4337/4337 4340/4340 4333/4333
f 4337/4337 4333/4333 4335/4335
f 4339/4339 4330/4330 4328/4328
f 4339/4339 4328/4328 4342/4342
f 4323/4323 4314/4314 4312/4312
f 4323/4323 4312/4312 4326/4326
f 4345/4345 4353/4353 4351/4351
f 4345/4345 4351/4351 4348/4348
f 4356/4356 4343/4343 4347/4347
f 4356/4356 4347/4347 4349/4349
f 4355/4355 4358/4358 4350/4350
f 4355/4355 4350/4350 4352/4352
f 4354/4354 4346/4346 4344/4344
f 4354/4354 4344/4344 4357/4357
f 4361/4361 4369/4369 4367/4367
f 4361/4361 4367/4367 4364/4364
f 4372/4372 4359/4359 4363/4363
f 4372/4372 4363/4363 4365/4365
f 4371/4371 4374/4374 4366/4366
f 4371/4371 4366/4366 4368/4368
f 4370/4370 4362/4362 4360/4360
f 4370/4370 4360/4360 4373/4373
f 4258/4258 4262/4262 4237/4237
f 4258/4258 4237/4237 4233/4233
f 4306/4306 4281/4281 4285/4285
f 4306/4306 4285/4285 4310/4310
f 2189/2189 2317/2317 2314/2314
f 2189/2189 2314/2314 2186/2186
f 2422/2422 2544/2544 2547/2547
f 2422/2422 2547/2547 2425/2425
f 3251/3251 3233/3233 3167/3167
f 3251/3251 3167/3167 3183/3183
f 3390/3390 3305/3305 3307/3307
f 3390/3390 3307/3307 3392/3392
f 3488/3488 3522/3522 3525/3525
f 3488/3488 3525/3525 3491/3491

